country_name;regime_type;election_date;election_year;party_name_english;party_name;party_name_short;vote_share;seats;seats_total;far_right;farright_start;farright_end;farright_startnobl;farright_endnobl;in_parliament
Ireland;Full democracy;1989-06-15;1989.0;Fianna Fail;;;44.15;77.0;166.0;not far-right;;;;;
Ireland;Full democracy;1989-06-15;1989.0;Fine Gael (Family of the Irish);;;29.29;55.0;166.0;not far-right;;;;;
Ireland;Full democracy;1989-06-15;1989.0;Labour Party;;;9.48;15.0;166.0;not far-right;;;;;
Ireland;Full democracy;1989-06-15;1989.0;We Ourselves;Sinn Féin;SF;4.97;7.0;166.0;not far-right;2100.0;2100.0;2100.0;2100.0;1.0
Ireland;Full democracy;1989-06-15;1989.0;Progressive Democrats;;;5.49;6.0;166.0;not far-right;;;;;
Ireland;Full democracy;1989-06-15;1989.0;no party affiliation;;;;4.0;166.0;not far-right;;;;;
Ireland;Full democracy;1989-06-15;1989.0;Green Party;;;1.5;1.0;166.0;not far-right;;;;;
Ireland;Full democracy;1989-06-15;1989.0;Democratic Socialist Party (Netherlands);;;0.59;1.0;166.0;not far-right;;;;;
Ireland;Full democracy;1989-06-15;1989.0;We Ourselves;Sinn Féin;SF;1.21;0.0;166.0;not far-right;2100.0;2100.0;2100.0;2100.0;1.0
Greece;Full democracy;1989-06-18;1989.0;New Democracy;;;44.3;145.0;300.0;not far-right;;;;;
Greece;Full democracy;1989-06-18;1989.0;Panhellenic Socialist Movement;;;39.1;125.0;300.0;not far-right;;;;;
Greece;Full democracy;1989-06-18;1989.0;Coalition of the Left;;;13.1;28.0;300.0;not far-right;;;;;
Greece;Full democracy;1989-06-18;1989.0;Independent Muslim Lists;;;0.52;1.0;300.0;not far-right;;;;;
Greece;Full democracy;1989-06-18;1989.0;Democratic Renewal;;;1.0;1.0;300.0;not far-right;;;;;
Luxembourg;Full democracy;1989-06-18;1989.0;Christian Social People's Party;;;31.66;22.0;60.0;not far-right;;;;;
Luxembourg;Full democracy;1989-06-18;1989.0;Luxembourg Socialist Workers' Party;;;27.21;18.0;60.0;not far-right;;;;;
Luxembourg;Full democracy;1989-06-18;1989.0;Democratic Party;;;16.16;11.0;60.0;not far-right;;;;;
Luxembourg;Full democracy;1989-06-18;1989.0;Action Committee Pensions | Alternative Democratic Reform Party;;;7.29;4.0;60.0;not far-right;;;;;
Luxembourg;Full democracy;1989-06-18;1989.0;The Greens;;;4.16;2.0;60.0;not far-right;;;;;
Luxembourg;Full democracy;1989-06-18;1989.0;Green Left Ecological Initiative;;;4.22;2.0;60.0;not far-right;;;;;
Luxembourg;Full democracy;1989-06-18;1989.0;Communist Party of Luxembourg;Kommunistesch Partei Lëtzebuerg;KPL;5.1;1.0;60.0;not far-right;2100.0;2100.0;2100.0;2100.0;0.0
Luxembourg;Full democracy;1989-06-18;1989.0;National Movement;National Bewegong;NB;2.66;0.0;60.0;far-right;1900.0;2100.0;1900.0;2100.0;0.0
Poland;Flawed democracy;1989-06-18;1989.0;Polish United Workers' Party;;;;173.0;460.0;not far-right;;;;;
Poland;Flawed democracy;1989-06-18;1989.0;Solidarnosc;;;;161.0;460.0;not far-right;;;;;
Poland;Flawed democracy;1989-06-18;1989.0;United People's Party;;;;76.0;460.0;not far-right;;;;;
Poland;Flawed democracy;1989-06-18;1989.0;Democratic Party;;;;27.0;460.0;not far-right;;;;;
Poland;Flawed democracy;1989-06-18;1989.0;no party affiliation;;;;23.0;460.0;not far-right;;;;;
Netherlands;Full democracy;1989-09-06;1989.0;Christian Democratic Appeal;;;35.31;54.0;150.0;not far-right;;;;;
Netherlands;Full democracy;1989-09-06;1989.0;Labour Party;;;31.88;49.0;150.0;not far-right;;;;;
Netherlands;Full democracy;1989-09-06;1989.0;People's Party for Freedom and Democracy;;;14.57;22.0;150.0;not far-right;;;;;
Netherlands;Full democracy;1989-09-06;1989.0;Democrats 66;;;7.89;12.0;150.0;not far-right;;;;;
Netherlands;Full democracy;1989-09-06;1989.0;GreenLeft;;;4.07;6.0;150.0;not far-right;;;;;
Netherlands;Full democracy;1989-09-06;1989.0;Political Reformed Party;;;1.87;3.0;150.0;not far-right;;;;;
Netherlands;Full democracy;1989-09-06;1989.0;Reformed Political League;;;1.23;2.0;150.0;not far-right;;;;;
Netherlands;Full democracy;1989-09-06;1989.0;Centre Democrats;Centrum Democraten;CD;0.92;1.0;150.0;far-right;1900.0;2100.0;1900.0;2100.0;0.0
Netherlands;Full democracy;1989-09-06;1989.0;Reformatory Political Federation;;;0.96;1.0;150.0;not far-right;;;;;
Netherlands;Full democracy;1989-09-06;1989.0;Socialist Party (Netherlands);Socialistiese Partij;SP;0.44;0.0;150.0;not far-right;2100.0;2100.0;2100.0;2100.0;1.0
Norway;Full democracy;1989-09-11;1989.0;Norwegian Labour Party;;;34.3;63.0;165.0;not far-right;;;;;
Norway;Full democracy;1989-09-11;1989.0;Conservative Party;;;22.2;37.0;165.0;not far-right;;;;;
Norway;Full democracy;1989-09-11;1989.0;Progress Party;Fremskrittspartiet;FrP;13.0;22.0;165.0;far-right;1900.0;2100.0;2100.0;2100.0;1.0
Norway;Full democracy;1989-09-11;1989.0;Socialist Left Party;Sosialistisk Venstreparti;SV;10.1;17.0;165.0;not far-right;2100.0;2100.0;2100.0;2100.0;1.0
Norway;Full democracy;1989-09-11;1989.0;Christian Democratic Party;;;8.5;14.0;165.0;not far-right;;;;;
Norway;Full democracy;1989-09-11;1989.0;Centre Party;Senterpartiet;Sp;6.5;11.0;165.0;not far-right;2100.0;2100.0;2100.0;2100.0;1.0
Norway;Full democracy;1989-09-11;1989.0;one seat;;;0.3;1.0;165.0;not far-right;;;;;
Norway;Full democracy;1989-09-11;1989.0;Liberal Party of Norway;;;3.2;0.0;165.0;not far-right;;;;;
Spain;Full democracy;1989-10-29;1989.0;Spanish Socialist Workers Party;;;39.88;175.0;350.0;not far-right;;;;;
Spain;Full democracy;1989-10-29;1989.0;People's Alliance-Party;;;25.97;107.0;350.0;not far-right;;;;;
Spain;Full democracy;1989-10-29;1989.0;Convergence and Union;;;5.07;18.0;350.0;not far-right;;;;;
Spain;Full democracy;1989-10-29;1989.0;United Left;Izquierda Unida;IU;9.13;17.0;350.0;not far-right;2100.0;2100.0;2100.0;2100.0;0.0
Spain;Full democracy;1989-10-29;1989.0;Democratic and Social Centre;;;7.95;14.0;350.0;not far-right;;;;;
Spain;Full democracy;1989-10-29;1989.0;Basque Nationalist Party;;;1.25;5.0;350.0;not far-right;;;;;
Spain;Full democracy;1989-10-29;1989.0;United People;Herri Batasuna;HB;1.07;4.0;350.0;not far-right;2100.0;2100.0;2100.0;2100.0;0.0
Spain;Full democracy;1989-10-29;1989.0;Andalusian Party;;;1.05;2.0;350.0;not far-right;;;;;
Spain;Full democracy;1989-10-29;1989.0;Valencian Union;;;0.71;2.0;350.0;not far-right;;;;;
Spain;Full democracy;1989-10-29;1989.0;Basque Left;;;0.52;2.0;350.0;not far-right;;;;;
Spain;Full democracy;1989-10-29;1989.0;Basque Solidarity;;;0.67;2.0;350.0;not far-right;;;;;
Spain;Full democracy;1989-10-29;1989.0;Canary Islands Group;;;0.32;1.0;350.0;not far-right;;;;;
Spain;Full democracy;1989-10-29;1989.0;Aragonese Regionalist Party;;;0.35;1.0;350.0;not far-right;;;;;
Spain;Full democracy;1989-10-29;1989.0;Ruiz-Mateos List;;;1.08;0.0;350.0;not far-right;;;;;
Greece;Full democracy;1989-11-05;1989.0;New Democracy;;;46.2;148.0;300.0;not far-right;;;;;
Greece;Full democracy;1989-11-05;1989.0;Panhellenic Socialist Movement;;;40.7;128.0;300.0;not far-right;;;;;
Greece;Full democracy;1989-11-05;1989.0;Coalition of the Left;;;11.0;21.0;300.0;not far-right;;;;;
Greece;Full democracy;1989-11-05;1989.0;Independent Muslim Lists;;;0.54;2.0;300.0;not far-right;;;;;
Greece;Full democracy;1989-11-05;1989.0;Alternative Ecologists;Oikologoi Enallaktikoi;OE;0.6;1.0;300.0;not far-right;2100.0;2100.0;2100.0;2100.0;0.0
Lithuania;Flawed democracy;1990-03-10;1990.0;no party affiliation;;;;64.0;135.0;not far-right;;;;;
Lithuania;Flawed democracy;1990-03-10;1990.0;Communist Party of Lithuania;;;;46.0;135.0;not far-right;;;;;
Lithuania;Flawed democracy;1990-03-10;1990.0;Lithuanian Social Democratic Party -- 1989;;;;9.0;135.0;not far-right;;;;;
Lithuania;Flawed democracy;1990-03-10;1990.0;Lithuanian Communist Party on the CPSU Platform;;;;7.0;135.0;not far-right;;;;;
Lithuania;Flawed democracy;1990-03-10;1990.0;Lithuanian Green Party;;;;4.0;135.0;not far-right;;;;;
Lithuania;Flawed democracy;1990-03-10;1990.0;Lithuanian Democratic Party;;;;3.0;135.0;not far-right;;;;;
Lithuania;Flawed democracy;1990-03-10;1990.0;Lithuanian Christian Democrats;;;;2.0;135.0;not far-right;;;;;
Greece;Full democracy;1990-04-08;1990.0;New Democracy;;;46.9;150.0;300.0;not far-right;;;;;
Greece;Full democracy;1990-04-08;1990.0;Panhellenic Socialist Movement;;;38.6;123.0;300.0;not far-right;;;;;
Greece;Full democracy;1990-04-08;1990.0;Coalition of the Left;;;10.3;19.0;300.0;not far-right;;;;;
Greece;Full democracy;1990-04-08;1990.0;no party affiliation;;;;4.0;300.0;not far-right;;;;;
Greece;Full democracy;1990-04-08;1990.0;Independent Muslim Lists;;;0.7;2.0;300.0;not far-right;;;;;
Greece;Full democracy;1990-04-08;1990.0;Alternative Ecologists;Oikologoi Enallaktikoi;OE;0.8;1.0;300.0;not far-right;2100.0;2100.0;2100.0;2100.0;0.0
Greece;Full democracy;1990-04-08;1990.0;Democratic Renewal;;;0.7;1.0;300.0;not far-right;;;;;
Hungary;Flawed democracy;1990-04-08;1990.0;Agrarian Alliance;;;3.1;2.0;386.0;not far-right;;;;;
Hungary;Flawed democracy;1994-05-29;1994.0;Agrarian Alliance;;;2.1;1.0;386.0;not far-right;;;;;
Hungary;Flawed democracy;1990-04-08;1990.0;Alliance of Free Democrats;;;21.4;93.0;386.0;not far-right;;;;;
Hungary;Flawed democracy;1994-05-29;1994.0;Alliance of Free Democrats;;;19.7;69.0;386.0;not far-right;;;;;
Hungary;Flawed democracy;1998-05-24;1998.0;Alliance of Free Democrats;;;7.6;24.0;386.0;not far-right;;;;;
Hungary;Flawed democracy;2002-04-21;2002.0;Alliance of Free Democrats;;;5.57;20.0;386.0;not far-right;;;;;
Hungary;Flawed democracy;2006-04-09;2006.0;Alliance of Free Democrats;;;6.5;20.0;386.0;not far-right;;;;;
Hungary;Flawed democracy;1990-04-08;1990.0;Christian Democratic People's Party;;;6.5;21.0;386.0;not far-right;;;;;
Hungary;Flawed democracy;1994-05-29;1994.0;Christian Democratic People's Party;;;7.0;22.0;386.0;not far-right;;;;;
Hungary;Flawed democracy;1998-05-24;1998.0;Christian Democratic People's Party;;;2.3;0.0;386.0;not far-right;;;;;
Hungary;Flawed democracy;2002-04-21;2002.0;Christian Democratic People's Party;;;3.9;0.0;386.0;not far-right;;;;;
Hungary;Flawed democracy;2006-04-09;2006.0;Christian Democratic People's Party;;;;23.0;386.0;not far-right;;;;;
Slovenia;Flawed democracy;1990-04-12;1990.0;United List -- Social Democrats;;;17.3;14.0;80.0;not far-right;;;;;
Slovenia;Flawed democracy;1990-04-12;1990.0;Liberal Democracy of Slovenia;;;14.5;12.0;80.0;not far-right;;;;;
Slovenia;Flawed democracy;1990-04-12;1990.0;Slovenian People's Party;;;12.6;11.0;80.0;not far-right;;;;;
Slovenia;Flawed democracy;1990-04-12;1990.0;New Slovenia – Christian Democrats;Nova Slovenija – Krščanski Demokrati;N.Si;13.0;11.0;80.0;far-right;1900.0;2100.0;1900.0;2100.0;1.0
Slovenia;Flawed democracy;1990-04-12;1990.0;Slovenian Democratic Union;;;9.5;8.0;80.0;not far-right;;;;;
Slovenia;Flawed democracy;1990-04-12;1990.0;Greens of Slovenia;;;8.8;8.0;80.0;not far-right;;;;;
Slovenia;Flawed democracy;1990-04-12;1990.0;Slovenian Democratic Party;Slovenska Demokratska Stranka;SDS;7.4;6.0;80.0;not far-right;2015.0;2100.0;2015.0;2100.0;1.0
Slovenia;Flawed democracy;1990-04-12;1990.0;Socialist Party (Netherlands) of Slovenia;;;5.4;5.0;80.0;not far-right;;;;;
Slovenia;Flawed democracy;1990-04-12;1990.0;Slovenian Liberal Party;;;3.5;3.0;80.0;not far-right;;;;;
Slovenia;Flawed democracy;1990-04-12;1990.0;Hungarian national community;;;;1.0;80.0;not far-right;;;;;
Slovenia;Flawed democracy;1990-04-12;1990.0;Italian national community;;;;1.0;80.0;not far-right;;;;;
Slovenia;Flawed democracy;1990-04-12;1990.0;Slovenian Craftsmen and Entrepreneurial Party;;;1.6;0.0;80.0;not far-right;;;;;
Slovenia;Flawed democracy;1990-04-12;1990.0;Civic Green List;;;2.0;0.0;80.0;not far-right;;;;;
Slovenia;Flawed democracy;1990-04-12;1990.0;League for Citizens' Equality;;;2.5;0.0;80.0;not far-right;;;;;
Latvia;Flawed democracy;1990-04-29;1990.0;Popular Front of Latvia;;;68.2;131.0;201.0;not far-right;;;;;
Latvia;Flawed democracy;1990-04-29;1990.0;Communist Party of Latvia;Latvijas Komunistiska Partija;LKP;21.5;55.0;201.0;not far-right;2100.0;2100.0;2100.0;2100.0;0.0
Latvia;Flawed democracy;1990-04-29;1990.0;no party affiliation;;;10.3;15.0;201.0;not far-right;;;;;
Czech Republic;Full democracy;1990-06-09;1990.0;Civic Forum;;;49.5;127.0;200.0;not far-right;;;;;
Czech Republic;Full democracy;1990-06-09;1990.0;Communist Party of Czechoslovakia;Komunistická strana Ceskoslovenska;KSC;13.24;32.0;200.0;not far-right;2100.0;2100.0;2100.0;2100.0;0.0
Czech Republic;Full democracy;1990-06-09;1990.0;Movement for Self-Governing Democracy -- Society for Moravia and Silesia;;;10.03;22.0;200.0;not far-right;;;;;
Czech Republic;Full democracy;1990-06-09;1990.0;Christian Democratic Union -- People's Party;;;8.42;15.0;200.0;not far-right;;;;;
Czech Republic;Full democracy;1990-06-09;1990.0;Christian Democratic Party;;;;4.0;200.0;not far-right;;;;;
Czech Republic;Full democracy;1990-06-09;1990.0;Czech Social Democratic Party;;;4.11;0.0;200.0;not far-right;;;;;
Czech Republic;Full democracy;1990-06-09;1990.0;Green Party;;;4.1;0.0;200.0;not far-right;;;;;
Czech Republic;Full democracy;1990-06-09;1990.0;Rally for the Republic - Republican Party of Czechoslovakia;Sdruzení pro republiku – Republikánská strana Ceskoslovenska;SPR-RSC;1.0;0.0;200.0;far-right;1900.0;2100.0;1900.0;2100.0;0.0
Czech Republic;Full democracy;1990-06-09;1990.0;Czech National Social(ist) Party;;;2.68;0.0;200.0;not far-right;;;;;
Czech Republic;Full democracy;1990-06-09;1990.0; Alliance of Farmers and the Countryside;;;4.11;0.0;200.0;not far-right;;;;;
Czech Republic;Full democracy;1990-06-09;1990.0;Conservative Party -- Free Bloc;;;1.04;0.0;200.0;not far-right;;;;;
Slovakia;Flawed democracy;1990-06-09;1990.0;Public against Violence;;;29.35;48.0;150.0;not far-right;;;;;
Slovakia;Flawed democracy;1990-06-09;1990.0;Christian Democratic Movement;;;19.21;31.0;150.0;not far-right;;;;;
Slovakia;Flawed democracy;1990-06-09;1990.0;Party of the Democratic Left;;;13.35;22.0;150.0;not far-right;;;;;
Slovakia;Flawed democracy;1990-06-09;1990.0;Slovak National Party;Slovenská Národná Strana;SNS;13.94;22.0;150.0;far-right;1900.0;2100.0;1900.0;2100.0;1.0
Slovakia;Flawed democracy;1990-06-09;1990.0;Hungarian Coalition;;;8.66;14.0;150.0;not far-right;;;;;
Slovakia;Flawed democracy;1990-06-09;1990.0;Democratic Party;;;4.4;7.0;150.0;not far-right;;;;;
Slovakia;Flawed democracy;1990-06-09;1990.0;Green Party;;;3.49;6.0;150.0;not far-right;;;;;
Slovakia;Flawed democracy;1990-06-09;1990.0;Freedom Party;;;1.78;0.0;150.0;not far-right;;;;;
Slovakia;Flawed democracy;1990-06-09;1990.0;Alliance of Farmers and the Countryside;;;2.52;0.0;150.0;not far-right;;;;;
Slovakia;Flawed democracy;1990-06-09;1990.0;Social Democratic Party of Slovakia;;;1.82;0.0;150.0;not far-right;;;;;
Austria;Full democracy;1990-10-07;1990.0;Social Democratic Party of Austria;;;42.8;80.0;183.0;not far-right;;;;;
Austria;Full democracy;1990-10-07;1990.0;Austrian People's Party;;;32.1;60.0;183.0;not far-right;;;;;
Austria;Full democracy;1990-10-07;1990.0;Freedom Party of Austria;Freiheitliche Partei Österreichs;FPÖ;16.6;33.0;183.0;far-right;1900.0;2100.0;1900.0;2100.0;1.0
Austria;Full democracy;1990-10-07;1990.0;The Greens -- The Green Alternative;;;4.8;10.0;183.0;not far-right;;;;;
Austria;Full democracy;1990-10-07;1990.0;United Greens Austria;;;2.0;0.0;183.0;not far-right;;;;;
Germany;Full democracy;1990-12-02;1990.0;Christian Democratic Union;;;36.7;268.0;662.0;not far-right;;;;;
Germany;Full democracy;1990-12-02;1990.0;Social Democratic Party of Germany;;;33.5;239.0;662.0;not far-right;;;;;
Germany;Full democracy;1990-12-02;1990.0;Free Democratic Party;;;11.1;79.0;662.0;not far-right;;;;;
Germany;Full democracy;1990-12-02;1990.0;Christian Social Union;;;7.1;51.0;662.0;not far-right;;;;;
Germany;Full democracy;1990-12-02;1990.0;PDS | The Left;;;2.4;17.0;662.0;not far-right;;;;;
Germany;Full democracy;1990-12-02;1990.0;Alliance 90 / Greens -- Citizens' Movement;;;1.2;8.0;662.0;not far-right;;;;;
Germany;Full democracy;1990-12-02;1990.0;Alliance 90 / Greens;;;3.8;0.0;662.0;not far-right;;;;;
Germany;Full democracy;1990-12-02;1990.0;Republicans;Republikaner;Republikaner;2.1;0.0;662.0;far-right;1900.0;2100.0;1900.0;2100.0;0.0
Denmark;Full democracy;1990-12-12;1990.0;Social Democrats;;;37.4;69.0;179.0;not far-right;;;;;
Denmark;Full democracy;1990-12-12;1990.0;Conservatives;;;16.0;30.0;179.0;not far-right;;;;;
Denmark;Full democracy;1990-12-12;1990.0;Liberal Party;;;15.8;29.0;179.0;not far-right;;;;;
Denmark;Full democracy;1990-12-12;1990.0;Socialist People's Party;Socialistisk Folkeparti;SF;8.3;15.0;179.0;not far-right;2100.0;2100.0;2100.0;2100.0;1.0
Denmark;Full democracy;1990-12-12;1990.0;Progress Party;Fremskridtspartiet;FrP;6.4;12.0;179.0;not far-right;2100.0;2100.0;2100.0;2100.0;0.0
Denmark;Full democracy;1990-12-12;1990.0;Centre Democrats;;;5.1;9.0;179.0;not far-right;;;;;
Denmark;Full democracy;1990-12-12;1990.0;Danish Social Liberal Party;;;3.5;7.0;179.0;not far-right;;;;;
Denmark;Full democracy;1990-12-12;1990.0;Christian People's Party;;;2.3;4.0;179.0;not far-right;;;;;
Denmark;Full democracy;1990-12-12;1990.0;Solidarity (Greenland);;;;1.0;179.0;not far-right;;;;;
Denmark;Full democracy;1990-12-12;1990.0;Forward (Greenland);;;;1.0;179.0;not far-right;;;;;
Denmark;Full democracy;1990-12-12;1990.0;People's Party (Faroe Islands);;;;1.0;179.0;not far-right;;;;;
Denmark;Full democracy;1990-12-12;1990.0;Social Democratic Party (Faroe Islands);;;;1.0;179.0;not far-right;;;;;
Denmark;Full democracy;1990-12-12;1990.0;Red-Green Alliance;Enhedslisten – De Rød-Grønne;En-O;1.7;0.0;179.0;not far-right;2100.0;2100.0;2100.0;2100.0;1.0
Denmark;Full democracy;1990-12-12;1990.0;Common Course;;;1.8;0.0;179.0;not far-right;;;;;
Finland;Full democracy;1991-03-17;1991.0;Centre Party;;;24.8;55.0;200.0;not far-right;;;;;
Finland;Full democracy;1991-03-17;1991.0;Social Democratic Party of Finland;;;22.1;48.0;200.0;not far-right;;;;;
Finland;Full democracy;1991-03-17;1991.0;National Coalition Party;;;19.3;40.0;200.0;not far-right;;;;;
Finland;Full democracy;1991-03-17;1991.0;Left Alliance;Demokraattinen Liitto | Vasemmistoliitto;VAS;10.1;19.0;200.0;not far-right;2100.0;2100.0;2100.0;2100.0;1.0
Finland;Full democracy;1991-03-17;1991.0;Swedish People's Party;;;5.5;11.0;200.0;not far-right;;;;;
Finland;Full democracy;1991-03-17;1991.0;Green League;;;6.8;10.0;200.0;not far-right;;;;;
Finland;Full democracy;1991-03-17;1991.0;Christian Democrats;;;3.1;8.0;200.0;not far-right;;;;;
Finland;Full democracy;1991-03-17;1991.0;Finns Party;Suomen Maaseudun Puolue | Perussuomalaiset;PS;4.8;7.0;200.0;far-right;1900.0;2100.0;2017.0;2100.0;1.0
Finland;Full democracy;1991-03-17;1991.0;Aland Coalition;;;0.3;1.0;200.0;not far-right;;;;;
Finland;Full democracy;1991-03-17;1991.0;National Progressive Party | [Finnish] Liberal People's Party;;;0.8;1.0;200.0;not far-right;;;;;
Finland;Full democracy;1991-03-17;1991.0;no seat;;;0.47;0.0;200.0;not far-right;;;;;
Cyprus;Flawed democracy;1991-05-19;1991.0;Democratic Rally;;;35.8;20.0;56.0;not far-right;;;;;
Cyprus;Flawed democracy;1991-05-19;1991.0;Progressive Party of Working People;Anorthotikó Kómma Ergazómenou Laoú;AKEL;30.6;18.0;56.0;not far-right;2100.0;2100.0;2100.0;2100.0;1.0
Cyprus;Flawed democracy;1991-05-19;1991.0;Democratic Party;;;19.6;11.0;56.0;not far-right;;;;;
Cyprus;Flawed democracy;1991-05-19;1991.0;Movement for Social Democracy EDEK;;;10.9;7.0;56.0;not far-right;;;;;
Cyprus;Flawed democracy;1991-05-19;1991.0;Democratic Socialist Renewal Movement;;;2.4;0.0;56.0;not far-right;;;;;
Sweden;Full democracy;1991-09-15;1991.0;Social Democrats;;;37.7;138.0;349.0;not far-right;;;;;
Sweden;Full democracy;1991-09-15;1991.0;Moderate Party;;;21.9;80.0;349.0;not far-right;;;;;
Sweden;Full democracy;1991-09-15;1991.0;People's Party;;;9.1;33.0;349.0;not far-right;;;;;
Sweden;Full democracy;1991-09-15;1991.0;Centre Party;;;8.5;31.0;349.0;not far-right;;;;;
Sweden;Full democracy;1991-09-15;1991.0;Christian Democrats;;;7.1;26.0;349.0;not far-right;;;;;
Sweden;Full democracy;1991-09-15;1991.0;New Democracy;Ny Demokrati;NyD;6.7;25.0;349.0;not far-right;2100.0;2100.0;2100.0;2100.0;0.0
Sweden;Full democracy;1991-09-15;1991.0;Left Party;Vänsterpartiet;V;4.5;16.0;349.0;not far-right;2100.0;2100.0;2100.0;2100.0;1.0
Sweden;Full democracy;1991-09-15;1991.0;Greens;;;3.4;0.0;349.0;not far-right;;;;;
Portugal;Full democracy;1991-10-06;1991.0;Social Democratic Party;;;51.6;135.0;230.0;not far-right;;;;;
Portugal;Full democracy;1991-10-06;1991.0;Socialist Party (Netherlands);;;29.7;72.0;230.0;not far-right;;;;;
Portugal;Full democracy;1991-10-06;1991.0;Portuguese Communist Party;Partido Comunista Português;PCP;;15.0;230.0;not far-right;2100.0;2100.0;2100.0;2100.0;1.0
Portugal;Full democracy;1991-10-06;1991.0;Democratic and Social Centre -- People's Party;;;4.52;5.0;230.0;not far-right;;;;;
Portugal;Full democracy;1991-10-06;1991.0;Ecology Party -- Greens;;;;2.0;230.0;not far-right;;;;;
Portugal;Full democracy;1991-10-06;1991.0;National Solidarity Party;;;1.71;1.0;230.0;not far-right;;;;;
Portugal;Full democracy;1991-10-06;1991.0;Revolutionary Socialist Party (Netherlands);;;1.14;0.0;230.0;not far-right;;;;;
Portugal;Full democracy;1991-10-06;1991.0;Unified Democratic Coalition;;;8.97;;230.0;not far-right;;;;;
Bulgaria;Flawed democracy;1991-10-13;1991.0;Union of Democratic Forces;;;34.36;110.0;240.0;not far-right;;;;;
Bulgaria;Flawed democracy;1991-10-13;1991.0;Coalition for Bulgaria | Democratic Left;;;33.14;106.0;240.0;not far-right;;;;;
Bulgaria;Flawed democracy;1991-10-13;1991.0;Movement for Rights and Freedoms;;;7.55;24.0;240.0;not far-right;;;;;
Bulgaria;Flawed democracy;1991-10-13;1991.0;Agrarian People's Union;;;3.86;0.0;240.0;not far-right;;;;;
Bulgaria;Flawed democracy;1991-10-13;1991.0;"Bulgarian Agrarian National Union -- ""Nikola Petkov""";;;3.44;0.0;240.0;not far-right;;;;;
Bulgaria;Flawed democracy;1991-10-13;1991.0;Union of Democratic Forces -- Centre;;;3.2;0.0;240.0;not far-right;;;;;
Bulgaria;Flawed democracy;1991-10-13;1991.0;Kingdom of Bulgaria Confederation;;;1.82;0.0;240.0;not far-right;;;;;
Bulgaria;Flawed democracy;1991-10-13;1991.0;Bulgarian Business Bloc;;;1.32;0.0;240.0;not far-right;;;;;
Bulgaria;Flawed democracy;1991-10-13;1991.0;Bulgarian National Radical Party;;;1.13;0.0;240.0;not far-right;;;;;
Bulgaria;Flawed democracy;1991-10-13;1991.0;Union of Democratic Forces -- Liberal;;;2.81;0.0;240.0;not far-right;;;;;
Poland;Flawed democracy;1991-10-27;1991.0;Democratic | Freedom | Union;;;12.31;62.0;460.0;not far-right;;;;;
Poland;Flawed democracy;1991-10-27;1991.0;Democratic Left Alliance;;;12.0;60.0;460.0;not far-right;;;;;
Poland;Flawed democracy;1991-10-27;1991.0;Christian National Union;Zjednoczenie Chrzescijansko-Narodowe;ZChN;8.7;49.0;460.0;far-right;1900.0;2100.0;1900.0;2100.0;0.0
Poland;Flawed democracy;1991-10-27;1991.0;Polish People's Party;;;8.7;48.0;460.0;not far-right;;;;;
Poland;Flawed democracy;1991-10-27;1991.0;Confederation for Independent Poland;;;7.5;46.0;460.0;not far-right;;;;;
Poland;Flawed democracy;1991-10-27;1991.0;Centre Agreement;;;8.7;44.0;460.0;not far-right;;;;;
Poland;Flawed democracy;1991-10-27;1991.0;Liberal Democratic Congress;;;7.5;37.0;460.0;not far-right;;;;;
Poland;Flawed democracy;1991-10-27;1991.0;Peasants Agreement;;;5.5;28.0;460.0;not far-right;;;;;
Poland;Flawed democracy;1991-10-27;1991.0;Solidarnosc;;;5.1;27.0;460.0;not far-right;;;;;
Poland;Flawed democracy;1991-10-27;1991.0;Polish Economic Program [Large Beer];;;3.3;16.0;460.0;not far-right;;;;;
Poland;Flawed democracy;1991-10-27;1991.0;one seat;;;;10.0;460.0;not far-right;;;;;
Poland;Flawed democracy;1991-10-27;1991.0;German minority;;;1.2;7.0;460.0;not far-right;;;;;
Poland;Flawed democracy;1991-10-27;1991.0;Christian Democracy;;;2.4;5.0;460.0;not far-right;;;;;
Poland;Flawed democracy;1991-10-27;1991.0;Labour Solidarity;;;2.1;4.0;460.0;not far-right;;;;;
Poland;Flawed democracy;1991-10-27;1991.0;Polish Western Union;Polski Zwiazek Zachodni;PZZ;0.2;4.0;460.0;far-right;1900.0;2100.0;1900.0;2100.0;0.0
Poland;Flawed democracy;1991-10-27;1991.0;Party of Christian Democrats;;;1.1;4.0;460.0;not far-right;;;;;
Poland;Flawed democracy;1991-10-27;1991.0;Party X;Partia X;X;0.5;3.0;460.0;far-right;1900.0;2100.0;1900.0;2100.0;0.0
Poland;Flawed democracy;1991-10-27;1991.0;Real Politics Union;;;2.3;3.0;460.0;not far-right;;;;;
Poland;Flawed democracy;1991-10-27;1991.0;Movement for Silesian Autonomy;;;0.36;2.0;460.0;not far-right;;;;;
Poland;Flawed democracy;1991-10-27;1991.0;Democratic Party;;;1.4;1.0;460.0;not far-right;;;;;
Poland;Flawed democracy;1991-10-27;1991.0;no seat;;;0.82;0.0;460.0;not far-right;;;;;
Belgium;Flawed democracy;1991-11-24;1991.0;Flemish Christian Peoples Party | Christian Democrats & Flemish;;;16.8;39.0;212.0;not far-right;;;;;
Belgium;Flawed democracy;1991-11-24;1991.0;Socialist Party (Netherlands) [Francophone];;;13.5;35.0;212.0;not far-right;;;;;
Belgium;Flawed democracy;1991-11-24;1991.0;Socialist Party (Netherlands);;;12.0;28.0;212.0;not far-right;;;;;
Belgium;Flawed democracy;1991-11-24;1991.0;Party of Liberty and Progress | Flemish Liberals and Democrats;;;12.0;26.0;212.0;not far-right;;;;;
Belgium;Flawed democracy;1991-11-24;1991.0;Liberal Reformist Party;;;8.1;20.0;212.0;not far-right;;;;;
Belgium;Flawed democracy;1991-11-24;1991.0;Francophone Christian Social Party -- Humanist Democratic Centre;;;7.7;18.0;212.0;not far-right;;;;;
Belgium;Flawed democracy;1991-11-24;1991.0;Flemish Interest;Vlaams Belang;VB;6.6;12.0;212.0;far-right;1900.0;2100.0;1900.0;2100.0;1.0
Belgium;Flawed democracy;1991-11-24;1991.0;Confederated ecologists for the organisation of original struggles;;;5.1;10.0;212.0;not far-right;;;;;
Belgium;Flawed democracy;1991-11-24;1991.0;People's Union;;;5.9;10.0;212.0;not far-right;;;;;
Belgium;Flawed democracy;1991-11-24;1991.0;Agalev -- Green;;;4.9;7.0;212.0;not far-right;;;;;
Belgium;Flawed democracy;1991-11-24;1991.0;Francophone Democratic Front;;;1.5;3.0;212.0;not far-right;;;;;
Belgium;Flawed democracy;1991-11-24;1991.0;Radical Reformers Fighting for an Upright Society;;;3.2;3.0;212.0;not far-right;;;;;
Belgium;Flawed democracy;1991-11-24;1991.0;National Front;Front National;FN;1.0;1.0;212.0;far-right;1900.0;2100.0;1900.0;2100.0;0.0
Belgium;Flawed democracy;1991-11-24;1991.0;Workers' Party of Belgium;Partij van de Arbeid – Parti du Travail;PVDA/PTB;0.49;0.0;212.0;not far-right;2100.0;2100.0;2100.0;2100.0;1.0
Malta;Flawed democracy;1992-02-22;1992.0;Nationalist Party;;;51.77;34.0;65.0;not far-right;;;;;
Malta;Flawed democracy;1992-02-22;1992.0;Malta Labour Party;;;46.5;31.0;65.0;not far-right;;;;;
Malta;Flawed democracy;1992-02-22;1992.0;Democratic Alternative;;;1.69;0.0;65.0;not far-right;;;;;
Italy;Flawed democracy;1992-04-05;1992.0;Christian Democrats;;;29.7;206.0;630.0;not far-right;;;;;
Italy;Flawed democracy;1992-04-05;1992.0;Democrats of the Left;;;16.1;107.0;630.0;not far-right;;;;;
Italy;Flawed democracy;1992-04-05;1992.0;Italian Socialist Party (Netherlands);;;13.6;92.0;630.0;not far-right;;;;;
Italy;Flawed democracy;1992-04-05;1992.0;(Northern) League;Lega (Nord);Lega;8.7;55.0;630.0;far-right;1900.0;2100.0;1900.0;2100.0;1.0
Italy;Flawed democracy;1992-04-05;1992.0;Communist Refoundation Party;Partito della Rifondazione Comunista;PRC;5.6;35.0;630.0;not far-right;2100.0;2100.0;2100.0;2100.0;0.0
Italy;Flawed democracy;1992-04-05;1992.0;Italian Social Movement- National Right;Movimento Sociale Italiano- Destra Nazionale;MSI-DN;5.4;34.0;630.0;far-right;1900.0;2100.0;1900.0;2100.0;0.0
Italy;Flawed democracy;1992-04-05;1992.0;Republican Party;;;4.4;27.0;630.0;not far-right;;;;;
Italy;Flawed democracy;1992-04-05;1992.0;Italian Liberal Party;;;2.9;17.0;630.0;not far-right;;;;;
Italy;Flawed democracy;1992-04-05;1992.0;Federation of the Greens;;;2.8;16.0;630.0;not far-right;;;;;
Italy;Flawed democracy;1992-04-05;1992.0;Italian Democratic Socialist Party (Netherlands);;;2.7;16.0;630.0;not far-right;;;;;
Italy;Flawed democracy;1992-04-05;1992.0;Movement for Democracy -- The Net;;;1.9;12.0;630.0;not far-right;;;;;
Italy;Flawed democracy;1992-04-05;1992.0;Radicals;;;1.2;7.0;630.0;not far-right;;;;;
Italy;Flawed democracy;1992-04-05;1992.0;South Tyrol Peoples Party;;;0.51;3.0;630.0;not far-right;;;;;
Italy;Flawed democracy;1992-04-05;1992.0;Federalism;;;0.39;1.0;630.0;not far-right;;;;;
Italy;Flawed democracy;1992-04-05;1992.0;Venetian League;;;0.39;1.0;630.0;not far-right;;;;;
Italy;Flawed democracy;1992-04-05;1992.0;Valdotanian Union;;;0.11;1.0;630.0;not far-right;;;;;
Italy;Flawed democracy;1992-04-05;1992.0;no seat;;;0.82;0.0;630.0;not far-right;;;;;
United Kingdom;Full democracy;1992-04-09;1992.0;Conservatives;;;41.9;336.0;651.0;not far-right;;;;;
United Kingdom;Full democracy;1992-04-09;1992.0;Labour;;;34.9;271.0;651.0;not far-right;;;;;
United Kingdom;Full democracy;1992-04-09;1992.0;Liberals;;;17.8;20.0;651.0;not far-right;;;;;
United Kingdom;Full democracy;1992-04-09;1992.0;Ulster Unionist Party;;;0.8;9.0;651.0;not far-right;;;;;
United Kingdom;Full democracy;1992-04-09;1992.0;Plaid Cymru;;;0.5;4.0;651.0;not far-right;;;;;
United Kingdom;Full democracy;1992-04-09;1992.0;Social Democratic and Labour Party;;;0.5;4.0;651.0;not far-right;;;;;
United Kingdom;Full democracy;1992-04-09;1992.0;Scottish National Party;;;1.9;3.0;651.0;not far-right;;;;;
United Kingdom;Full democracy;1992-04-09;1992.0;Democratic Unionist Party;Democratic Unionist Party;DUP;0.3;3.0;651.0;not far-right;2100.0;2100.0;2100.0;2100.0;1.0
United Kingdom;Full democracy;1992-04-09;1992.0;Ulster Popular Unionist Party;;;0.1;1.0;651.0;not far-right;;;;;
United Kingdom;Full democracy;1992-04-09;1992.0;Green Party;;;0.5;0.0;651.0;not far-right;;;;;
Czech Republic;Full democracy;1992-06-06;1992.0;Civic Democratic Party;;;29.73;66.0;200.0;not far-right;;;;;
Czech Republic;Full democracy;1992-06-06;1992.0;Communist Party of Bohemia and Moravia;Komunistická strana Cech a Moravy;KSCM;14.05;35.0;200.0;not far-right;2100.0;2100.0;2100.0;2100.0;0.0
Czech Republic;Full democracy;1992-06-06;1992.0;Liberal Social Union;;;6.52;16.0;200.0;not far-right;;;;;
Czech Republic;Full democracy;1992-06-06;1992.0;Czech Social Democratic Party;;;6.53;16.0;200.0;not far-right;;;;;
Czech Republic;Full democracy;1992-06-06;1992.0;Christian Democratic Union -- People's Party;;;6.28;15.0;200.0;not far-right;;;;;
Czech Republic;Full democracy;1992-06-06;1992.0;Movement for Self-Governing Democracy -- Society for Moravia and Silesia;;;5.87;14.0;200.0;not far-right;;;;;
Czech Republic;Full democracy;1992-06-06;1992.0;Civic Democratic Alliance;;;5.93;14.0;200.0;not far-right;;;;;
Czech Republic;Full democracy;1992-06-06;1992.0;Rally for the Republic - Republican Party of Czechoslovakia;Sdruzení pro republiku – Republikánská strana Ceskoslovenska;SPR-RSC;5.98;14.0;200.0;far-right;1900.0;2100.0;1900.0;2100.0;0.0
Czech Republic;Full democracy;1992-06-06;1992.0;Christian Democratic Party;;;;10.0;200.0;not far-right;;;;;
Czech Republic;Full democracy;1992-06-06;1992.0;Civic Movement | Free Democrats;;;4.59;0.0;200.0;not far-right;;;;;
Czech Republic;Full democracy;1992-06-06;1992.0;Pensioners for a Secure Living;;;3.77;0.0;200.0;not far-right;;;;;
Czech Republic;Full democracy;1992-06-06;1992.0;Czechoslovak Businessmen's, Traders' and Farmers' Party;;;3.15;0.0;200.0;not far-right;;;;;
Czech Republic;Full democracy;1992-06-06;1992.0;Club of committed Non-Party Members;;;2.69;0.0;200.0;not far-right;;;;;
Czech Republic;Full democracy;1992-06-06;1992.0;Independent Initiative;;;1.37;0.0;200.0;not far-right;;;;;
Czech Republic;Full democracy;1992-06-06;1992.0;Party of the Friends of Beer;;;1.3;0.0;200.0;not far-right;;;;;
Czech Republic;Full democracy;1992-06-06;1992.0;Movement for Social Justice;;;1.08;0.0;200.0;not far-right;;;;;
Slovakia;Flawed democracy;1992-06-06;1992.0;Movement for a Democratic Slovakia;Hnutie za Demokratické Slovensko;HZDS / ĽS-HZDS;37.26;74.0;150.0;not far-right;2100.0;2100.0;2100.0;2100.0;0.0
Slovakia;Flawed democracy;1992-06-06;1992.0;Party of the Democratic Left;;;14.7;29.0;150.0;not far-right;;;;;
Slovakia;Flawed democracy;1992-06-06;1992.0;Christian Democratic Movement;;;8.89;18.0;150.0;not far-right;;;;;
Slovakia;Flawed democracy;1992-06-06;1992.0;Slovak National Party;Slovenská Národná Strana;SNS;7.93;15.0;150.0;far-right;1900.0;2100.0;1900.0;2100.0;1.0
Slovakia;Flawed democracy;1992-06-06;1992.0;Coexistence;;;;9.0;150.0;not far-right;;;;;
Slovakia;Flawed democracy;1992-06-06;1992.0;Hungarian Christian Democratic Movement;;;;5.0;150.0;not far-right;;;;;
Slovakia;Flawed democracy;1992-06-06;1992.0;Social Democratic Party of Slovakia;;;4.0;0.0;150.0;not far-right;;;;;
Slovakia;Flawed democracy;1992-06-06;1992.0;Christian Social Union;;;3.05;0.0;150.0;not far-right;;;;;
Slovakia;Flawed democracy;1992-06-06;1992.0;Green Party;;;2.14;0.0;150.0;not far-right;;;;;
Slovakia;Flawed democracy;1992-06-06;1992.0;Public against Violence;;;4.04;0.0;150.0;not far-right;;;;;
Slovakia;Flawed democracy;1992-06-06;1992.0;Green Party -- 1992;;;1.08;0.0;150.0;not far-right;;;;;
Slovakia;Flawed democracy;1992-06-06;1992.0;Democratic Party;;;3.31;0.0;150.0;not far-right;;;;;
Slovakia;Flawed democracy;1992-06-06;1992.0;Hungarian Civic Party;;;2.29;0.0;150.0;not far-right;;;;;
Slovakia;Flawed democracy;1992-06-06;1992.0;Hungarian Coalition;;;7.42;;150.0;not far-right;;;;;
Croatia;Flawed democracy;1992-08-02;1992.0;Croatian Democratic Union;Hrvatska Demokratska Zajednica;HDZ;44.71;85.0;138.0;far-right;1900.0;2000.0;1900.0;2000.0;1.0
Croatia;Flawed democracy;1992-08-02;1992.0;Croatian Social Liberal Party;;;17.72;14.0;138.0;not far-right;;;;;
Croatia;Flawed democracy;1992-08-02;1992.0;Social Democratic Party;;;5.53;11.0;138.0;not far-right;;;;;
Croatia;Flawed democracy;1992-08-02;1992.0;Croatian People's Party;;;6.7;6.0;138.0;not far-right;;;;;
Croatia;Flawed democracy;1992-08-02;1992.0;DA–IDS–RiDS[a];;;3.18;6.0;138.0;not far-right;;;;;
Croatia;Flawed democracy;1992-08-02;1992.0;Croatian Party of Rights;Hrvatska Stranka Prava;HSP;7.07;5.0;138.0;far-right;1900.0;2100.0;1900.0;2100.0;0.0
Croatia;Flawed democracy;1992-08-02;1992.0;Independents;;;;5.0;138.0;not far-right;;;;;
Croatia;Flawed democracy;1992-08-02;1992.0;Croatian Peasant Party;;;4.25;3.0;138.0;not far-right;;;;;
Croatia;Flawed democracy;1992-08-02;1992.0;Serb People's Party;;;1.09;3.0;138.0;not far-right;;;;;
Estonia;Full democracy;1992-09-20;1992.0;"National Coalition Party ""Pro Patria""";;;22.0;29.0;101.0;not far-right;;;;;
Estonia;Full democracy;1992-09-20;1992.0;Estonian Coalition Party;;;13.6;17.0;101.0;not far-right;;;;;
Estonia;Full democracy;1992-09-20;1992.0;Popular Front;;;12.25;15.0;101.0;not far-right;;;;;
Estonia;Full democracy;1992-09-20;1992.0;Social Democratic Party | Moderates;;;9.73;12.0;101.0;not far-right;;;;;
Estonia;Full democracy;1992-09-20;1992.0;Estonian National Independence Party;Eesti Rahvusliku Sõltumatuse Partei;ERSP;8.79;10.0;101.0;far-right;1900.0;2100.0;1900.0;2100.0;0.0
Estonia;Full democracy;1992-09-20;1992.0;Estonian Citizens;Eesti Kodanik;EKo;6.89;8.0;101.0;far-right;1900.0;2100.0;1900.0;2100.0;0.0
Estonia;Full democracy;1992-09-20;1992.0;Independent Royalists;;;7.12;8.0;101.0;not far-right;;;;;
Estonia;Full democracy;1992-09-20;1992.0;Estonian Entrepreneur Party;;;2.39;1.0;101.0;not far-right;;;;;
Estonia;Full democracy;1992-09-20;1992.0;Estonian Greens -- 1991;;;2.62;1.0;101.0;not far-right;;;;;
Estonia;Full democracy;1992-09-20;1992.0;Union of Farmers;;;2.91;0.0;101.0;not far-right;;;;;
Estonia;Full democracy;1992-09-20;1992.0;Estonian Pensioners' Union;;;3.71;0.0;101.0;not far-right;;;;;
Estonia;Full democracy;1992-09-20;1992.0;Estonian [Social] Democratic Labour Party | Estonian Left Party;;;1.61;0.0;101.0;not far-right;;;;;
Lithuania;Flawed democracy;1992-11-15;1992.0;Democratic Labour Party of Lithuania;;;43.98;73.0;141.0;not far-right;;;;;
Lithuania;Flawed democracy;1992-11-15;1992.0;Homeland Union;;;21.17;30.0;141.0;not far-right;;;;;
Lithuania;Flawed democracy;1992-11-15;1992.0;Lithuanian Christian Democrats;;;12.61;18.0;141.0;not far-right;;;;;
Lithuania;Flawed democracy;1992-11-15;1992.0;Lithuanian Social Democratic Party -- 1989;;;6.05;8.0;141.0;not far-right;;;;;
Lithuania;Flawed democracy;1992-11-15;1992.0;Lithuanian National Union List;;;1.99;4.0;141.0;not far-right;;;;;
Lithuania;Flawed democracy;1992-11-15;1992.0;Election Action of Lithuania's Poles;;;2.14;4.0;141.0;not far-right;;;;;
Lithuania;Flawed democracy;1992-11-15;1992.0;Centre Union of Lithuania;;;2.52;2.0;141.0;not far-right;;;;;
Lithuania;Flawed democracy;1992-11-15;1992.0;no party affiliation;;;;1.0;141.0;not far-right;;;;;
Lithuania;Flawed democracy;1992-11-15;1992.0;Young Lithuania;Jaunoji Lietuva;JL;3.55;1.0;141.0;far-right;1900.0;2100.0;1900.0;2100.0;0.0
Lithuania;Flawed democracy;1992-11-15;1992.0;Lithuanian Liberty Union;;;1.51;0.0;141.0;not far-right;;;;;
Lithuania;Flawed democracy;1992-11-15;1992.0;Lithuanian Liberty League;;;1.19;0.0;141.0;not far-right;;;;;
Lithuania;Flawed democracy;1992-11-15;1992.0;National Progress Movement;;;1.07;0.0;141.0;not far-right;;;;;
Ireland;Full democracy;1992-11-25;1992.0;Fianna Fail;;;39.11;68.0;166.0;not far-right;;;;;
Ireland;Full democracy;1992-11-25;1992.0;Fine Gael (Family of the Irish);;;24.47;45.0;166.0;not far-right;;;;;
Ireland;Full democracy;1992-11-25;1992.0;Labour Party;;;19.31;33.0;166.0;not far-right;;;;;
Ireland;Full democracy;1992-11-25;1992.0;Progressive Democrats;;;4.68;10.0;166.0;not far-right;;;;;
Ireland;Full democracy;1992-11-25;1992.0;no party affiliation;;;;5.0;166.0;not far-right;;;;;
Ireland;Full democracy;1992-11-25;1992.0;Democratic Left;;;2.78;4.0;166.0;not far-right;;;;;
Ireland;Full democracy;1992-11-25;1992.0;Green Party;;;1.4;1.0;166.0;not far-right;;;;;
Ireland;Full democracy;1992-11-25;1992.0;We Ourselves;Sinn Féin;SF;1.61;0.0;166.0;not far-right;2100.0;2100.0;2100.0;2100.0;1.0
Slovenia;Flawed democracy;1992-12-06;1992.0;Liberal Democracy of Slovenia;;;23.46;22.0;90.0;not far-right;;;;;
Slovenia;Flawed democracy;1992-12-06;1992.0;New Slovenia – Christian Democrats;Nova Slovenija – Krščanski Demokrati;N.Si;14.51;15.0;90.0;far-right;1900.0;2100.0;1900.0;2100.0;1.0
Slovenia;Flawed democracy;1992-12-06;1992.0;United List -- Social Democrats;;;13.58;14.0;90.0;not far-right;;;;;
Slovenia;Flawed democracy;1992-12-06;1992.0;Slovenian National Party;Slovenska Nacionalna Stranka;SNS;10.02;12.0;90.0;far-right;1900.0;2100.0;1900.0;2100.0;0.0
Slovenia;Flawed democracy;1992-12-06;1992.0;Slovenian People's Party;;;8.69;10.0;90.0;not far-right;;;;;
Slovenia;Flawed democracy;1992-12-06;1992.0;Democratic Party;;;5.01;6.0;90.0;not far-right;;;;;
Slovenia;Flawed democracy;1992-12-06;1992.0;Greens of Slovenia;;;3.7;5.0;90.0;not far-right;;;;;
Slovenia;Flawed democracy;1992-12-06;1992.0;Slovenian Democratic Party;Slovenska Demokratska Stranka;SDS;3.34;4.0;90.0;not far-right;2015.0;2100.0;2015.0;2100.0;1.0
Slovenia;Flawed democracy;1992-12-06;1992.0;Italian national community;;;;1.0;90.0;not far-right;;;;;
Slovenia;Flawed democracy;1992-12-06;1992.0;Hungarian national community;;;;1.0;90.0;not far-right;;;;;
Slovenia;Flawed democracy;1992-12-06;1992.0;National Democratic Party;;;2.18;0.0;90.0;not far-right;;;;;
Slovenia;Flawed democracy;1992-12-06;1992.0;Socialist Party (Netherlands) of Slovenia;;;2.75;0.0;90.0;not far-right;;;;;
Slovenia;Flawed democracy;1992-12-06;1992.0;Christian Socialists;;;1.14;0.0;90.0;not far-right;;;;;
Slovenia;Flawed democracy;1992-12-06;1992.0;Slovenian Craftsmen and Entrepreneurial Party;;;1.6;0.0;90.0;not far-right;;;;;
Slovenia;Flawed democracy;1992-12-06;1992.0;Slovenian Liberal Party;;;1.52;0.0;90.0;not far-right;;;;;
Slovenia;Flawed democracy;1992-12-06;1992.0;Liberal Democratic Party of Slovenia;;;1.42;0.0;90.0;not far-right;;;;;
Slovenia;Flawed democracy;1992-12-06;1992.0;Party of Independence;;;1.36;0.0;90.0;not far-right;;;;;
Slovenia;Flawed democracy;1992-12-06;1992.0;no party affiliation;;;1.0;0.0;90.0;not far-right;;;;;
France;Flawed democracy;1993-03-28;1993.0;Rally for the Republic;;;20.4;248.0;577.0;not far-right;;;;;
France;Flawed democracy;1993-03-28;1993.0;Union for French Democracy | Democratic Movement;;;19.1;215.0;577.0;not far-right;;;;;
France;Flawed democracy;1993-03-28;1993.0;Socialist Party (Netherlands);;;17.6;55.0;577.0;not far-right;;;;;
France;Flawed democracy;1993-03-28;1993.0;French Communist Party;Parti Communiste Français;PCF;9.2;24.0;577.0;not far-right;2100.0;2100.0;2100.0;2100.0;1.0
France;Flawed democracy;1993-03-28;1993.0;other right;;;4.7;22.0;577.0;not far-right;;;;;
France;Flawed democracy;1993-03-28;1993.0;Party of Presidential Majority;;;1.8;6.0;577.0;not far-right;;;;;
France;Flawed democracy;1993-03-28;1993.0;Radical Party of the Left;;;0.9;6.0;577.0;not far-right;;;;;
France;Flawed democracy;1993-03-28;1993.0;others;;;3.7;1.0;577.0;not far-right;;;;;
France;Flawed democracy;1993-03-28;1993.0;National Front / Rally;Front National / Rassemblement National;FN / RN;12.4;0.0;577.0;far-right;1900.0;2100.0;1900.0;2100.0;1.0
France;Flawed democracy;1993-03-28;1993.0;other far-left;;;1.8;0.0;577.0;not far-right;;;;;
France;Flawed democracy;1993-03-28;1993.0;Greens;;;7.64;0.0;577.0;not far-right;;;;;
France;Flawed democracy;1993-03-28;1993.0;Ecology Generation;;;;0.0;577.0;not far-right;;;;;
Latvia;Flawed democracy;1993-06-06;1993.0;Latvian Way;;;32.41;36.0;100.0;not far-right;;;;;
Latvia;Flawed democracy;1993-06-06;1993.0;Latvian National Independence Movement;;;13.35;15.0;100.0;not far-right;;;;;
Latvia;Flawed democracy;1993-06-06;1993.0;National Harmony Party;;;12.0;13.0;100.0;not far-right;;;;;
Latvia;Flawed democracy;1993-06-06;1993.0;Farmers Union of Latvia;;;10.65;12.0;100.0;not far-right;;;;;
Latvia;Flawed democracy;1993-06-06;1993.0;Equal Rights;;;5.76;7.0;100.0;not far-right;;;;;
Latvia;Flawed democracy;1993-06-06;1993.0;Christian Democratic Union;;;5.01;6.0;100.0;not far-right;;;;;
Latvia;Flawed democracy;1993-06-06;1993.0;For Fatherland and Freedom;Tevzemei un Brivibai / LNNK;TB / LNNK;5.35;6.0;100.0;far-right;1900.0;2100.0;1900.0;2100.0;0.0
Latvia;Flawed democracy;1993-06-06;1993.0;Democratic Centre Party;;;4.76;5.0;100.0;not far-right;;;;;
Latvia;Flawed democracy;1993-06-06;1993.0;Latvia's Party of Russian Citizens;;;1.16;0.0;100.0;not far-right;;;;;
Latvia;Flawed democracy;1993-06-06;1993.0;Latvian Green Party;;;1.19;0.0;100.0;not far-right;;;;;
Latvia;Flawed democracy;1993-06-06;1993.0;Popular Front of Latvia;;;2.63;0.0;100.0;not far-right;;;;;
Spain;Full democracy;1993-06-06;1993.0;Spanish Socialist Workers Party;;;39.1;159.0;350.0;not far-right;;;;;
Spain;Full democracy;1993-06-06;1993.0;People's Alliance-Party;;;35.04;141.0;350.0;not far-right;;;;;
Spain;Full democracy;1993-06-06;1993.0;United Left;Izquierda Unida;IU;9.63;18.0;350.0;not far-right;2100.0;2100.0;2100.0;2100.0;0.0
Spain;Full democracy;1993-06-06;1993.0;Convergence and Union;;;4.98;17.0;350.0;not far-right;;;;;
Spain;Full democracy;1993-06-06;1993.0;Basque Nationalist Party;;;1.25;5.0;350.0;not far-right;;;;;
Spain;Full democracy;1993-06-06;1993.0;Canary Coalition;;;0.88;4.0;350.0;not far-right;;;;;
Spain;Full democracy;1993-06-06;1993.0;United People;Herri Batasuna;HB;0.88;2.0;350.0;not far-right;2100.0;2100.0;2100.0;2100.0;0.0
Spain;Full democracy;1993-06-06;1993.0;Republican Left of Catalonia;;;0.81;1.0;350.0;not far-right;;;;;
Spain;Full democracy;1993-06-06;1993.0;Aragonese Regionalist Party;;;0.62;1.0;350.0;not far-right;;;;;
Spain;Full democracy;1993-06-06;1993.0;Basque Solidarity;;;0.55;1.0;350.0;not far-right;;;;;
Spain;Full democracy;1993-06-06;1993.0;Valencian Union;;;0.48;1.0;350.0;not far-right;;;;;
Spain;Full democracy;1993-06-06;1993.0;Democratic and Social Centre;;;1.77;0.0;350.0;not far-right;;;;;
Norway;Full democracy;1993-09-13;1993.0;Norwegian Labour Party;;;36.9;67.0;165.0;not far-right;;;;;
Norway;Full democracy;1993-09-13;1993.0;Centre Party;Senterpartiet;Sp;16.7;32.0;165.0;not far-right;2100.0;2100.0;2100.0;2100.0;1.0
Norway;Full democracy;1993-09-13;1993.0;Conservative Party;;;17.0;28.0;165.0;not far-right;;;;;
Norway;Full democracy;1993-09-13;1993.0;Socialist Left Party;Sosialistisk Venstreparti;SV;7.9;13.0;165.0;not far-right;2100.0;2100.0;2100.0;2100.0;1.0
Norway;Full democracy;1993-09-13;1993.0;Christian Democratic Party;;;7.9;13.0;165.0;not far-right;;;;;
Norway;Full democracy;1993-09-13;1993.0;Progress Party;Fremskrittspartiet;FrP;6.3;10.0;165.0;far-right;1900.0;2100.0;2100.0;2100.0;1.0
Norway;Full democracy;1993-09-13;1993.0;Liberal Party of Norway;;;3.6;1.0;165.0;not far-right;;;;;
Norway;Full democracy;1993-09-13;1993.0;Red Electoral Alliance;;;1.1;1.0;165.0;not far-right;;;;;
Norway;Full democracy;1993-09-13;1993.0;Pensioners Party;;;1.0;0.0;165.0;not far-right;;;;;
Poland;Flawed democracy;1993-09-19;1993.0;Democratic Left Alliance;;;20.4;171.0;460.0;not far-right;;;;;
Poland;Flawed democracy;1993-09-19;1993.0;Polish People's Party;;;15.4;132.0;460.0;not far-right;;;;;
Poland;Flawed democracy;1993-09-19;1993.0;Democratic | Freedom | Union;;;10.6;74.0;460.0;not far-right;;;;;
Poland;Flawed democracy;1993-09-19;1993.0;Labour Union;;;7.3;41.0;460.0;not far-right;;;;;
Poland;Flawed democracy;1993-09-19;1993.0;Confederation for Independent Poland;;;5.8;22.0;460.0;not far-right;;;;;
Poland;Flawed democracy;1993-09-19;1993.0;Non-Party Block for Supporting the Reforms;;;5.4;16.0;460.0;not far-right;;;;;
Poland;Flawed democracy;1993-09-19;1993.0;German minority;;;0.4;3.0;460.0;not far-right;;;;;
Poland;Flawed democracy;1993-09-19;1993.0;one seat;;;0.1;1.0;460.0;not far-right;;;;;
Poland;Flawed democracy;1993-09-19;1993.0;Solidarnosc;;;4.9;0.0;460.0;not far-right;;;;;
Poland;Flawed democracy;1993-09-19;1993.0;Peasants Agreement;;;2.4;0.0;460.0;not far-right;;;;;
Poland;Flawed democracy;1993-09-19;1993.0;Liberal Democratic Congress;;;4.0;0.0;460.0;not far-right;;;;;
Poland;Flawed democracy;1993-09-19;1993.0;Centre Agreement;;;4.42;0.0;460.0;not far-right;;;;;
Poland;Flawed democracy;1993-09-19;1993.0;Party X;Partia X;X;2.7;0.0;460.0;far-right;1900.0;2100.0;1900.0;2100.0;0.0
Poland;Flawed democracy;1993-09-19;1993.0;Real Politics Union;;;3.2;0.0;460.0;not far-right;;;;;
Poland;Flawed democracy;1993-09-19;1993.0;Christian National Union;Zjednoczenie Chrzescijansko-Narodowe;ZChN;6.37;0.0;460.0;far-right;1900.0;2100.0;1900.0;2100.0;0.0
Poland;Flawed democracy;1993-09-19;1993.0;Movement for the Republic;;;2.7;0.0;460.0;not far-right;;;;;
Poland;Flawed democracy;1993-09-19;1993.0;Self-Defense of the Republic Poland;;;2.78;0.0;460.0;not far-right;;;;;
Greece;Full democracy;1993-10-10;1993.0;Panhellenic Socialist Movement;;;47.1;170.0;300.0;not far-right;;;;;
Greece;Full democracy;1993-10-10;1993.0;New Democracy;;;39.3;111.0;300.0;not far-right;;;;;
Greece;Full democracy;1993-10-10;1993.0;Political Spring;Politiki Anixi;POLAN;4.9;10.0;300.0;far-right;1900.0;2100.0;2100.0;2100.0;0.0
Greece;Full democracy;1993-10-10;1993.0;Communist Party of Greece;;;4.5;9.0;300.0;not far-right;;;;;
Greece;Full democracy;1993-10-10;1993.0;Coalition of the Left;;;2.9;0.0;300.0;not far-right;;;;;
Italy;Flawed democracy;1994-03-27;1994.0;(Northern) League;Lega (Nord);Lega;;117.0;630.0;far-right;1900.0;2100.0;1900.0;2100.0;1.0
Italy;Flawed democracy;1994-03-27;1994.0;National Alliance;Alleanza Nazionale;AN;;109.0;630.0;far-right;1900.0;2100.0;1900.0;2100.0;0.0
Italy;Flawed democracy;1994-03-27;1994.0;Democrats of the Left;;;;109.0;630.0;not far-right;;;;;
Italy;Flawed democracy;1994-03-27;1994.0;Go Italy -- The People of Freedom;;;;99.0;630.0;not far-right;;;;;
Italy;Flawed democracy;1994-03-27;1994.0;Italian People's Party;;;15.7;46.0;630.0;not far-right;;;;;
Italy;Flawed democracy;1994-03-27;1994.0;Communist Refoundation Party;Partito della Rifondazione Comunista;PRC;;39.0;630.0;not far-right;2100.0;2100.0;2100.0;2100.0;0.0
Italy;Flawed democracy;1994-03-27;1994.0;Christian Democratic Centre;;;;29.0;630.0;not far-right;;;;;
Italy;Flawed democracy;1994-03-27;1994.0;Democratic Alliance;;;;18.0;630.0;not far-right;;;;;
Italy;Flawed democracy;1994-03-27;1994.0;Italian Socialist Party (Netherlands);;;;14.0;630.0;not far-right;;;;;
Italy;Flawed democracy;1994-03-27;1994.0;Federation of the Greens;;;;11.0;630.0;not far-right;;;;;
Italy;Flawed democracy;1994-03-27;1994.0;no party affiliation;;;;10.0;630.0;not far-right;;;;;
Italy;Flawed democracy;1994-03-27;1994.0;Movement for Democracy -- The Net;;;;6.0;630.0;not far-right;;;;;
Italy;Flawed democracy;1994-03-27;1994.0;Radicals;;;;6.0;630.0;not far-right;;;;;
Italy;Flawed democracy;1994-03-27;1994.0;Social Christians;;;;5.0;630.0;not far-right;;;;;
Italy;Flawed democracy;1994-03-27;1994.0;Democratic Union of the Centre;;;;4.0;630.0;not far-right;;;;;
Italy;Flawed democracy;1994-03-27;1994.0;South Tyrol Peoples Party;;;0.6;3.0;630.0;not far-right;;;;;
Italy;Flawed democracy;1994-03-27;1994.0;Liberal Democratic Pole;;;;2.0;630.0;not far-right;;;;;
Italy;Flawed democracy;1994-03-27;1994.0;one seat;;;;1.0;630.0;not far-right;;;;;
Italy;Flawed democracy;1994-03-27;1994.0;Southern Action League;Lega d'Azione Meridionale;LAM;0.2;1.0;630.0;far-right;1900.0;2100.0;1900.0;2100.0;0.0
Italy;Flawed democracy;1994-03-27;1994.0;Valdotanian Union;;;0.1;1.0;630.0;not far-right;;;;;
Italy;Flawed democracy;1994-03-27;1994.0;Centre Left;;;34.3;;630.0;not far-right;;;;;
Italy;Flawed democracy;1994-03-27;1994.0;Centre Right;;;46.4;;630.0;not far-right;;;;;
Netherlands;Full democracy;1994-05-03;1994.0;Labour Party;;;23.97;37.0;150.0;not far-right;;;;;
Netherlands;Full democracy;1994-05-03;1994.0;Christian Democratic Appeal;;;22.23;34.0;150.0;not far-right;;;;;
Netherlands;Full democracy;1994-05-03;1994.0;People's Party for Freedom and Democracy;;;19.96;31.0;150.0;not far-right;;;;;
Netherlands;Full democracy;1994-05-03;1994.0;Democrats 66;;;15.49;24.0;150.0;not far-right;;;;;
Netherlands;Full democracy;1994-05-03;1994.0;General Senior Union | United Seniors Party;;;3.63;6.0;150.0;not far-right;;;;;
Netherlands;Full democracy;1994-05-03;1994.0;GreenLeft;;;3.47;5.0;150.0;not far-right;;;;;
Netherlands;Full democracy;1994-05-03;1994.0;Centre Democrats;Centrum Democraten;CD;2.46;3.0;150.0;far-right;1900.0;2100.0;1900.0;2100.0;0.0
Netherlands;Full democracy;1994-05-03;1994.0;Reformatory Political Federation;;;1.77;3.0;150.0;not far-right;;;;;
Netherlands;Full democracy;1994-05-03;1994.0;Reformed Political League;;;1.33;2.0;150.0;not far-right;;;;;
Netherlands;Full democracy;1994-05-03;1994.0;Socialist Party (Netherlands);Socialistiese Partij;SP;1.32;2.0;150.0;not far-right;2100.0;2100.0;2100.0;2100.0;1.0
Netherlands;Full democracy;1994-05-03;1994.0;Political Reformed Party;;;1.73;2.0;150.0;not far-right;;;;;
Netherlands;Full democracy;1994-05-03;1994.0;one seat;;;0.87;1.0;150.0;not far-right;;;;;
Netherlands;Full democracy;1994-05-03;1994.0;Centre Party;;;0.36;0.0;150.0;not far-right;;;;;
Hungary;Flawed democracy;2010-04-25;2010.0;Christian Democratic People's Party;;;;36.0;386.0;not far-right;;;;;
Hungary;Flawed democracy;2014-04-06;2014.0;Christian Democratic People's Party;;;;16.0;199.0;not far-right;;;;;
Hungary;Flawed democracy;2018-04-08;2018.0;Christian Democratic People's Party;;;;16.0;199.0;not far-right;;;;;
Hungary;Flawed democracy;2022-04-03;2022.0;Christian Democratic People's Party;;;;18.0;199.0;not far-right;;;;;
Hungary;Flawed democracy;2014-04-06;2014.0;Democratic Coalition;;;;4.0;199.0;not far-right;;;;;
Hungary;Flawed democracy;2018-04-08;2018.0;Democratic Coalition;;;5.37;9.0;199.0;not far-right;;;;;
Hungary;Flawed democracy;2022-04-03;2022.0;Democratic Coalition;;;35.74;15.0;199.0;not far-right;;;;;
Hungary;Flawed democracy;2014-04-06;2014.0;Dialogue for Hungary;;;;1.0;199.0;not far-right;;;;;
Hungary;Flawed democracy;2018-04-08;2018.0;Dialogue for Hungary;;;;3.0;199.0;not far-right;;;;;
Hungary;Flawed democracy;2022-04-03;2022.0;Dialogue for Hungary;;;;6.0;199.0;not far-right;;;;;
Hungary;Flawed democracy;1990-04-08;1990.0;Entrepreneurs' Party;;;1.9;0.0;386.0;not far-right;;;;;
Luxembourg;Full democracy;1994-06-12;1994.0;Christian Social People's Party;;;29.71;21.0;60.0;not far-right;;;;;
Luxembourg;Full democracy;1994-06-12;1994.0;Luxembourg Socialist Workers' Party;;;26.69;17.0;60.0;not far-right;;;;;
Luxembourg;Full democracy;1994-06-12;1994.0;Democratic Party;;;18.35;12.0;60.0;not far-right;;;;;
Luxembourg;Full democracy;1994-06-12;1994.0;The Greens;;;10.17;5.0;60.0;not far-right;;;;;
Luxembourg;Full democracy;1994-06-12;1994.0;Action Committee Pensions | Alternative Democratic Reform Party;;;8.16;5.0;60.0;not far-right;;;;;
Luxembourg;Full democracy;1994-06-12;1994.0;National Movement;National Bewegong;NB;2.76;0.0;60.0;far-right;1900.0;2100.0;1900.0;2100.0;0.0
Luxembourg;Full democracy;1994-06-12;1994.0;Communist Party of Luxembourg;Kommunistesch Partei Lëtzebuerg;KPL;1.92;0.0;60.0;not far-right;2100.0;2100.0;2100.0;2100.0;0.0
Sweden;Full democracy;1994-09-18;1994.0;Social Democrats;;;45.3;161.0;349.0;not far-right;;;;;
Sweden;Full democracy;1994-09-18;1994.0;Moderate Party;;;22.4;80.0;349.0;not far-right;;;;;
Sweden;Full democracy;1994-09-18;1994.0;Centre Party;;;7.7;27.0;349.0;not far-right;;;;;
Sweden;Full democracy;1994-09-18;1994.0;People's Party;;;7.2;26.0;349.0;not far-right;;;;;
Sweden;Full democracy;1994-09-18;1994.0;Left Party;Vänsterpartiet;V;6.2;22.0;349.0;not far-right;2100.0;2100.0;2100.0;2100.0;1.0
Sweden;Full democracy;1994-09-18;1994.0;Greens;;;5.0;18.0;349.0;not far-right;;;;;
Sweden;Full democracy;1994-09-18;1994.0;Christian Democrats;;;4.1;15.0;349.0;not far-right;;;;;
Sweden;Full democracy;1994-09-18;1994.0;New Democracy;Ny Demokrati;NyD;1.2;0.0;349.0;not far-right;2100.0;2100.0;2100.0;2100.0;0.0
Denmark;Full democracy;1994-09-21;1994.0;Social Democrats;;;34.6;62.0;179.0;not far-right;;;;;
Denmark;Full democracy;1994-09-21;1994.0;Liberal Party;;;23.3;42.0;179.0;not far-right;;;;;
Denmark;Full democracy;1994-09-21;1994.0;Conservatives;;;15.0;27.0;179.0;not far-right;;;;;
Denmark;Full democracy;1994-09-21;1994.0;Socialist People's Party;Socialistisk Folkeparti;SF;7.3;13.0;179.0;not far-right;2100.0;2100.0;2100.0;2100.0;1.0
Denmark;Full democracy;1994-09-21;1994.0;Progress Party;Fremskridtspartiet;FrP;6.4;11.0;179.0;not far-right;2100.0;2100.0;2100.0;2100.0;0.0
Denmark;Full democracy;1994-09-21;1994.0;Danish Social Liberal Party;;;4.6;8.0;179.0;not far-right;;;;;
Denmark;Full democracy;1994-09-21;1994.0;Red-Green Alliance;Enhedslisten – De Rød-Grønne;En-O;3.1;6.0;179.0;not far-right;2100.0;2100.0;2100.0;2100.0;1.0
Denmark;Full democracy;1994-09-21;1994.0;Centre Democrats;;;2.8;5.0;179.0;not far-right;;;;;
Denmark;Full democracy;1994-09-21;1994.0;no party affiliation;;;1.0;1.0;179.0;not far-right;;;;;
Denmark;Full democracy;1994-09-21;1994.0;Solidarity (Greenland);;;;1.0;179.0;not far-right;;;;;
Denmark;Full democracy;1994-09-21;1994.0;People's Party (Faroe Islands);;;;1.0;179.0;not far-right;;;;;
Denmark;Full democracy;1994-09-21;1994.0;Union Party (Faroe Islands);;;;1.0;179.0;not far-right;;;;;
Denmark;Full democracy;1994-09-21;1994.0;others;;;;1.0;179.0;not far-right;;;;;
Denmark;Full democracy;1994-09-21;1994.0;Christian People's Party;;;1.8;0.0;179.0;not far-right;;;;;
Slovakia;Flawed democracy;1994-10-01;1994.0;Movement for a Democratic Slovakia;Hnutie za Demokratické Slovensko;HZDS / ĽS-HZDS;34.97;61.0;150.0;not far-right;2100.0;2100.0;2100.0;2100.0;0.0
Slovakia;Flawed democracy;1994-10-01;1994.0;Common Choice;;;10.42;18.0;150.0;not far-right;;;;;
Slovakia;Flawed democracy;1994-10-01;1994.0;Christian Democratic Movement;;;10.08;17.0;150.0;not far-right;;;;;
Slovakia;Flawed democracy;1994-10-01;1994.0;Democratic Union;;;8.57;15.0;150.0;not far-right;;;;;
Slovakia;Flawed democracy;1994-10-01;1994.0;Association of Workers of Slovakia;;;7.35;13.0;150.0;not far-right;;;;;
Slovakia;Flawed democracy;1994-10-01;1994.0;Slovak National Party;Slovenská Národná Strana;SNS;5.4;9.0;150.0;far-right;1900.0;2100.0;1900.0;2100.0;1.0
Slovakia;Flawed democracy;1994-10-01;1994.0;Coexistence;;;;9.0;150.0;not far-right;;;;;
Slovakia;Flawed democracy;1994-10-01;1994.0;Hungarian Christian Democratic Movement;;;;7.0;150.0;not far-right;;;;;
Slovakia;Flawed democracy;1994-10-01;1994.0;Hungarian Civic Party;;;;1.0;150.0;not far-right;;;;;
Slovakia;Flawed democracy;1994-10-01;1994.0;Democratic Party;;;3.43;0.0;150.0;not far-right;;;;;
Slovakia;Flawed democracy;1994-10-01;1994.0;Communist Party of Slovakia;Komunistická Strana Slovenska;KSS;2.72;0.0;150.0;not far-right;2100.0;2100.0;2100.0;2100.0;0.0
Slovakia;Flawed democracy;1994-10-01;1994.0;Christian Social Union;;;2.06;0.0;150.0;not far-right;;;;;
Slovakia;Flawed democracy;1994-10-01;1994.0;New Slovakia;;;1.33;0.0;150.0;not far-right;;;;;
Slovakia;Flawed democracy;1994-10-01;1994.0;Party against Corruption, for Order, Labour and Money for all Decent Citizens;;;1.32;0.0;150.0;not far-right;;;;;
Slovakia;Flawed democracy;1994-10-01;1994.0;Movement for a Prosperous Czechia and Slovakia;;;1.05;0.0;150.0;not far-right;;;;;
Slovakia;Flawed democracy;1994-10-01;1994.0;Hungarian Coalition;;;10.19;;150.0;not far-right;;;;;
Austria;Full democracy;1994-10-09;1994.0;Social Democratic Party of Austria;;;34.9;65.0;183.0;not far-right;;;;;
Austria;Full democracy;1994-10-09;1994.0;Austrian People's Party;;;27.7;52.0;183.0;not far-right;;;;;
Austria;Full democracy;1994-10-09;1994.0;Freedom Party of Austria;Freiheitliche Partei Österreichs;FPÖ;22.5;42.0;183.0;far-right;1900.0;2100.0;1900.0;2100.0;1.0
Austria;Full democracy;1994-10-09;1994.0;The Greens -- The Green Alternative;;;7.3;13.0;183.0;not far-right;;;;;
Austria;Full democracy;1994-10-09;1994.0;Liberal Forum;;;6.0;11.0;183.0;not far-right;;;;;
Austria;Full democracy;1994-10-09;1994.0;No -- Citizens' Initiative against EU membership;;;0.9;0.0;183.0;not far-right;;;;;
Germany;Full democracy;1994-10-16;1994.0;Social Democratic Party of Germany;;;36.4;252.0;672.0;not far-right;;;;;
Germany;Full democracy;1994-10-16;1994.0;Christian Democratic Union;;;34.2;244.0;672.0;not far-right;;;;;
Germany;Full democracy;1994-10-16;1994.0;Christian Social Union;;;7.3;50.0;672.0;not far-right;;;;;
Germany;Full democracy;1994-10-16;1994.0;Alliance 90 / Greens;;;7.3;49.0;672.0;not far-right;;;;;
Germany;Full democracy;1994-10-16;1994.0;Free Democratic Party;;;6.9;47.0;672.0;not far-right;;;;;
Germany;Full democracy;1994-10-16;1994.0;PDS | The Left;;;4.4;30.0;672.0;not far-right;;;;;
Germany;Full democracy;1994-10-16;1994.0;Republicans;Republikaner;Republikaner;1.9;0.0;672.0;far-right;1900.0;2100.0;1900.0;2100.0;0.0
Bulgaria;Flawed democracy;1994-12-18;1994.0;Coalition for Bulgaria | Democratic Left;;;43.5;125.0;240.0;not far-right;;;;;
Bulgaria;Flawed democracy;1994-12-18;1994.0;Union of Democratic Forces;;;24.23;69.0;240.0;not far-right;;;;;
Bulgaria;Flawed democracy;1994-12-18;1994.0;Agrarian People's Union;;;6.51;18.0;240.0;not far-right;;;;;
Bulgaria;Flawed democracy;1994-12-18;1994.0;Movement for Rights and Freedoms;;;5.44;15.0;240.0;not far-right;;;;;
Bulgaria;Flawed democracy;1994-12-18;1994.0;Bulgarian Business Bloc;;;4.73;13.0;240.0;not far-right;;;;;
Bulgaria;Flawed democracy;1994-12-18;1994.0;Democratic Alternative for the Republic;;;3.79;0.0;240.0;not far-right;;;;;
Bulgaria;Flawed democracy;1994-12-18;1994.0;Communist Party of Bulgaria;;;1.51;0.0;240.0;not far-right;;;;;
Bulgaria;Flawed democracy;1994-12-18;1994.0;Kingdom of Bulgaria Confederation;;;1.41;0.0;240.0;not far-right;;;;;
Bulgaria;Flawed democracy;1994-12-18;1994.0;"""New Choice"" Union";;;1.49;0.0;240.0;not far-right;;;;;
Bulgaria;Flawed democracy;1994-12-18;1994.0;Patriotic Union;;;1.43;0.0;240.0;not far-right;;;;;
Estonia;Full democracy;1995-03-05;1995.0;Estonian Coalition Party;;;32.23;41.0;101.0;not far-right;;;;;
Estonia;Full democracy;1995-03-05;1995.0;Estonian Reform Party;;;16.19;19.0;101.0;not far-right;;;;;
Estonia;Full democracy;1995-03-05;1995.0;Estonian Centre Party;Eesti Keskerakond;EK;14.17;16.0;101.0;not far-right;2100.0;2100.0;2100.0;2100.0;1.0
Estonia;Full democracy;1995-03-05;1995.0;"National Coalition Party ""Pro Patria""";;;7.86;8.0;101.0;not far-right;;;;;
Estonia;Full democracy;1995-03-05;1995.0;Constitution Party -- Estonian United People's Party;;;5.87;6.0;101.0;not far-right;;;;;
Estonia;Full democracy;1995-03-05;1995.0;Social Democratic Party | Moderates;;;5.99;6.0;101.0;not far-right;;;;;
Estonia;Full democracy;1995-03-05;1995.0;People's Party of Republicans and Conservatives;;;5.0;5.0;101.0;not far-right;;;;;
Estonia;Full democracy;1995-03-05;1995.0;Estonian Citizens;Eesti Kodanik;EKo;3.61;0.0;101.0;far-right;1900.0;2100.0;1900.0;2100.0;0.0
Estonia;Full democracy;1995-03-05;1995.0;Future Estonia | Independence;;;2.57;0.0;101.0;not far-right;;;;;
Estonia;Full democracy;1995-03-05;1995.0;Estonian Farmers Party;;;1.51;0.0;101.0;not far-right;;;;;
Estonia;Full democracy;1995-03-05;1995.0;Estonian [Social] Democratic Labour Party | Estonian Left Party;;;2.27;0.0;101.0;not far-right;;;;;
Finland;Full democracy;1995-03-19;1995.0;Social Democratic Party of Finland;;;28.3;63.0;200.0;not far-right;;;;;
Finland;Full democracy;1995-03-19;1995.0;Centre Party;;;19.8;44.0;200.0;not far-right;;;;;
Finland;Full democracy;1995-03-19;1995.0;National Coalition Party;;;17.9;39.0;200.0;not far-right;;;;;
Finland;Full democracy;1995-03-19;1995.0;Left Alliance;Demokraattinen Liitto | Vasemmistoliitto;VAS;11.2;22.0;200.0;not far-right;2100.0;2100.0;2100.0;2100.0;1.0
Finland;Full democracy;1995-03-19;1995.0;Swedish People's Party;;;5.1;11.0;200.0;not far-right;;;;;
Finland;Full democracy;1995-03-19;1995.0;Green League;;;6.5;9.0;200.0;not far-right;;;;;
Finland;Full democracy;1995-03-19;1995.0;Christian Democrats;;;3.0;7.0;200.0;not far-right;;;;;
Finland;Full democracy;1995-03-19;1995.0;Young Finns;;;2.8;2.0;200.0;not far-right;;;;;
Finland;Full democracy;1995-03-19;1995.0;Aland Coalition;;;0.4;1.0;200.0;not far-right;;;;;
Finland;Full democracy;1995-03-19;1995.0;Finns Party;Suomen Maaseudun Puolue | Perussuomalaiset;PS;1.3;1.0;200.0;far-right;1900.0;2100.0;2017.0;2100.0;1.0
Finland;Full democracy;1995-03-19;1995.0;Ecological Party;;;0.3;1.0;200.0;not far-right;;;;;
Finland;Full democracy;1995-03-19;1995.0;League for Free Finland;;;1.01;0.0;200.0;not far-right;;;;;
Belgium;Flawed democracy;1995-05-21;1995.0;Flemish Christian Peoples Party | Christian Democrats & Flemish;;;17.2;29.0;150.0;not far-right;;;;;
Belgium;Flawed democracy;1995-05-21;1995.0;Socialist Party (Netherlands) [Francophone];;;11.87;21.0;150.0;not far-right;;;;;
Belgium;Flawed democracy;1995-05-21;1995.0;Party of Liberty and Progress | Flemish Liberals and Democrats;;;13.15;21.0;150.0;not far-right;;;;;
Belgium;Flawed democracy;1995-05-21;1995.0;Socialist Party (Netherlands);;;12.6;20.0;150.0;not far-right;;;;;
Belgium;Flawed democracy;1995-05-21;1995.0;Liberal Reformist Party;;;10.26;18.0;150.0;not far-right;;;;;
Belgium;Flawed democracy;1995-05-21;1995.0;Francophone Christian Social Party -- Humanist Democratic Centre;;;7.73;12.0;150.0;not far-right;;;;;
Belgium;Flawed democracy;1995-05-21;1995.0;Flemish Interest;Vlaams Belang;VB;7.83;11.0;150.0;far-right;1900.0;2100.0;1900.0;2100.0;1.0
Belgium;Flawed democracy;1995-05-21;1995.0;Confederated ecologists for the organisation of original struggles;;;4.01;6.0;150.0;not far-right;;;;;
Belgium;Flawed democracy;1995-05-21;1995.0;People's Union;;;4.67;5.0;150.0;not far-right;;;;;
Belgium;Flawed democracy;1995-05-21;1995.0;Agalev -- Green;;;4.43;5.0;150.0;not far-right;;;;;
Belgium;Flawed democracy;1995-05-21;1995.0;National Front;Front National;FN;2.28;2.0;150.0;far-right;1900.0;2100.0;1900.0;2100.0;0.0
Belgium;Flawed democracy;1995-05-21;1995.0;Workers' Party of Belgium;Partij van de Arbeid – Parti du Travail;PVDA/PTB;0.6;0.0;150.0;not far-right;2100.0;2100.0;2100.0;2100.0;1.0
Latvia;Flawed democracy;1995-10-01;1995.0;Democratic Party Saimnieks;;;15.15;18.0;100.0;not far-right;;;;;
Latvia;Flawed democracy;1995-10-01;1995.0;Latvian Way;;;14.65;17.0;100.0;not far-right;;;;;
Latvia;Flawed democracy;1995-10-01;1995.0;People's Movement for Latvia (Siegerist Party);;;14.9;16.0;100.0;not far-right;;;;;
Latvia;Flawed democracy;1995-10-01;1995.0;For Fatherland and Freedom;Tevzemei un Brivibai / LNNK;TB / LNNK;11.94;14.0;100.0;far-right;1900.0;2100.0;1900.0;2100.0;0.0
Latvia;Flawed democracy;1995-10-01;1995.0;Christian Democratic Union;;;6.36;8.0;100.0;not far-right;;;;;
Latvia;Flawed democracy;1995-10-01;1995.0;Latvian National Independence Movement;;;6.32;8.0;100.0;not far-right;;;;;
Latvia;Flawed democracy;1995-10-01;1995.0;Latvian Unity Party;Latvijas Vienibas Partija;LVP;7.15;8.0;100.0;not far-right;2100.0;2100.0;2100.0;2100.0;0.0
Latvia;Flawed democracy;1995-10-01;1995.0;National Harmony Party;;;5.55;6.0;100.0;not far-right;;;;;
Latvia;Flawed democracy;1995-10-01;1995.0;Socialist Party (Netherlands) of Latvia;;;5.58;5.0;100.0;not far-right;;;;;
Latvia;Flawed democracy;1995-10-01;1995.0;Political Association of the Underprivileged and Latvian Independence Party;;;1.0;0.0;100.0;not far-right;;;;;
Latvia;Flawed democracy;1995-10-01;1995.0;Popular Front of Latvia;;;1.16;0.0;100.0;not far-right;;;;;
Latvia;Flawed democracy;1995-10-01;1995.0;Latvian Social Democratic Workers' Party;;;4.56;0.0;100.0;not far-right;;;;;
Latvia;Flawed democracy;1995-10-01;1995.0;Latvia's Party of Russian Citizens;;;1.25;0.0;100.0;not far-right;;;;;
Latvia;Flawed democracy;1995-10-01;1995.0;Political Union of Economists;;;1.49;0.0;100.0;not far-right;;;;;
Latvia;Flawed democracy;1995-10-01;1995.0;Union of Latvian Farmers ;;;1.37;0.0;100.0;not far-right;;;;;
Portugal;Full democracy;1995-10-01;1995.0;Socialist Party (Netherlands);;;44.61;112.0;230.0;not far-right;;;;;
Portugal;Full democracy;1995-10-01;1995.0;Social Democratic Party;;;34.78;88.0;230.0;not far-right;;;;;
Portugal;Full democracy;1995-10-01;1995.0;Democratic and Social Centre -- People's Party;;;9.23;15.0;230.0;not far-right;;;;;
Portugal;Full democracy;1995-10-01;1995.0;Portuguese Communist Party;Partido Comunista Português;PCP;;13.0;230.0;not far-right;2100.0;2100.0;2100.0;2100.0;1.0
Portugal;Full democracy;1995-10-01;1995.0;Ecology Party -- Greens;;;;2.0;230.0;not far-right;;;;;
Portugal;Full democracy;1995-10-01;1995.0;Communist Party of the Portuguese Workers / Reorganizative Movement of the Party of the Proletariat;;;0.71;0.0;230.0;not far-right;;;;;
Portugal;Full democracy;1995-10-01;1995.0;Unified Democratic Coalition;;;8.74;;230.0;not far-right;;;;;
Croatia;Flawed democracy;1995-10-29;1995.0;Croatian Democratic Union;Hrvatska Demokratska Zajednica;HDZ;45.23;75.0;127.0;far-right;1900.0;2000.0;1900.0;2000.0;1.0
Croatia;Flawed democracy;1995-10-29;1995.0;HSS–IDS–HNS–HKDU–SBHS;;;18.26;16.0;127.0;not far-right;;;;;
Croatia;Flawed democracy;1995-10-29;1995.0;Croatian Social Liberal Party;;;11.55;11.0;127.0;not far-right;;;;;
Croatia;Flawed democracy;1995-10-29;1995.0;Social Democratic Party;;;8.93;9.0;127.0;not far-right;;;;;
Croatia;Flawed democracy;1995-10-29;1995.0;National minorities;;;;7.0;127.0;not far-right;;;;;
Croatia;Flawed democracy;1995-10-29;1995.0;Croatian Party of Rights;Hrvatska Stranka Prava;HSP;5.01;4.0;127.0;far-right;1900.0;2100.0;1900.0;2100.0;0.0
Croatia;Flawed democracy;1995-10-29;1995.0;HSS–HSLS–HNS–HKDU–HND–IDS–SDP–HSP1861;;;;4.0;127.0;not far-right;;;;;
Croatia;Flawed democracy;1995-10-29;1995.0;Istrian Democratic Assembly;;;;1.0;127.0;not far-right;;;;;
Austria;Full democracy;1995-12-17;1995.0;Social Democratic Party of Austria;;;38.1;71.0;183.0;not far-right;;;;;
Austria;Full democracy;1995-12-17;1995.0;Austrian People's Party;;;28.3;52.0;183.0;not far-right;;;;;
Austria;Full democracy;1995-12-17;1995.0;Freedom Party of Austria;Freiheitliche Partei Österreichs;FPÖ;21.9;41.0;183.0;far-right;1900.0;2100.0;1900.0;2100.0;1.0
Austria;Full democracy;1995-12-17;1995.0;Liberal Forum;;;5.5;10.0;183.0;not far-right;;;;;
Austria;Full democracy;1995-12-17;1995.0;The Greens -- The Green Alternative;;;4.8;9.0;183.0;not far-right;;;;;
Austria;Full democracy;1995-12-17;1995.0;No -- Citizens' Initiative against EU membership;;;1.1;0.0;183.0;not far-right;;;;;
Spain;Full democracy;1996-03-03;1996.0;People's Alliance-Party;;;39.17;156.0;350.0;not far-right;;;;;
Spain;Full democracy;1996-03-03;1996.0;Spanish Socialist Workers Party;;;38.0;141.0;350.0;not far-right;;;;;
Spain;Full democracy;1996-03-03;1996.0;United Left;Izquierda Unida;IU;10.64;21.0;350.0;not far-right;2100.0;2100.0;2100.0;2100.0;0.0
Spain;Full democracy;1996-03-03;1996.0;Convergence and Union;;;4.64;16.0;350.0;not far-right;;;;;
Spain;Full democracy;1996-03-03;1996.0;Basque Nationalist Party;;;1.29;5.0;350.0;not far-right;;;;;
Spain;Full democracy;1996-03-03;1996.0;Canary Coalition;;;0.89;4.0;350.0;not far-right;;;;;
Spain;Full democracy;1996-03-03;1996.0;Galician Nationalist Bloc;Bloque Nacionalista Galego;BNG;0.89;2.0;350.0;not far-right;2100.0;2100.0;2100.0;2100.0;1.0
Spain;Full democracy;1996-03-03;1996.0;United People;Herri Batasuna;HB;0.73;2.0;350.0;not far-right;2100.0;2100.0;2100.0;2100.0;0.0
Spain;Full democracy;1996-03-03;1996.0;Basque Solidarity;;;0.47;1.0;350.0;not far-right;;;;;
Spain;Full democracy;1996-03-03;1996.0;Valencian Union;;;0.37;1.0;350.0;not far-right;;;;;
Spain;Full democracy;1996-03-03;1996.0;Republican Left of Catalonia;;;0.68;1.0;350.0;not far-right;;;;;
Spain;Full democracy;1996-03-03;1996.0;Andalusian Party;;;0.54;0.0;350.0;not far-right;;;;;
Italy;Flawed democracy;1996-04-21;1996.0;Democrats of the Left;;;;171.0;630.0;not far-right;;;;;
Italy;Flawed democracy;1996-04-21;1996.0;Go Italy -- The People of Freedom;;;;123.0;630.0;not far-right;;;;;
Italy;Flawed democracy;1996-04-21;1996.0;National Alliance;Alleanza Nazionale;AN;;93.0;630.0;far-right;1900.0;2100.0;1900.0;2100.0;0.0
Italy;Flawed democracy;1996-04-21;1996.0;Popular Party for Prodi;;;;75.0;630.0;not far-right;;;;;
Italy;Flawed democracy;1996-04-21;1996.0;(Northern) League;Lega (Nord);Lega;10.07;59.0;630.0;far-right;1900.0;2100.0;1900.0;2100.0;1.0
Italy;Flawed democracy;1996-04-21;1996.0;Communist Refoundation Party;Partito della Rifondazione Comunista;PRC;8.57;35.0;630.0;not far-right;2100.0;2100.0;2100.0;2100.0;0.0
Italy;Flawed democracy;1996-04-21;1996.0;Christian Democratic Centre / United Christian Democrats;;;;30.0;630.0;not far-right;;;;;
Italy;Flawed democracy;1996-04-21;1996.0;Dini List -- Italian Renewal;;;;26.0;630.0;not far-right;;;;;
Italy;Flawed democracy;1996-04-21;1996.0;Federation of the Greens;;;;16.0;630.0;not far-right;;;;;
Italy;Flawed democracy;1996-04-21;1996.0;Southern Action League;Lega d'Azione Meridionale;LAM;0.22;1.0;630.0;far-right;1900.0;2100.0;1900.0;2100.0;0.0
Italy;Flawed democracy;1996-04-21;1996.0;Valdotanian Union;;;0.1;1.0;630.0;not far-right;;;;;
Italy;Flawed democracy;1996-04-21;1996.0;Radicals;;;1.88;0.0;630.0;not far-right;;;;;
Italy;Flawed democracy;1996-04-21;1996.0;Centre Left;;;34.94;;630.0;not far-right;;;;;
Italy;Flawed democracy;1996-04-21;1996.0;Centre Right;;;42.1;;630.0;not far-right;;;;;
Cyprus;Flawed democracy;1996-05-26;1996.0;Democratic Rally;;;34.5;20.0;56.0;not far-right;;;;;
Cyprus;Flawed democracy;1996-05-26;1996.0;Progressive Party of Working People;Anorthotikó Kómma Ergazómenou Laoú;AKEL;33.0;19.0;56.0;not far-right;2100.0;2100.0;2100.0;2100.0;1.0
Cyprus;Flawed democracy;1996-05-26;1996.0;Democratic Party;;;16.4;10.0;56.0;not far-right;;;;;
Cyprus;Flawed democracy;1996-05-26;1996.0;Movement for Social Democracy EDEK;;;8.1;5.0;56.0;not far-right;;;;;
Cyprus;Flawed democracy;1996-05-26;1996.0;United Democrats;;;3.7;2.0;56.0;not far-right;;;;;
Cyprus;Flawed democracy;1996-05-26;1996.0;New Horizons;New Horizons;NH;1.7;0.0;56.0;far-right;1900.0;2100.0;1900.0;2100.0;0.0
Cyprus;Flawed democracy;1996-05-26;1996.0;Democratic Socialist Renewal Movement;;;1.4;0.0;56.0;not far-right;;;;;
Cyprus;Flawed democracy;1996-05-26;1996.0;Ecological and Environmental Movement;;;1.0;0.0;56.0;not far-right;;;;;
Czech Republic;Full democracy;1996-06-01;1996.0;Civic Democratic Party;;;29.62;68.0;200.0;not far-right;;;;;
Czech Republic;Full democracy;1996-06-01;1996.0;Czech Social Democratic Party;;;26.44;61.0;200.0;not far-right;;;;;
Czech Republic;Full democracy;1996-06-01;1996.0;Communist Party of Bohemia and Moravia;Komunistická strana Cech a Moravy;KSCM;10.33;22.0;200.0;not far-right;2100.0;2100.0;2100.0;2100.0;0.0
Czech Republic;Full democracy;1996-06-01;1996.0;Rally for the Republic - Republican Party of Czechoslovakia;Sdruzení pro republiku – Republikánská strana Ceskoslovenska;SPR-RSC;8.01;18.0;200.0;far-right;1900.0;2100.0;1900.0;2100.0;0.0
Czech Republic;Full democracy;1996-06-01;1996.0;Christian Democratic Union -- People's Party;;;8.08;18.0;200.0;not far-right;;;;;
Czech Republic;Full democracy;1996-06-01;1996.0;Civic Democratic Alliance;;;6.36;13.0;200.0;not far-right;;;;;
Czech Republic;Full democracy;1996-06-01;1996.0;Czech National Social(ist) Party;;;2.05;0.0;200.0;not far-right;;;;;
Czech Republic;Full democracy;1996-06-01;1996.0;Pensioners for a Secure Living;;;3.09;0.0;200.0;not far-right;;;;;
Czech Republic;Full democracy;1996-06-01;1996.0;Democratic Union;;;2.8;0.0;200.0;not far-right;;;;;
Czech Republic;Full democracy;1996-06-01;1996.0;Left Bloc;;;1.4;0.0;200.0;not far-right;;;;;
Greece;Full democracy;1996-09-22;1996.0;Panhellenic Socialist Movement;;;41.49;162.0;300.0;not far-right;;;;;
Greece;Full democracy;1996-09-22;1996.0;New Democracy;;;38.12;108.0;300.0;not far-right;;;;;
Greece;Full democracy;1996-09-22;1996.0;Communist Party of Greece;;;5.61;11.0;300.0;not far-right;;;;;
Greece;Full democracy;1996-09-22;1996.0;Coalition of the Left;;;5.12;10.0;300.0;not far-right;;;;;
Greece;Full democracy;1996-09-22;1996.0;Democratic Social Movement;Dimokratiko Koinoniko Kinima;DIKKI;4.43;9.0;300.0;not far-right;2100.0;2100.0;2100.0;2100.0;0.0
Greece;Full democracy;1996-09-22;1996.0;Political Spring;Politiki Anixi;POLAN;2.94;0.0;300.0;far-right;1900.0;2100.0;2100.0;2100.0;0.0
Lithuania;Flawed democracy;1996-10-20;1996.0;Homeland Union;;;31.34;70.0;141.0;not far-right;;;;;
Lithuania;Flawed democracy;1996-10-20;1996.0;Lithuanian Christian Democrats;;;10.43;16.0;141.0;not far-right;;;;;
Lithuania;Flawed democracy;1996-10-20;1996.0;Centre Union of Lithuania;;;8.67;13.0;141.0;not far-right;;;;;
Lithuania;Flawed democracy;1996-10-20;1996.0;Democratic Labour Party of Lithuania;;;10.01;12.0;141.0;not far-right;;;;;
Lithuania;Flawed democracy;1996-10-20;1996.0;Lithuanian Social Democratic Party -- 1989;;;6.94;12.0;141.0;not far-right;;;;;
Lithuania;Flawed democracy;1996-10-20;1996.0;no party affiliation;;;;4.0;141.0;not far-right;;;;;
Lithuania;Flawed democracy;1996-10-20;1996.0;others;;;;4.0;141.0;not far-right;;;;;
Lithuania;Flawed democracy;1996-10-20;1996.0;Lithuanian Democratic Party;;;2.2;3.0;141.0;not far-right;;;;;
Lithuania;Flawed democracy;1996-10-20;1996.0;Liberal and Centre Union;;;1.93;1.0;141.0;not far-right;;;;;
Lithuania;Flawed democracy;1996-10-20;1996.0;Lithuanian Peasant Party;;;1.75;1.0;141.0;not far-right;;;;;
Lithuania;Flawed democracy;1996-10-20;1996.0;Election Action of Lithuania's Poles;;;3.13;1.0;141.0;not far-right;;;;;
Lithuania;Flawed democracy;1996-10-20;1996.0;Union of Lithuanian Political Prisoners and Deportees;;;1.57;1.0;141.0;not far-right;;;;;
Lithuania;Flawed democracy;1996-10-20;1996.0;Young Lithuania;Jaunoji Lietuva;JL;4.01;1.0;141.0;far-right;1900.0;2100.0;1900.0;2100.0;0.0
Lithuania;Flawed democracy;1996-10-20;1996.0;Lithuanian Womens Party -- New Democratic Party;;;3.86;1.0;141.0;not far-right;;;;;
Lithuania;Flawed democracy;1996-10-20;1996.0;Christian Democratic Union;;;3.24;1.0;141.0;not far-right;;;;;
Lithuania;Flawed democracy;1996-10-20;1996.0;Alliance of the Lithuanian National Minorities;;;2.55;0.0;141.0;not far-right;;;;;
Lithuania;Flawed democracy;1996-10-20;1996.0;Lithuanian Russian Union;;;1.71;0.0;141.0;not far-right;;;;;
Lithuania;Flawed democracy;1996-10-20;1996.0;Lithuanian Liberty Union;;;1.57;0.0;141.0;not far-right;;;;;
Lithuania;Flawed democracy;1996-10-20;1996.0;Lithuanian Party of Economy;;;1.26;0.0;141.0;not far-right;;;;;
Malta;Flawed democracy;1996-10-26;1996.0;Malta Labour Party;;;50.7;35.0;69.0;not far-right;;;;;
Malta;Flawed democracy;1996-10-26;1996.0;Nationalist Party;;;47.8;34.0;69.0;not far-right;;;;;
Malta;Flawed democracy;1996-10-26;1996.0;Democratic Alternative;;;1.46;0.0;69.0;not far-right;;;;;
Slovenia;Flawed democracy;1996-11-10;1996.0;Liberal Democracy of Slovenia;;;27.01;25.0;90.0;not far-right;;;;;
Slovenia;Flawed democracy;1996-11-10;1996.0;Slovenian People's Party;;;19.38;19.0;90.0;not far-right;;;;;
Slovenia;Flawed democracy;1996-11-10;1996.0;Slovenian Democratic Party;Slovenska Demokratska Stranka;SDS;16.13;16.0;90.0;not far-right;2015.0;2100.0;2015.0;2100.0;1.0
Slovenia;Flawed democracy;1996-11-10;1996.0;New Slovenia – Christian Democrats;Nova Slovenija – Krščanski Demokrati;N.Si;9.62;10.0;90.0;far-right;1900.0;2100.0;1900.0;2100.0;1.0
Slovenia;Flawed democracy;1996-11-10;1996.0;United List -- Social Democrats;;;9.03;9.0;90.0;not far-right;;;;;
Slovenia;Flawed democracy;1996-11-10;1996.0;Democratic Party of Pensioners of Slovenia;;;4.32;5.0;90.0;not far-right;;;;;
Slovenia;Flawed democracy;1996-11-10;1996.0;Slovenian National Party;Slovenska Nacionalna Stranka;SNS;3.22;4.0;90.0;far-right;1900.0;2100.0;1900.0;2100.0;0.0
Slovenia;Flawed democracy;1996-11-10;1996.0;Italian national community;;;;1.0;90.0;not far-right;;;;;
Slovenia;Flawed democracy;1996-11-10;1996.0;Hungarian national community;;;;1.0;90.0;not far-right;;;;;
Slovenia;Flawed democracy;1996-11-10;1996.0;Greens of Slovenia;;;1.76;0.0;90.0;not far-right;;;;;
Slovenia;Flawed democracy;1996-11-10;1996.0;Democratic Party;;;2.68;0.0;90.0;not far-right;;;;;
Slovenia;Flawed democracy;1996-11-10;1996.0;Slovenian Craftsmen and Entrepreneurial Party;;;1.15;0.0;90.0;not far-right;;;;;
Slovenia;Flawed democracy;1996-11-10;1996.0;Slovenian Forum;;;1.06;0.0;90.0;not far-right;;;;;
Bulgaria;Flawed democracy;1997-04-19;1997.0;United Democratic Forces;;;49.15;137.0;240.0;not far-right;;;;;
Bulgaria;Flawed democracy;1997-04-19;1997.0;Coalition for Bulgaria | Democratic Left;;;22.44;58.0;240.0;not far-right;;;;;
Bulgaria;Flawed democracy;1997-04-19;1997.0;Movement for Rights and Freedoms;;;7.6;19.0;240.0;not far-right;;;;;
Bulgaria;Flawed democracy;1997-04-19;1997.0;Euro-Left Coalition;;;5.57;14.0;240.0;not far-right;;;;;
Bulgaria;Flawed democracy;1997-04-19;1997.0;Bulgarian Business Bloc;;;5.27;12.0;240.0;not far-right;;;;;
Bulgaria;Flawed democracy;1997-04-19;1997.0;Union for Tzar [Simeon II];;;1.12;0.0;240.0;not far-right;;;;;
Bulgaria;Flawed democracy;1997-04-19;1997.0;Communist Party of Bulgaria;;;1.3;0.0;240.0;not far-right;;;;;
United Kingdom;Full democracy;1997-05-01;1997.0;Labour;;;43.2;419.0;659.0;not far-right;;;;;
United Kingdom;Full democracy;1997-05-01;1997.0;Conservatives;;;30.7;165.0;659.0;not far-right;;;;;
United Kingdom;Full democracy;1997-05-01;1997.0;Liberals;;;16.8;46.0;659.0;not far-right;;;;;
United Kingdom;Full democracy;1997-05-01;1997.0;Ulster Unionist Party;;;0.83;10.0;659.0;not far-right;;;;;
United Kingdom;Full democracy;1997-05-01;1997.0;Scottish National Party;;;2.0;6.0;659.0;not far-right;;;;;
United Kingdom;Full democracy;1997-05-01;1997.0;Plaid Cymru;;;0.51;4.0;659.0;not far-right;;;;;
United Kingdom;Full democracy;1997-05-01;1997.0;Social Democratic and Labour Party;;;0.61;3.0;659.0;not far-right;;;;;
United Kingdom;Full democracy;1997-05-01;1997.0;We Ourselves;;;0.41;2.0;659.0;not far-right;;;;;
United Kingdom;Full democracy;1997-05-01;1997.0;Democratic Unionist Party;Democratic Unionist Party;DUP;0.34;2.0;659.0;not far-right;2100.0;2100.0;2100.0;2100.0;1.0
United Kingdom;Full democracy;1997-05-01;1997.0;one seat;;;0.04;1.0;659.0;not far-right;;;;;
United Kingdom;Full democracy;1997-05-01;1997.0;others;;;;1.0;659.0;not far-right;;;;;
United Kingdom;Full democracy;1997-05-01;1997.0;Referendum Party;;;2.6;0.0;659.0;not far-right;;;;;
France;Flawed democracy;1997-06-01;1997.0;Socialist Party (Netherlands);;;23.5;252.0;577.0;not far-right;;;;;
France;Flawed democracy;1997-06-01;1997.0;Rally for the Republic;;;15.67;139.0;577.0;not far-right;;;;;
France;Flawed democracy;1997-06-01;1997.0;Union for French Democracy | Democratic Movement;;;14.23;111.0;577.0;not far-right;;;;;
France;Flawed democracy;1997-06-01;1997.0;French Communist Party;Parti Communiste Français;PCF;9.93;39.0;577.0;not far-right;2100.0;2100.0;2100.0;2100.0;1.0
France;Flawed democracy;1997-06-01;1997.0;Radical Party of the Left;;;1.44;13.0;577.0;not far-right;;;;;
France;Flawed democracy;1997-06-01;1997.0;Greens;;;6.84;8.0;577.0;not far-right;;;;;
France;Flawed democracy;1997-06-01;1997.0;Citizens' Movement;;;2.8;7.0;577.0;not far-right;;;;;
France;Flawed democracy;1997-06-01;1997.0;other right;;;6.61;6.0;577.0;not far-right;;;;;
France;Flawed democracy;1997-06-01;1997.0;National Front / Rally;Front National / Rassemblement National;FN / RN;14.95;1.0;577.0;far-right;1900.0;2100.0;1900.0;2100.0;1.0
France;Flawed democracy;1997-06-01;1997.0;others;;;1.4;1.0;577.0;not far-right;;;;;
France;Flawed democracy;1997-06-01;1997.0;other far-left;;;2.53;0.0;577.0;not far-right;;;;;
Ireland;Full democracy;1997-06-06;1997.0;Fianna Fail;;;39.33;77.0;166.0;not far-right;;;;;
Ireland;Full democracy;1997-06-06;1997.0;Fine Gael (Family of the Irish);;;27.95;54.0;166.0;not far-right;;;;;
Ireland;Full democracy;1997-06-06;1997.0;Labour Party;;;10.4;17.0;166.0;not far-right;;;;;
Ireland;Full democracy;1997-06-06;1997.0;no party affiliation;;;;6.0;166.0;not far-right;;;;;
Ireland;Full democracy;1997-06-06;1997.0;Progressive Democrats;;;4.68;4.0;166.0;not far-right;;;;;
Ireland;Full democracy;1997-06-06;1997.0;Democratic Left;;;2.51;4.0;166.0;not far-right;;;;;
Ireland;Full democracy;1997-06-06;1997.0;Green Party;;;2.76;2.0;166.0;not far-right;;;;;
Ireland;Full democracy;1997-06-06;1997.0;We Ourselves;Sinn Féin;SF;2.55;1.0;166.0;not far-right;2100.0;2100.0;2100.0;2100.0;1.0
Ireland;Full democracy;1997-06-06;1997.0;Socialist Party (Netherlands);;;0.7;1.0;166.0;not far-right;;;;;
Ireland;Full democracy;1997-06-06;1997.0;National Party;;;1.07;0.0;166.0;not far-right;;;;;
Norway;Full democracy;1997-09-16;1997.0;Norwegian Labour Party;;;35.0;65.0;165.0;not far-right;;;;;
Norway;Full democracy;1997-09-16;1997.0;Christian Democratic Party;;;13.7;25.0;165.0;not far-right;;;;;
Norway;Full democracy;1997-09-16;1997.0;Progress Party;Fremskrittspartiet;FrP;15.3;25.0;165.0;far-right;1900.0;2100.0;2100.0;2100.0;1.0
Norway;Full democracy;1997-09-16;1997.0;Conservative Party;;;14.3;23.0;165.0;not far-right;;;;;
Norway;Full democracy;1997-09-16;1997.0;Centre Party;Senterpartiet;Sp;7.9;11.0;165.0;not far-right;2100.0;2100.0;2100.0;2100.0;1.0
Norway;Full democracy;1997-09-16;1997.0;Socialist Left Party;Sosialistisk Venstreparti;SV;6.0;9.0;165.0;not far-right;2100.0;2100.0;2100.0;2100.0;1.0
Norway;Full democracy;1997-09-16;1997.0;Liberal Party of Norway;;;4.5;6.0;165.0;not far-right;;;;;
Norway;Full democracy;1997-09-16;1997.0;Coastal Party;Kystpartiet;Kp;0.4;1.0;165.0;not far-right;2100.0;2100.0;2100.0;2100.0;0.0
Norway;Full democracy;1997-09-16;1997.0;Red Electoral Alliance;;;1.7;0.0;165.0;not far-right;;;;;
Poland;Flawed democracy;1997-09-21;1997.0;Solidarity Electoral Action;;;33.83;201.0;460.0;not far-right;;;;;
Poland;Flawed democracy;1997-09-21;1997.0;Democratic Left Alliance;;;27.13;164.0;460.0;not far-right;;;;;
Poland;Flawed democracy;1997-09-21;1997.0;Democratic | Freedom | Union;;;13.37;60.0;460.0;not far-right;;;;;
Poland;Flawed democracy;1997-09-21;1997.0;Polish People's Party;;;7.31;27.0;460.0;not far-right;;;;;
Poland;Flawed democracy;1997-09-21;1997.0;Movement for the Reconstruction of Poland;Ruch Odbudowy Polski;ROP;5.56;6.0;460.0;far-right;1900.0;2100.0;2100.0;2100.0;0.0
Poland;Flawed democracy;1997-09-21;1997.0;German minority;;;0.4;2.0;460.0;not far-right;;;;;
Poland;Flawed democracy;1997-09-21;1997.0;Labour Union;;;4.74;0.0;460.0;not far-right;;;;;
Poland;Flawed democracy;1997-09-21;1997.0;Real Politics Union;;;2.033;0.0;460.0;not far-right;;;;;
Poland;Flawed democracy;1997-09-21;1997.0;National Party of Pensioners and Retired;;;2.18;0.0;460.0;not far-right;;;;;
Poland;Flawed democracy;1997-09-21;1997.0;National Agreement of Pensioners and Retired of the Republic Poland;;;1.63;0.0;460.0;not far-right;;;;;
Poland;Flawed democracy;1997-09-21;1997.0;National Christian Democratic -- Block for Poland;;;1.36;0.0;460.0;not far-right;;;;;
Denmark;Full democracy;1998-03-11;1998.0;Social Democrats;;;35.9;63.0;179.0;not far-right;;;;;
Denmark;Full democracy;1998-03-11;1998.0;Liberal Party;;;24.0;42.0;179.0;not far-right;;;;;
Denmark;Full democracy;1998-03-11;1998.0;Conservatives;;;8.9;16.0;179.0;not far-right;;;;;
Denmark;Full democracy;1998-03-11;1998.0;Danish People's Party;Dansk Folkeparti;DF;7.4;13.0;179.0;far-right;1900.0;2100.0;1900.0;2100.0;1.0
Denmark;Full democracy;1998-03-11;1998.0;Socialist People's Party;Socialistisk Folkeparti;SF;7.6;13.0;179.0;not far-right;2100.0;2100.0;2100.0;2100.0;1.0
Denmark;Full democracy;1998-03-11;1998.0;Centre Democrats;;;4.3;8.0;179.0;not far-right;;;;;
Denmark;Full democracy;1998-03-11;1998.0;Danish Social Liberal Party;;;3.9;7.0;179.0;not far-right;;;;;
Denmark;Full democracy;1998-03-11;1998.0;Red-Green Alliance;Enhedslisten – De Rød-Grønne;En-O;2.7;5.0;179.0;not far-right;2100.0;2100.0;2100.0;2100.0;1.0
Denmark;Full democracy;1998-03-11;1998.0;Christian People's Party;;;2.5;4.0;179.0;not far-right;;;;;
Denmark;Full democracy;1998-03-11;1998.0;Progress Party;Fremskridtspartiet;FrP;2.4;4.0;179.0;not far-right;2100.0;2100.0;2100.0;2100.0;0.0
Denmark;Full democracy;1998-03-11;1998.0;Forward (Greenland);;;;1.0;179.0;not far-right;;;;;
Denmark;Full democracy;1998-03-11;1998.0;People's Party (Faroe Islands);;;;1.0;179.0;not far-right;;;;;
Denmark;Full democracy;1998-03-11;1998.0;Social Democratic Party (Faroe Islands);;;;1.0;179.0;not far-right;;;;;
Denmark;Full democracy;1998-03-11;1998.0;Solidarity (Greenland);;;;1.0;179.0;not far-right;;;;;
Denmark;Full democracy;1998-03-11;1998.0;no seat;;;0.3;0.0;179.0;not far-right;;;;;
Netherlands;Full democracy;1998-05-06;1998.0;Labour Party;;;28.98;45.0;150.0;not far-right;;;;;
Netherlands;Full democracy;1998-05-06;1998.0;People's Party for Freedom and Democracy;;;24.69;38.0;150.0;not far-right;;;;;
Netherlands;Full democracy;1998-05-06;1998.0;Christian Democratic Appeal;;;18.37;29.0;150.0;not far-right;;;;;
Netherlands;Full democracy;1998-05-06;1998.0;Democrats 66;;;8.99;14.0;150.0;not far-right;;;;;
Netherlands;Full democracy;1998-05-06;1998.0;GreenLeft;;;7.27;11.0;150.0;not far-right;;;;;
Netherlands;Full democracy;1998-05-06;1998.0;Socialist Party (Netherlands);Socialistiese Partij;SP;3.53;5.0;150.0;not far-right;2100.0;2100.0;2100.0;2100.0;1.0
Netherlands;Full democracy;1998-05-06;1998.0;Reformatory Political Federation;;;2.03;3.0;150.0;not far-right;;;;;
Netherlands;Full democracy;1998-05-06;1998.0;Political Reformed Party;;;1.78;3.0;150.0;not far-right;;;;;
Netherlands;Full democracy;1998-05-06;1998.0;Reformed Political League;;;1.26;2.0;150.0;not far-right;;;;;
Netherlands;Full democracy;1998-05-06;1998.0;Centre Democrats;Centrum Democraten;CD;0.61;0.0;150.0;far-right;1900.0;2100.0;1900.0;2100.0;0.0
Hungary;Flawed democracy;1994-05-29;1994.0;Entrepreneurs' Party;;;0.6;1.0;386.0;not far-right;;;;;
Hungary;Flawed democracy;2006-04-09;2006.0;Fidesz;Fidesz;Fidesz;42.0;;386.0;not far-right;2010.0;2100.0;2010.0;2100.0;1.0
Hungary;Flawed democracy;2010-04-25;2010.0;Fidesz;Fidesz;Fidesz;52.73;;386.0;far-right;2010.0;2100.0;2010.0;2100.0;1.0
Hungary;Flawed democracy;2014-04-06;2014.0;Fidesz;Fidesz;Fidesz;44.87;;199.0;far-right;2010.0;2100.0;2010.0;2100.0;1.0
Hungary;Flawed democracy;2018-04-08;2018.0;Fidesz;Fidesz;Fidesz;49.28;;199.0;far-right;2010.0;2100.0;2010.0;2100.0;1.0
Hungary;Flawed democracy;2022-04-03;2022.0;Fidesz;Fidesz;Fidesz;54.13;;199.0;far-right;2010.0;2100.0;2010.0;2100.0;1.0
Hungary;Flawed democracy;2026-04-12;2026.0;Fidesz;Fidesz;Fidesz;38.61;52.0;199.0;far-right;2010.0;2100.0;2010.0;2100.0;1.0
Hungary;Flawed democracy;1990-04-08;1990.0;Fidesz;Fidesz;Fidesz;9.0;22.0;386.0;not far-right;2010.0;2100.0;2010.0;2100.0;1.0
Hungary;Flawed democracy;1994-05-29;1994.0;Fidesz;Fidesz;Fidesz;7.0;20.0;386.0;not far-right;2010.0;2100.0;2010.0;2100.0;1.0
Czech Republic;Full democracy;1998-06-20;1998.0;Czech Social Democratic Party;;;32.31;74.0;200.0;not far-right;;;;;
Czech Republic;Full democracy;1998-06-20;1998.0;Civic Democratic Party;;;27.74;63.0;200.0;not far-right;;;;;
Czech Republic;Full democracy;1998-06-20;1998.0;Communist Party of Bohemia and Moravia;Komunistická strana Cech a Moravy;KSCM;11.03;24.0;200.0;not far-right;2100.0;2100.0;2100.0;2100.0;0.0
Czech Republic;Full democracy;1998-06-20;1998.0;Christian Democratic Union -- People's Party;;;9.0;20.0;200.0;not far-right;;;;;
Czech Republic;Full democracy;1998-06-20;1998.0;Freedom Union;;;8.6;19.0;200.0;not far-right;;;;;
Czech Republic;Full democracy;1998-06-20;1998.0;Pensioners for a Secure Living;;;3.06;0.0;200.0;not far-right;;;;;
Czech Republic;Full democracy;1998-06-20;1998.0;Democratic Union;;;1.45;0.0;200.0;not far-right;;;;;
Czech Republic;Full democracy;1998-06-20;1998.0;Rally for the Republic - Republican Party of Czechoslovakia;Sdruzení pro republiku – Republikánská strana Ceskoslovenska;SPR-RSC;3.9;0.0;200.0;far-right;1900.0;2100.0;1900.0;2100.0;0.0
Czech Republic;Full democracy;1998-06-20;1998.0;Green Party;;;1.12;0.0;200.0;not far-right;;;;;
Malta;Flawed democracy;1998-09-05;1998.0;Nationalist Party;;;51.81;35.0;65.0;not far-right;;;;;
Malta;Flawed democracy;1998-09-05;1998.0;Malta Labour Party;;;46.97;30.0;65.0;not far-right;;;;;
Malta;Flawed democracy;1998-09-05;1998.0;Democratic Alternative;;;1.21;0.0;65.0;not far-right;;;;;
Sweden;Full democracy;1998-09-20;1998.0;Social Democrats;;;36.38;131.0;349.0;not far-right;;;;;
Sweden;Full democracy;1998-09-20;1998.0;Moderate Party;;;22.9;82.0;349.0;not far-right;;;;;
Sweden;Full democracy;1998-09-20;1998.0;Left Party;Vänsterpartiet;V;11.99;43.0;349.0;not far-right;2100.0;2100.0;2100.0;2100.0;1.0
Sweden;Full democracy;1998-09-20;1998.0;Christian Democrats;;;11.76;42.0;349.0;not far-right;;;;;
Sweden;Full democracy;1998-09-20;1998.0;Centre Party;;;5.12;18.0;349.0;not far-right;;;;;
Sweden;Full democracy;1998-09-20;1998.0;People's Party;;;4.71;17.0;349.0;not far-right;;;;;
Sweden;Full democracy;1998-09-20;1998.0;Greens;;;4.49;16.0;349.0;not far-right;;;;;
Sweden;Full democracy;1998-09-20;1998.0;Swedish Senior Citizen Interest Party;;;1.0;0.0;349.0;not far-right;;;;;
Slovakia;Flawed democracy;1998-09-26;1998.0;Movement for a Democratic Slovakia;Hnutie za Demokratické Slovensko;HZDS / ĽS-HZDS;27.0;43.0;150.0;not far-right;2100.0;2100.0;2100.0;2100.0;0.0
Slovakia;Flawed democracy;1998-09-26;1998.0;Slovak Democratic Coalition;;;26.33;42.0;150.0;not far-right;;;;;
Slovakia;Flawed democracy;1998-09-26;1998.0;Party of the Democratic Left;;;14.66;23.0;150.0;not far-right;;;;;
Slovakia;Flawed democracy;1998-09-26;1998.0;Hungarian Coalition;;;9.12;15.0;150.0;not far-right;;;;;
Slovakia;Flawed democracy;1998-09-26;1998.0;Slovak National Party;Slovenská Národná Strana;SNS;9.07;14.0;150.0;far-right;1900.0;2100.0;1900.0;2100.0;1.0
Slovakia;Flawed democracy;1998-09-26;1998.0;Party of Civic Understanding;Strana Obcianskeho Porozumenia;SOP;8.01;13.0;150.0;not far-right;2100.0;2100.0;2100.0;2100.0;0.0
Slovakia;Flawed democracy;1998-09-26;1998.0;Communist Party of Slovakia;Komunistická Strana Slovenska;KSS;2.79;0.0;150.0;not far-right;2100.0;2100.0;2100.0;2100.0;0.0
Slovakia;Flawed democracy;1998-09-26;1998.0;Association of Workers of Slovakia;;;1.3;0.0;150.0;not far-right;;;;;
Germany;Full democracy;1998-09-27;1998.0;Social Democratic Party of Germany;;;40.9;298.0;669.0;not far-right;;;;;
Germany;Full democracy;1998-09-27;1998.0;Christian Democratic Union;;;28.4;198.0;669.0;not far-right;;;;;
Germany;Full democracy;1998-09-27;1998.0;Alliance 90 / Greens;;;6.7;47.0;669.0;not far-right;;;;;
Germany;Full democracy;1998-09-27;1998.0;Christian Social Union;;;6.7;47.0;669.0;not far-right;;;;;
Germany;Full democracy;1998-09-27;1998.0;Free Democratic Party;;;6.2;43.0;669.0;not far-right;;;;;
Germany;Full democracy;1998-09-27;1998.0;PDS | The Left;;;5.1;36.0;669.0;not far-right;;;;;
Germany;Full democracy;1998-09-27;1998.0;German People's Union;;;1.2;0.0;669.0;not far-right;;;;;
Germany;Full democracy;1998-09-27;1998.0;Republicans;Republikaner;Republikaner;1.8;0.0;669.0;far-right;1900.0;2100.0;1900.0;2100.0;0.0
Latvia;Flawed democracy;1998-10-03;1998.0;People's Party;;;21.19;24.0;100.0;not far-right;;;;;
Latvia;Flawed democracy;1998-10-03;1998.0;Latvian Way;;;18.05;21.0;100.0;not far-right;;;;;
Latvia;Flawed democracy;1998-10-03;1998.0;National Alliance;Nacionālā Apvienība;;14.65;17.0;100.0;far-right;1900.0;2100.0;1900.0;2100.0;1.0
Latvia;Flawed democracy;1998-10-03;1998.0;National Harmony Party;;;14.12;16.0;100.0;not far-right;;;;;
Latvia;Flawed democracy;1998-10-03;1998.0;Latvian Social Democratic Workers' Party;;;12.81;14.0;100.0;not far-right;;;;;
Latvia;Flawed democracy;1998-10-03;1998.0;New Era Party;;;7.31;8.0;100.0;not far-right;;;;;
Latvia;Flawed democracy;1998-10-03;1998.0;Latvian Green Party;;;2.29;0.0;100.0;not far-right;;;;;
Latvia;Flawed democracy;1998-10-03;1998.0;Farmers Union of Latvia;;;2.47;0.0;100.0;not far-right;;;;;
Latvia;Flawed democracy;1998-10-03;1998.0;Democratic Party Saimnieks;;;1.6;0.0;100.0;not far-right;;;;;
Latvia;Flawed democracy;1998-10-03;1998.0;People's Movement for Latvia (Siegerist Party);;;1.73;0.0;100.0;not far-right;;;;;
Estonia;Full democracy;1999-03-07;1999.0;Estonian Centre Party;Eesti Keskerakond;EK;23.41;28.0;101.0;not far-right;2100.0;2100.0;2100.0;2100.0;1.0
Estonia;Full democracy;1999-03-07;1999.0;Estonian Reform Party;;;15.92;18.0;101.0;not far-right;;;;;
Estonia;Full democracy;1999-03-07;1999.0;Pro Patria Union;;;16.09;18.0;101.0;not far-right;;;;;
Estonia;Full democracy;1999-03-07;1999.0;Social Democratic Party | Moderates;;;15.21;17.0;101.0;not far-right;;;;;
Estonia;Full democracy;1999-03-07;1999.0;Estonian Coalition Party;;;7.58;7.0;101.0;not far-right;;;;;
Estonia;Full democracy;1999-03-07;1999.0;Conservative People’s Party of Estonia;Eesti Konservatiivne Rahvaerakond;EKRE;7.27;7.0;101.0;far-right;1900.0;2100.0;1900.0;2100.0;1.0
Estonia;Full democracy;1999-03-07;1999.0;Constitution Party -- Estonian United People's Party;;;6.13;6.0;101.0;not far-right;;;;;
Estonia;Full democracy;1999-03-07;1999.0;Estonian Christian Democrats;;;2.43;0.0;101.0;not far-right;;;;;
Estonia;Full democracy;1999-03-07;1999.0;Russian Party in Estonia;;;2.03;0.0;101.0;not far-right;;;;;
Estonia;Full democracy;1999-03-07;1999.0;Estonian Blue Party -- Democrats;;;1.6;;101.0;not far-right;;;;;
Finland;Full democracy;1999-03-21;1999.0;Social Democratic Party of Finland;;;22.9;51.0;200.0;not far-right;;;;;
Finland;Full democracy;1999-03-21;1999.0;Centre Party;;;22.4;48.0;200.0;not far-right;;;;;
Finland;Full democracy;1999-03-21;1999.0;National Coalition Party;;;21.0;46.0;200.0;not far-right;;;;;
Finland;Full democracy;1999-03-21;1999.0;Left Alliance;Demokraattinen Liitto | Vasemmistoliitto;VAS;10.9;20.0;200.0;not far-right;2100.0;2100.0;2100.0;2100.0;1.0
Finland;Full democracy;1999-03-21;1999.0;Swedish People's Party;;;5.1;11.0;200.0;not far-right;;;;;
Finland;Full democracy;1999-03-21;1999.0;Green League;;;7.3;11.0;200.0;not far-right;;;;;
Finland;Full democracy;1999-03-21;1999.0;Christian Democrats;;;4.2;10.0;200.0;not far-right;;;;;
Finland;Full democracy;1999-03-21;1999.0;Finns Party;Suomen Maaseudun Puolue | Perussuomalaiset;PS;1.0;1.0;200.0;far-right;1900.0;2100.0;2017.0;2100.0;1.0
Finland;Full democracy;1999-03-21;1999.0;Aland Coalition;;;0.4;1.0;200.0;not far-right;;;;;
Finland;Full democracy;1999-03-21;1999.0;Reform Group;;;1.1;1.0;200.0;not far-right;;;;;
Finland;Full democracy;1999-03-21;1999.0;Young Finns;;;1.0;0.0;200.0;not far-right;;;;;
Belgium;Flawed democracy;1999-06-13;1999.0;Party of Liberty and Progress | Flemish Liberals and Democrats;;;14.3;23.0;150.0;not far-right;;;;;
Belgium;Flawed democracy;1999-06-13;1999.0;Flemish Christian Peoples Party | Christian Democrats & Flemish;;;14.09;22.0;150.0;not far-right;;;;;
Belgium;Flawed democracy;1999-06-13;1999.0;Socialist Party (Netherlands) [Francophone];;;10.16;19.0;150.0;not far-right;;;;;
Belgium;Flawed democracy;1999-06-13;1999.0;Liberal Reformist Party;;;10.14;18.0;150.0;not far-right;;;;;
Belgium;Flawed democracy;1999-06-13;1999.0;Flemish Interest;Vlaams Belang;VB;9.87;15.0;150.0;far-right;1900.0;2100.0;1900.0;2100.0;1.0
Belgium;Flawed democracy;1999-06-13;1999.0;Socialist Party (Netherlands);;;9.55;14.0;150.0;not far-right;;;;;
Belgium;Flawed democracy;1999-06-13;1999.0;Confederated ecologists for the organisation of original struggles;;;7.3;11.0;150.0;not far-right;;;;;
Belgium;Flawed democracy;1999-06-13;1999.0;Francophone Christian Social Party -- Humanist Democratic Centre;;;5.88;10.0;150.0;not far-right;;;;;
Belgium;Flawed democracy;1999-06-13;1999.0;Agalev -- Green;;;6.99;9.0;150.0;not far-right;;;;;
Belgium;Flawed democracy;1999-06-13;1999.0;People's Union;;;5.56;8.0;150.0;not far-right;;;;;
Belgium;Flawed democracy;1999-06-13;1999.0;National Front;Front National;FN;1.45;1.0;150.0;far-right;1900.0;2100.0;1900.0;2100.0;0.0
Belgium;Flawed democracy;1999-06-13;1999.0;Alive;;;2.1;0.0;150.0;not far-right;;;;;
Luxembourg;Full democracy;1999-06-13;1999.0;Christian Social People's Party;;;29.72;19.0;60.0;not far-right;;;;;
Luxembourg;Full democracy;1999-06-13;1999.0;Democratic Party;;;21.59;15.0;60.0;not far-right;;;;;
Luxembourg;Full democracy;1999-06-13;1999.0;Luxembourg Socialist Workers' Party;;;23.74;13.0;60.0;not far-right;;;;;
Luxembourg;Full democracy;1999-06-13;1999.0;Action Committee Pensions | Alternative Democratic Reform Party;;;10.36;7.0;60.0;not far-right;;;;;
Luxembourg;Full democracy;1999-06-13;1999.0;The Greens;;;9.1;5.0;60.0;not far-right;;;;;
Luxembourg;Full democracy;1999-06-13;1999.0;The Left;Déi Lénk ;Dei Lenk;3.76;1.0;60.0;not far-right;2100.0;2100.0;2100.0;2100.0;1.0
Luxembourg;Full democracy;1999-06-13;1999.0;Green Left Ecological Initiative;;;1.09;0.0;60.0;not far-right;;;;;
Austria;Full democracy;1999-10-03;1999.0;Social Democratic Party of Austria;;;33.2;65.0;183.0;not far-right;;;;;
Austria;Full democracy;1999-10-03;1999.0;Austrian People's Party;;;26.9;52.0;183.0;not far-right;;;;;
Austria;Full democracy;1999-10-03;1999.0;Freedom Party of Austria;Freiheitliche Partei Österreichs;FPÖ;26.9;52.0;183.0;far-right;1900.0;2100.0;1900.0;2100.0;1.0
Austria;Full democracy;1999-10-03;1999.0;The Greens -- The Green Alternative;;;7.4;14.0;183.0;not far-right;;;;;
Austria;Full democracy;1999-10-03;1999.0;The Independents -- Lugner's List;;;1.0;0.0;183.0;not far-right;;;;;
Austria;Full democracy;1999-10-03;1999.0;Liberal Forum;;;3.7;0.0;183.0;not far-right;;;;;
Portugal;Full democracy;1999-10-10;1999.0;Socialist Party (Netherlands);;;44.96;115.0;230.0;not far-right;;;;;
Portugal;Full democracy;1999-10-10;1999.0;Social Democratic Party;;;32.98;81.0;230.0;not far-right;;;;;
Portugal;Full democracy;1999-10-10;1999.0;Democratic and Social Centre -- People's Party;;;8.51;15.0;230.0;not far-right;;;;;
Portugal;Full democracy;1999-10-10;1999.0;Portuguese Communist Party;Partido Comunista Português;PCP;;15.0;230.0;not far-right;2100.0;2100.0;2100.0;2100.0;1.0
Portugal;Full democracy;1999-10-10;1999.0;Bloc of the Left;;;2.49;2.0;230.0;not far-right;;;;;
Portugal;Full democracy;1999-10-10;1999.0;Ecology Party -- Greens;;;;2.0;230.0;not far-right;;;;;
Portugal;Full democracy;1999-10-10;1999.0;Communist Party of the Portuguese Workers / Reorganizative Movement of the Party of the Proletariat;;;0.75;0.0;230.0;not far-right;;;;;
Portugal;Full democracy;1999-10-10;1999.0;Unified Democratic Coalition;;;9.18;;230.0;not far-right;;;;;
Croatia;Flawed democracy;2000-01-03;2000.0;Croatian Democratic Union;Hrvatska Demokratska Zajednica;HDZ;24.4;46.0;151.0;far-right;1900.0;2000.0;1900.0;2000.0;1.0
Croatia;Flawed democracy;2000-01-03;2000.0;Social Democratic Party of Croatia;;;40.8;44.0;151.0;not far-right;;;;;
Croatia;Flawed democracy;2000-01-03;2000.0;Croatian Social Liberal Party;;;;24.0;151.0;not far-right;;;;;
Croatia;Flawed democracy;2000-01-03;2000.0;Croatian Peasant Party;;;15.6;17.0;151.0;not far-right;;;;;
Croatia;Flawed democracy;2000-01-03;2000.0;Croatian Party of Rights;Hrvatska Stranka Prava;HSP;5.3;5.0;151.0;far-right;1900.0;2100.0;1900.0;2100.0;0.0
Croatia;Flawed democracy;2000-01-03;2000.0;Istrian Democratic Assembly;;;;4.0;151.0;not far-right;;;;;
Croatia;Flawed democracy;2000-01-03;2000.0;no party affiliation;;;0.7;3.0;151.0;not far-right;;;;;
Croatia;Flawed democracy;2000-01-03;2000.0;Alliance of Primorje-Gorski;;;;2.0;151.0;not far-right;;;;;
Croatia;Flawed democracy;2000-01-03;2000.0;Croatian People's Party -- Liberal Democrats;;;;2.0;151.0;not far-right;;;;;
Croatia;Flawed democracy;2000-01-03;2000.0;Liberal Party;;;;2.0;151.0;not far-right;;;;;
Croatia;Flawed democracy;2000-01-03;2000.0;one seat;;;;1.0;151.0;not far-right;;;;;
Croatia;Flawed democracy;2000-01-03;2000.0;ethnic;;;;1.0;151.0;not far-right;;;;;
Croatia;Flawed democracy;2000-01-03;2000.0;Croatian Party of Right of 1861;;;1.1;0.0;151.0;not far-right;;;;;
Croatia;Flawed democracy;2000-01-03;2000.0;Croatian Party of Pensioners;;;1.9;0.0;151.0;not far-right;;;;;
Croatia;Flawed democracy;2000-01-03;2000.0;Croatian Peasant's People's Party;;;1.4;0.0;151.0;not far-right;;;;;
Croatia;Flawed democracy;2000-01-03;2000.0;Croatian People's Party;;;1.4;0.0;151.0;not far-right;;;;;
Spain;Full democracy;2000-03-12;2000.0;People's Alliance-Party;;;45.24;183.0;350.0;not far-right;;;;;
Spain;Full democracy;2000-03-12;2000.0;Spanish Socialist Workers Party;;;34.71;125.0;350.0;not far-right;;;;;
Spain;Full democracy;2000-03-12;2000.0;Convergence and Union;;;4.25;15.0;350.0;not far-right;;;;;
Spain;Full democracy;2000-03-12;2000.0;United Left;Izquierda Unida;IU;5.54;8.0;350.0;not far-right;2100.0;2100.0;2100.0;2100.0;0.0
Spain;Full democracy;2000-03-12;2000.0;Basque Nationalist Party;;;1.55;7.0;350.0;not far-right;;;;;
Spain;Full democracy;2000-03-12;2000.0;Canary Coalition;;;1.09;4.0;350.0;not far-right;;;;;
Spain;Full democracy;2000-03-12;2000.0;Galician Nationalist Bloc;Bloque Nacionalista Galego;BNG;1.34;3.0;350.0;not far-right;2100.0;2100.0;2100.0;2100.0;1.0
Spain;Full democracy;2000-03-12;2000.0;Aragonese Council;;;0.33;1.0;350.0;not far-right;;;;;
Spain;Full democracy;2000-03-12;2000.0;Republican Left of Catalonia;;;0.85;1.0;350.0;not far-right;;;;;
Spain;Full democracy;2000-03-12;2000.0;Andalusian Party;;;0.9;1.0;350.0;not far-right;;;;;
Spain;Full democracy;2000-03-12;2000.0;Basque Solidarity;;;0.44;1.0;350.0;not far-right;;;;;
Spain;Full democracy;2000-03-12;2000.0;Initiative for Catalonia Greens;;;0.52;1.0;350.0;not far-right;;;;;
Spain;Full democracy;2000-03-12;2000.0;no seat;;;0.32;0.0;350.0;not far-right;;;;;
Greece;Full democracy;2000-04-09;2000.0;Panhellenic Socialist Movement;;;43.79;158.0;300.0;not far-right;;;;;
Greece;Full democracy;2000-04-09;2000.0;New Democracy;;;42.74;125.0;300.0;not far-right;;;;;
Greece;Full democracy;2000-04-09;2000.0;Communist Party of Greece;;;5.52;11.0;300.0;not far-right;;;;;
Greece;Full democracy;2000-04-09;2000.0;Coalition of the Left;;;3.2;6.0;300.0;not far-right;;;;;
Greece;Full democracy;2000-04-09;2000.0;Democratic Social Movement;Dimokratiko Koinoniko Kinima;DIKKI;2.69;0.0;300.0;not far-right;2100.0;2100.0;2100.0;2100.0;0.0
Lithuania;Flawed democracy;2000-10-08;2000.0;Liberal and Centre Union;;;17.25;34.0;141.0;not far-right;;;;;
Lithuania;Flawed democracy;2000-10-08;2000.0;New Union (Social Liberals);;;19.64;29.0;141.0;not far-right;;;;;
Lithuania;Flawed democracy;2000-10-08;2000.0;Democratic Labour Party of Lithuania;;;31.08;26.0;141.0;not far-right;;;;;
Lithuania;Flawed democracy;2000-10-08;2000.0;Lithuanian Social Democratic Party -- 1989;;;;19.0;141.0;not far-right;;;;;
Lithuania;Flawed democracy;2000-10-08;2000.0;Homeland Union;;;8.62;9.0;141.0;not far-right;;;;;
Lithuania;Flawed democracy;2000-10-08;2000.0;Lithuanian Peasant Party;;;4.08;4.0;141.0;not far-right;;;;;
Lithuania;Flawed democracy;2000-10-08;2000.0;no party affiliation;;;;3.0;141.0;not far-right;;;;;
Lithuania;Flawed democracy;2000-10-08;2000.0;Lithuanian Womens Party -- New Democratic Party;;;;3.0;141.0;not far-right;;;;;
Lithuania;Flawed democracy;2000-10-08;2000.0;Lithuanian Russian Union;;;;3.0;141.0;not far-right;;;;;
Lithuania;Flawed democracy;2000-10-08;2000.0;Centre Union of Lithuania;;;2.86;2.0;141.0;not far-right;;;;;
Lithuania;Flawed democracy;2000-10-08;2000.0;Election Action of Lithuania's Poles;;;1.95;2.0;141.0;not far-right;;;;;
Lithuania;Flawed democracy;2000-10-08;2000.0;Lithuanian Christian Democrats;;;3.07;2.0;141.0;not far-right;;;;;
Lithuania;Flawed democracy;2000-10-08;2000.0;one seat;;;;1.0;141.0;not far-right;;;;;
Lithuania;Flawed democracy;2000-10-08;2000.0;Christian Democratic Union;;;4.19;1.0;141.0;not far-right;;;;;
Lithuania;Flawed democracy;2000-10-08;2000.0;Lithuanian Liberty Union;;;1.27;1.0;141.0;not far-right;;;;;
Lithuania;Flawed democracy;2000-10-08;2000.0;Young Lithuania;Jaunoji Lietuva;JL;1.15;1.0;141.0;far-right;1900.0;2100.0;1900.0;2100.0;0.0
Lithuania;Flawed democracy;2000-10-08;2000.0;Christian Conservative Social Union;;;2.01;1.0;141.0;not far-right;;;;;
Lithuania;Flawed democracy;2000-10-08;2000.0;"Peoples Union ""For Just Lithuania""";;;1.47;0.0;141.0;not far-right;;;;;
Slovenia;Flawed democracy;2000-10-15;2000.0;Liberal Democracy of Slovenia;;;36.26;34.0;90.0;not far-right;;;;;
Slovenia;Flawed democracy;2000-10-15;2000.0;Slovenian Democratic Party;Slovenska Demokratska Stranka;SDS;15.81;14.0;90.0;not far-right;2015.0;2100.0;2015.0;2100.0;1.0
Slovenia;Flawed democracy;2000-10-15;2000.0;United List -- Social Democrats;;;12.08;11.0;90.0;not far-right;;;;;
Slovenia;Flawed democracy;2000-10-15;2000.0;Slovenian People's Party;;;9.54;9.0;90.0;not far-right;;;;;
Slovenia;Flawed democracy;2000-10-15;2000.0;New Slovenia – Christian Democrats;Nova Slovenija – Krščanski Demokrati;N.Si;8.66;8.0;90.0;far-right;1900.0;2100.0;1900.0;2100.0;1.0
Slovenia;Flawed democracy;2000-10-15;2000.0;Youth Party of Slovenia;;;4.34;4.0;90.0;not far-right;;;;;
Slovenia;Flawed democracy;2000-10-15;2000.0;Democratic Party of Pensioners of Slovenia;;;5.17;4.0;90.0;not far-right;;;;;
Slovenia;Flawed democracy;2000-10-15;2000.0;Slovenian National Party;Slovenska Nacionalna Stranka;SNS;4.39;4.0;90.0;far-right;1900.0;2100.0;1900.0;2100.0;0.0
Slovenia;Flawed democracy;2000-10-15;2000.0;Hungarian national community;;;;1.0;90.0;not far-right;;;;;
Slovenia;Flawed democracy;2000-10-15;2000.0;Italian national community;;;;1.0;90.0;not far-right;;;;;
Slovenia;Flawed democracy;2000-10-15;2000.0;Greens of Slovenia;;;0.9;0.0;90.0;not far-right;;;;;
Italy;Flawed democracy;2001-05-13;2001.0;Go Italy -- The People of Freedom;;;29.43;194.0;630.0;not far-right;;;;;
Italy;Flawed democracy;2001-05-13;2001.0;Democrats of the Left;;;16.57;136.0;630.0;not far-right;;;;;
Italy;Flawed democracy;2001-05-13;2001.0;National Alliance;Alleanza Nazionale;AN;12.02;99.0;630.0;far-right;1900.0;2100.0;1900.0;2100.0;0.0
Italy;Flawed democracy;2001-05-13;2001.0;Democracy is Freedom -- The Daisy;;;14.52;83.0;630.0;not far-right;;;;;
Italy;Flawed democracy;2001-05-13;2001.0;Christian Democratic Centre / United Christian Democrats;;;3.22;40.0;630.0;not far-right;;;;;
Italy;Flawed democracy;2001-05-13;2001.0;(Northern) League;Lega (Nord);Lega;3.94;30.0;630.0;far-right;1900.0;2100.0;1900.0;2100.0;1.0
Italy;Flawed democracy;2001-05-13;2001.0;Federation of the Greens;;;2.17;17.0;630.0;not far-right;;;;;
Italy;Flawed democracy;2001-05-13;2001.0;Communist Refoundation Party;Partito della Rifondazione Comunista;PRC;5.03;11.0;630.0;not far-right;2100.0;2100.0;2100.0;2100.0;0.0
Italy;Flawed democracy;2001-05-13;2001.0;Party of the Italian Communists;;;1.67;10.0;630.0;not far-right;;;;;
Italy;Flawed democracy;2001-05-13;2001.0;New PSI;;;0.95;3.0;630.0;not far-right;;;;;
Italy;Flawed democracy;2001-05-13;2001.0;South Tyrol Peoples Party;;;0.54;3.0;630.0;not far-right;;;;;
Italy;Flawed democracy;2001-05-13;2001.0;one seat;;;;3.0;630.0;not far-right;;;;;
Italy;Flawed democracy;2001-05-13;2001.0;Valdotanian Union;;;0.07;1.0;630.0;not far-right;;;;;
Italy;Flawed democracy;2001-05-13;2001.0;Radicals;;;2.2;0.0;630.0;not far-right;;;;;
Italy;Flawed democracy;2001-05-13;2001.0;European Democracy;;;2.4;0.0;630.0;not far-right;;;;;
Italy;Flawed democracy;2001-05-13;2001.0;Di Pietro’s list - Italy of Values;Lista Di Pietro - Italia dei Valori;IdV;4.01;0.0;630.0;not far-right;2100.0;2100.0;2100.0;2100.0;0.0
Cyprus;Flawed democracy;2001-05-27;2001.0;Progressive Party of Working People;Anorthotikó Kómma Ergazómenou Laoú;AKEL;34.7;20.0;56.0;not far-right;2100.0;2100.0;2100.0;2100.0;1.0
Cyprus;Flawed democracy;2001-05-27;2001.0;Democratic Rally;;;34.0;19.0;56.0;not far-right;;;;;
Cyprus;Flawed democracy;2001-05-27;2001.0;Democratic Party;;;14.8;9.0;56.0;not far-right;;;;;
Cyprus;Flawed democracy;2001-05-27;2001.0;Movement for Social Democracy EDEK;;;6.5;4.0;56.0;not far-right;;;;;
Cyprus;Flawed democracy;2001-05-27;2001.0;Fighting Democratic Movement;;;2.2;1.0;56.0;not far-right;;;;;
Cyprus;Flawed democracy;2001-05-27;2001.0;Ecological and Environmental Movement;;;2.0;1.0;56.0;not far-right;;;;;
Cyprus;Flawed democracy;2001-05-27;2001.0;New Horizons;New Horizons;NH;3.0;1.0;56.0;far-right;1900.0;2100.0;1900.0;2100.0;0.0
Cyprus;Flawed democracy;2001-05-27;2001.0;United Democrats;;;2.6;1.0;56.0;not far-right;;;;;
United Kingdom;Full democracy;2001-06-07;2001.0;Labour;;;40.7;412.0;659.0;not far-right;;;;;
United Kingdom;Full democracy;2001-06-07;2001.0;Conservatives;;;31.7;166.0;659.0;not far-right;;;;;
United Kingdom;Full democracy;2001-06-07;2001.0;Liberals;;;18.3;52.0;659.0;not far-right;;;;;
United Kingdom;Full democracy;2001-06-07;2001.0;Ulster Unionist Party;;;0.8;6.0;659.0;not far-right;;;;;
United Kingdom;Full democracy;2001-06-07;2001.0;Democratic Unionist Party;Democratic Unionist Party;DUP;0.7;5.0;659.0;not far-right;2100.0;2100.0;2100.0;2100.0;1.0
United Kingdom;Full democracy;2001-06-07;2001.0;Scottish National Party;;;1.8;5.0;659.0;not far-right;;;;;
United Kingdom;Full democracy;2001-06-07;2001.0;We Ourselves;;;0.7;4.0;659.0;not far-right;;;;;
United Kingdom;Full democracy;2001-06-07;2001.0;Plaid Cymru;;;0.7;4.0;659.0;not far-right;;;;;
United Kingdom;Full democracy;2001-06-07;2001.0;Social Democratic and Labour Party;;;0.6;3.0;659.0;not far-right;;;;;
United Kingdom;Full democracy;2001-06-07;2001.0;others;;;;2.0;659.0;not far-right;;;;;
United Kingdom;Full democracy;2001-06-07;2001.0;United Kingdom Independence Party;United Kingdom Independence Party;UKIP;1.5;0.0;659.0;not far-right;2002.0;2100.0;2002.0;2100.0;0.0
Bulgaria;Flawed democracy;2001-06-18;2001.0;National Movement Simeon II;;;42.74;120.0;240.0;not far-right;;;;;
Bulgaria;Flawed democracy;2001-06-18;2001.0;United Democratic Forces;;;18.18;51.0;240.0;not far-right;;;;;
Bulgaria;Flawed democracy;2001-06-18;2001.0;Coalition for Bulgaria | Democratic Left;;;17.15;48.0;240.0;not far-right;;;;;
Bulgaria;Flawed democracy;2001-06-18;2001.0;Movement for Rights and Freedoms;;;7.45;21.0;240.0;not far-right;;;;;
Bulgaria;Flawed democracy;2001-06-18;2001.0;George's Day Movement;;;3.63;0.0;240.0;not far-right;;;;;
Bulgaria;Flawed democracy;2001-06-18;2001.0;Simeon II Coalition;;;3.44;0.0;240.0;not far-right;;;;;
Bulgaria;Flawed democracy;2001-06-18;2001.0;Union for Tzar [Simeon II];;;1.7;0.0;240.0;not far-right;;;;;
Norway;Full democracy;2001-09-10;2001.0;Norwegian Labour Party;;;24.3;43.0;165.0;not far-right;;;;;
Norway;Full democracy;2001-09-10;2001.0;Conservative Party;;;21.2;38.0;165.0;not far-right;;;;;
Norway;Full democracy;2001-09-10;2001.0;Progress Party;Fremskrittspartiet;FrP;14.7;26.0;165.0;far-right;1900.0;2100.0;2100.0;2100.0;1.0
Norway;Full democracy;2001-09-10;2001.0;Socialist Left Party;Sosialistisk Venstreparti;SV;12.5;23.0;165.0;not far-right;2100.0;2100.0;2100.0;2100.0;1.0
Norway;Full democracy;2001-09-10;2001.0;Christian Democratic Party;;;12.5;22.0;165.0;not far-right;;;;;
Norway;Full democracy;2001-09-10;2001.0;Centre Party;Senterpartiet;Sp;5.6;10.0;165.0;not far-right;2100.0;2100.0;2100.0;2100.0;1.0
Norway;Full democracy;2001-09-10;2001.0;Liberal Party of Norway;;;3.9;2.0;165.0;not far-right;;;;;
Norway;Full democracy;2001-09-10;2001.0;Coastal Party;Kystpartiet;Kp;1.7;1.0;165.0;not far-right;2100.0;2100.0;2100.0;2100.0;0.0
Norway;Full democracy;2001-09-10;2001.0;Red Electoral Alliance;;;1.2;0.0;165.0;not far-right;;;;;
Poland;Flawed democracy;2001-09-23;2001.0;Democratic Left Alliance;;;41.04;200.0;460.0;not far-right;;;;;
Poland;Flawed democracy;2001-09-23;2001.0;Civic Platform;;;12.7;65.0;460.0;not far-right;;;;;
Poland;Flawed democracy;2001-09-23;2001.0;Self-Defense of the Republic Poland;;;10.2;53.0;460.0;not far-right;;;;;
Poland;Flawed democracy;2001-09-23;2001.0;Law and Justice;Prawo i Sprawiedliwosc;PiS;9.5;44.0;460.0;not far-right;2005.0;2100.0;2015.0;2100.0;1.0
Poland;Flawed democracy;2001-09-23;2001.0;Polish People's Party;;;9.0;42.0;460.0;not far-right;;;;;
Poland;Flawed democracy;2001-09-23;2001.0;League of Polish Families;Liga Polskich Rodzin;LPR;7.9;38.0;460.0;far-right;1900.0;2010.0;1900.0;2010.0;0.0
Poland;Flawed democracy;2001-09-23;2001.0;Labour Union;;;;16.0;460.0;not far-right;;;;;
Poland;Flawed democracy;2001-09-23;2001.0;German minority;;;0.4;2.0;460.0;not far-right;;;;;
Poland;Flawed democracy;2001-09-23;2001.0;Solidarity Electoral Action;;;5.6;0.0;460.0;not far-right;;;;;
Poland;Flawed democracy;2001-09-23;2001.0;Democratic | Freedom | Union;;;3.1;0.0;460.0;not far-right;;;;;
Denmark;Full democracy;2001-11-20;2001.0;Liberal Party;;;31.2;56.0;179.0;not far-right;;;;;
Denmark;Full democracy;2001-11-20;2001.0;Social Democrats;;;29.1;52.0;179.0;not far-right;;;;;
Denmark;Full democracy;2001-11-20;2001.0;Danish People's Party;Dansk Folkeparti;DF;12.0;22.0;179.0;far-right;1900.0;2100.0;1900.0;2100.0;1.0
Denmark;Full democracy;2001-11-20;2001.0;Conservatives;;;9.1;16.0;179.0;not far-right;;;;;
Denmark;Full democracy;2001-11-20;2001.0;Socialist People's Party;Socialistisk Folkeparti;SF;6.4;12.0;179.0;not far-right;2100.0;2100.0;2100.0;2100.0;1.0
Denmark;Full democracy;2001-11-20;2001.0;Danish Social Liberal Party;;;5.2;9.0;179.0;not far-right;;;;;
Denmark;Full democracy;2001-11-20;2001.0;Christian People's Party;;;2.3;4.0;179.0;not far-right;;;;;
Denmark;Full democracy;2001-11-20;2001.0;Red-Green Alliance;Enhedslisten – De Rød-Grønne;En-O;2.4;4.0;179.0;not far-right;2100.0;2100.0;2100.0;2100.0;1.0
Denmark;Full democracy;2001-11-20;2001.0;Community of the People (Greenland);;;;1.0;179.0;not far-right;;;;;
Denmark;Full democracy;2001-11-20;2001.0;Forward (Greenland);;;;1.0;179.0;not far-right;;;;;
Denmark;Full democracy;2001-11-20;2001.0;Union Party (Faroe Islands);;;;1.0;179.0;not far-right;;;;;
Denmark;Full democracy;2001-11-20;2001.0;Republic (Faroe Islands);;;;1.0;179.0;not far-right;;;;;
Denmark;Full democracy;2001-11-20;2001.0;Progress Party;Fremskridtspartiet;FrP;0.5;0.0;179.0;not far-right;2100.0;2100.0;2100.0;2100.0;0.0
Denmark;Full democracy;2001-11-20;2001.0;Centre Democrats;;;1.8;0.0;179.0;not far-right;;;;;
Portugal;Full democracy;2002-03-17;2002.0;Social Democratic Party;;;41.01;105.0;230.0;not far-right;;;;;
Portugal;Full democracy;2002-03-17;2002.0;Socialist Party (Netherlands);;;38.55;96.0;230.0;not far-right;;;;;
Portugal;Full democracy;2002-03-17;2002.0;Democratic and Social Centre -- People's Party;;;8.9;14.0;230.0;not far-right;;;;;
Portugal;Full democracy;2002-03-17;2002.0;Portuguese Communist Party;Partido Comunista Português;PCP;;10.0;230.0;not far-right;2100.0;2100.0;2100.0;2100.0;1.0
Portugal;Full democracy;2002-03-17;2002.0;Bloc of the Left;;;2.79;3.0;230.0;not far-right;;;;;
Portugal;Full democracy;2002-03-17;2002.0;Ecology Party -- Greens;;;;2.0;230.0;not far-right;;;;;
Portugal;Full democracy;2002-03-17;2002.0;Communist Party of the Portuguese Workers / Reorganizative Movement of the Party of the Proletariat;;;0.67;0.0;230.0;not far-right;;;;;
Portugal;Full democracy;2002-03-17;2002.0;Unified Democratic Coalition;;;7.08;;230.0;not far-right;;;;;
Hungary;Flawed democracy;1998-05-24;1998.0;Fidesz;Fidesz;Fidesz;29.5;148.0;386.0;not far-right;2010.0;2100.0;2010.0;2100.0;1.0
Hungary;Flawed democracy;2002-04-21;2002.0;Fidesz;Fidesz;Fidesz;41.07;164.0;386.0;not far-right;2010.0;2100.0;2010.0;2100.0;1.0
Hungary;Flawed democracy;2006-04-09;2006.0;Fidesz;Fidesz;Fidesz;;141.0;386.0;not far-right;2010.0;2100.0;2010.0;2100.0;1.0
Hungary;Flawed democracy;2010-04-25;2010.0;Fidesz;Fidesz;Fidesz;;227.0;386.0;far-right;2010.0;2100.0;2010.0;2100.0;1.0
Hungary;Flawed democracy;2014-04-06;2014.0;Fidesz;Fidesz;Fidesz;;117.0;199.0;far-right;2010.0;2100.0;2010.0;2100.0;1.0
Hungary;Flawed democracy;2018-04-08;2018.0;Fidesz;Fidesz;Fidesz;;117.0;199.0;far-right;2010.0;2100.0;2010.0;2100.0;1.0
Hungary;Flawed democracy;2022-04-03;2022.0;Fidesz;Fidesz;Fidesz;;117.0;199.0;far-right;2010.0;2100.0;2010.0;2100.0;1.0
Netherlands;Full democracy;2002-05-15;2002.0;Christian Democratic Appeal;;;27.93;43.0;150.0;not far-right;;;;;
Netherlands;Full democracy;2002-05-15;2002.0;List Pim Fortuyn;Lijst Pim Fortuyn;LPF;17.0;26.0;150.0;not far-right;2100.0;2100.0;2100.0;2100.0;0.0
Netherlands;Full democracy;2002-05-15;2002.0;People's Party for Freedom and Democracy;;;15.44;24.0;150.0;not far-right;;;;;
Netherlands;Full democracy;2002-05-15;2002.0;Labour Party;;;15.11;23.0;150.0;not far-right;;;;;
Netherlands;Full democracy;2002-05-15;2002.0;GreenLeft;;;6.95;10.0;150.0;not far-right;;;;;
Netherlands;Full democracy;2002-05-15;2002.0;Socialist Party (Netherlands);Socialistiese Partij;SP;5.9;9.0;150.0;not far-right;2100.0;2100.0;2100.0;2100.0;1.0
Netherlands;Full democracy;2002-05-15;2002.0;Democrats 66;;;5.1;7.0;150.0;not far-right;;;;;
Netherlands;Full democracy;2002-05-15;2002.0;ChristianUnion;;;2.54;4.0;150.0;not far-right;;;;;
Netherlands;Full democracy;2002-05-15;2002.0;Livable Netherlands;Leefbaar Nederland;LN;1.61;2.0;150.0;not far-right;2100.0;2100.0;2100.0;2100.0;0.0
Netherlands;Full democracy;2002-05-15;2002.0;Political Reformed Party;;;1.72;2.0;150.0;not far-right;;;;;
Netherlands;Full democracy;2002-05-15;2002.0;General Senior Union | United Seniors Party;;;0.41;0.0;150.0;not far-right;;;;;
Ireland;Full democracy;2002-05-17;2002.0;Fianna Fail;;;41.48;81.0;166.0;not far-right;;;;;
Ireland;Full democracy;2002-05-17;2002.0;Fine Gael (Family of the Irish);;;22.48;31.0;166.0;not far-right;;;;;
Ireland;Full democracy;2002-05-17;2002.0;Labour Party;;;10.77;21.0;166.0;not far-right;;;;;
Ireland;Full democracy;2002-05-17;2002.0;no party affiliation;;;;12.0;166.0;not far-right;;;;;
Ireland;Full democracy;2002-05-17;2002.0;Progressive Democrats;;;3.96;8.0;166.0;not far-right;;;;;
Ireland;Full democracy;2002-05-17;2002.0;Green Party;;;3.85;6.0;166.0;not far-right;;;;;
Ireland;Full democracy;2002-05-17;2002.0;We Ourselves;Sinn Féin;SF;6.51;5.0;166.0;not far-right;2100.0;2100.0;2100.0;2100.0;1.0
Ireland;Full democracy;2002-05-17;2002.0;Socialist Party (Netherlands);;;0.8;1.0;166.0;not far-right;;;;;
Ireland;Full democracy;2002-05-17;2002.0;Independent -- Marian Harkin;;;0.46;1.0;166.0;not far-right;;;;;
Ireland;Full democracy;2002-05-17;2002.0;no seat;;;0.26;0.0;166.0;not far-right;;;;;
Czech Republic;Full democracy;2002-06-15;2002.0;Czech Social Democratic Party;;;30.2;70.0;200.0;not far-right;;;;;
Czech Republic;Full democracy;2002-06-15;2002.0;Civic Democratic Party;;;24.47;58.0;200.0;not far-right;;;;;
Czech Republic;Full democracy;2002-06-15;2002.0;Communist Party of Bohemia and Moravia;Komunistická strana Cech a Moravy;KSCM;18.51;41.0;200.0;not far-right;2100.0;2100.0;2100.0;2100.0;0.0
Czech Republic;Full democracy;2002-06-15;2002.0;Christian Democratic Union -- People's Party;;;14.27;22.0;200.0;not far-right;;;;;
Czech Republic;Full democracy;2002-06-15;2002.0;Freedom Union;;;;9.0;200.0;not far-right;;;;;
Czech Republic;Full democracy;2002-06-15;2002.0;Green Party;;;2.36;0.0;200.0;not far-right;;;;;
Czech Republic;Full democracy;2002-06-15;2002.0;SNK European Democrats;;;2.78;0.0;200.0;not far-right;;;;;
France;Flawed democracy;2002-06-16;2002.0;Union for a Popular Movement | The Republicans;;;33.3;356.0;577.0;not far-right;;;;;
France;Flawed democracy;2002-06-16;2002.0;Socialist Party (Netherlands);;;24.11;141.0;577.0;not far-right;;;;;
France;Flawed democracy;2002-06-16;2002.0;Union for French Democracy | Democratic Movement;;;4.85;28.0;577.0;not far-right;;;;;
France;Flawed democracy;2002-06-16;2002.0;French Communist Party;Parti Communiste Français;PCF;4.82;24.0;577.0;not far-right;2100.0;2100.0;2100.0;2100.0;1.0
France;Flawed democracy;2002-06-16;2002.0;other right;;;3.65;7.0;577.0;not far-right;;;;;
France;Flawed democracy;2002-06-16;2002.0;Radical Party of the Left;;;1.54;7.0;577.0;not far-right;;;;;
France;Flawed democracy;2002-06-16;2002.0;Rally for France;Rassemblement pour la France;RPF;0.37;5.0;577.0;far-right;1900.0;2100.0;2100.0;2100.0;0.0
France;Flawed democracy;2002-06-16;2002.0;Greens;;;4.51;3.0;577.0;not far-right;;;;;
France;Flawed democracy;2002-06-16;2002.0;other left;;;1.09;3.0;577.0;not far-right;;;;;
France;Flawed democracy;2002-06-16;2002.0;Movement for France;Mouvement pour la France;MPF;0.8;2.0;577.0;far-right;1900.0;2100.0;2100.0;2100.0;0.0
France;Flawed democracy;2002-06-16;2002.0;Independent Republicans | Liberal Democracy;;;0.41;1.0;577.0;not far-right;;;;;
France;Flawed democracy;2002-06-16;2002.0;National Front / Rally;Front National / Rassemblement National;FN / RN;11.34;0.0;577.0;far-right;1900.0;2100.0;1900.0;2100.0;1.0
France;Flawed democracy;2002-06-16;2002.0;Workers' Struggle;Lutte ouvrière;LO;1.2;0.0;577.0;not far-right;2100.0;2100.0;2100.0;2100.0;0.0
France;Flawed democracy;2002-06-16;2002.0;Revolutionary Communist League;;;1.27;0.0;577.0;not far-right;;;;;
France;Flawed democracy;2002-06-16;2002.0;Citizens' Movement;;;1.19;0.0;577.0;not far-right;;;;;
France;Flawed democracy;2002-06-16;2002.0;other ecologists;;;1.17;0.0;577.0;not far-right;;;;;
France;Flawed democracy;2002-06-16;2002.0;Hunting, Fishing, Nature, Tradition;;;1.67;0.0;577.0;not far-right;;;;;
France;Flawed democracy;2002-06-16;2002.0;National Republican Movement;;;1.09;0.0;577.0;not far-right;;;;;
Sweden;Full democracy;2002-09-15;2002.0;Social Democrats;;;39.9;144.0;349.0;not far-right;;;;;
Sweden;Full democracy;2002-09-15;2002.0;Moderate Party;;;15.3;55.0;349.0;not far-right;;;;;
Sweden;Full democracy;2002-09-15;2002.0;People's Party;;;13.4;48.0;349.0;not far-right;;;;;
Sweden;Full democracy;2002-09-15;2002.0;Christian Democrats;;;9.1;33.0;349.0;not far-right;;;;;
Sweden;Full democracy;2002-09-15;2002.0;Left Party;Vänsterpartiet;V;8.4;30.0;349.0;not far-right;2100.0;2100.0;2100.0;2100.0;1.0
Sweden;Full democracy;2002-09-15;2002.0;Centre Party;;;6.2;22.0;349.0;not far-right;;;;;
Sweden;Full democracy;2002-09-15;2002.0;Greens;;;4.6;17.0;349.0;not far-right;;;;;
Sweden;Full democracy;2002-09-15;2002.0;Sweden Democrats;Sverigedemokraterna;SD;1.44;0.0;349.0;far-right;1900.0;2100.0;1900.0;2100.0;1.0
Slovakia;Flawed democracy;2002-09-21;2002.0;Movement for a Democratic Slovakia;Hnutie za Demokratické Slovensko;HZDS / ĽS-HZDS;19.5;36.0;150.0;not far-right;2100.0;2100.0;2100.0;2100.0;0.0
Slovakia;Flawed democracy;2002-09-21;2002.0;Slovak Democratic and Christian Union -- Democratic Party;;;15.09;28.0;150.0;not far-right;;;;;
Slovakia;Flawed democracy;2002-09-21;2002.0;Direction -- Social Democracy;;;13.46;25.0;150.0;not far-right;;;;;
Slovakia;Flawed democracy;2002-09-21;2002.0;Hungarian Coalition;;;11.16;20.0;150.0;not far-right;;;;;
Slovakia;Flawed democracy;2002-09-21;2002.0;Alliance of the New Citizen;Aliancia Nového Obcana;ANO;8.01;15.0;150.0;not far-right;2100.0;2100.0;2100.0;2100.0;0.0
Slovakia;Flawed democracy;2002-09-21;2002.0;Christian Democratic Movement;;;8.25;15.0;150.0;not far-right;;;;;
Slovakia;Flawed democracy;2002-09-21;2002.0;Communist Party of Slovakia;Komunistická Strana Slovenska;KSS;6.32;11.0;150.0;not far-right;2100.0;2100.0;2100.0;2100.0;0.0
Slovakia;Flawed democracy;2002-09-21;2002.0;Slovak National Party;Slovenská Národná Strana;SNS;3.32;0.0;150.0;far-right;1900.0;2100.0;1900.0;2100.0;1.0
Slovakia;Flawed democracy;2002-09-21;2002.0;Party of the Democratic Left;;;1.36;0.0;150.0;not far-right;;;;;
Slovakia;Flawed democracy;2002-09-21;2002.0;Real Slovak National Party;Pravá Slovenská Národná Strana;PSNS;3.65;0.0;150.0;far-right;1900.0;2100.0;1900.0;2100.0;0.0
Slovakia;Flawed democracy;2002-09-21;2002.0;Social Democratic Alternative;;;1.79;0.0;150.0;not far-right;;;;;
Slovakia;Flawed democracy;2002-09-21;2002.0;Movement for Democracy;;;3.28;0.0;150.0;not far-right;;;;;
Germany;Full democracy;2002-09-22;2002.0;Social Democratic Party of Germany;;;38.5;251.0;603.0;not far-right;;;;;
Germany;Full democracy;2002-09-22;2002.0;Christian Democratic Union;;;29.5;190.0;603.0;not far-right;;;;;
Germany;Full democracy;2002-09-22;2002.0;Christian Social Union;;;9.0;58.0;603.0;not far-right;;;;;
Germany;Full democracy;2002-09-22;2002.0;Alliance 90 / Greens;;;8.6;55.0;603.0;not far-right;;;;;
Germany;Full democracy;2002-09-22;2002.0;Free Democratic Party;;;7.4;47.0;603.0;not far-right;;;;;
Germany;Full democracy;2002-09-22;2002.0;PDS | The Left;;;4.0;2.0;603.0;not far-right;;;;;
Germany;Full democracy;2002-09-22;2002.0;Republicans;Republikaner;Republikaner;0.6;0.0;603.0;far-right;1900.0;2100.0;1900.0;2100.0;0.0
Latvia;Flawed democracy;2002-10-05;2002.0;New Era;Jaunais Laiks;JL;23.9;26.0;100.0;not far-right;2100.0;2100.0;2100.0;2100.0;0.0
Latvia;Flawed democracy;2002-10-05;2002.0;For Human Rights in a United Latvia;;;19.0;25.0;100.0;not far-right;;;;;
Latvia;Flawed democracy;2002-10-05;2002.0;People's Party;;;16.6;20.0;100.0;not far-right;;;;;
Latvia;Flawed democracy;2002-10-05;2002.0;Green and Farmers' Union;;;9.4;12.0;100.0;not far-right;;;;;
Latvia;Flawed democracy;2002-10-05;2002.0;Latvia's First Party;;;9.5;10.0;100.0;not far-right;;;;;
Latvia;Flawed democracy;2002-10-05;2002.0;National Alliance;Nacionālā Apvienība;;5.4;7.0;100.0;far-right;1900.0;2100.0;1900.0;2100.0;1.0
Latvia;Flawed democracy;2002-10-05;2002.0;Latvian Social Democratic Workers' Party;;;4.0;0.0;100.0;not far-right;;;;;
Latvia;Flawed democracy;2002-10-05;2002.0;Light of Latgale;;;1.6;0.0;100.0;not far-right;;;;;
Latvia;Flawed democracy;2002-10-05;2002.0;Latvian Way;;;4.9;0.0;100.0;not far-right;;;;;
Latvia;Flawed democracy;2002-10-05;2002.0;Social Democratic Welfare Party;;;1.3;0.0;100.0;not far-right;;;;;
Latvia;Flawed democracy;2002-10-05;2002.0;Social Democratic Party;;;1.5;0.0;100.0;not far-right;;;;;
Austria;Full democracy;2002-11-24;2002.0;Austrian People's Party;;;42.3;79.0;183.0;not far-right;;;;;
Austria;Full democracy;2002-11-24;2002.0;Social Democratic Party of Austria;;;36.51;69.0;183.0;not far-right;;;;;
Austria;Full democracy;2002-11-24;2002.0;Freedom Party of Austria;Freiheitliche Partei Österreichs;FPÖ;10.01;18.0;183.0;far-right;1900.0;2100.0;1900.0;2100.0;1.0
Austria;Full democracy;2002-11-24;2002.0;The Greens -- The Green Alternative;;;9.47;17.0;183.0;not far-right;;;;;
Austria;Full democracy;2002-11-24;2002.0;Liberal Forum;;;0.98;0.0;183.0;not far-right;;;;;
Netherlands;Full democracy;2003-01-22;2003.0;Christian Democratic Appeal;;;28.62;44.0;150.0;not far-right;;;;;
Netherlands;Full democracy;2003-01-22;2003.0;Labour Party;;;27.26;42.0;150.0;not far-right;;;;;
Netherlands;Full democracy;2003-01-22;2003.0;People's Party for Freedom and Democracy;;;17.91;28.0;150.0;not far-right;;;;;
Netherlands;Full democracy;2003-01-22;2003.0;Socialist Party (Netherlands);Socialistiese Partij;SP;6.32;9.0;150.0;not far-right;2100.0;2100.0;2100.0;2100.0;1.0
Netherlands;Full democracy;2003-01-22;2003.0;GreenLeft;;;5.14;8.0;150.0;not far-right;;;;;
Netherlands;Full democracy;2003-01-22;2003.0;List Pim Fortuyn;Lijst Pim Fortuyn;LPF;5.7;8.0;150.0;not far-right;2100.0;2100.0;2100.0;2100.0;0.0
Netherlands;Full democracy;2003-01-22;2003.0;Democrats 66;;;4.07;6.0;150.0;not far-right;;;;;
Netherlands;Full democracy;2003-01-22;2003.0;ChristianUnion;;;2.12;3.0;150.0;not far-right;;;;;
Netherlands;Full democracy;2003-01-22;2003.0;Political Reformed Party;;;1.56;2.0;150.0;not far-right;;;;;
Netherlands;Full democracy;2003-01-22;2003.0;Party for the Animals;;;0.49;0.0;150.0;not far-right;;;;;
Estonia;Full democracy;2003-03-02;2003.0;Res Publica Party;Erakond Res Publica;ERP;24.6;28.0;101.0;not far-right;2100.0;2100.0;2100.0;2100.0;0.0
Estonia;Full democracy;2003-03-02;2003.0;Estonian Centre Party;Eesti Keskerakond;EK;25.4;28.0;101.0;not far-right;2100.0;2100.0;2100.0;2100.0;1.0
Estonia;Full democracy;2003-03-02;2003.0;Estonian Reform Party;;;17.7;19.0;101.0;not far-right;;;;;
Estonia;Full democracy;2003-03-02;2003.0;Conservative People’s Party of Estonia;Eesti Konservatiivne Rahvaerakond;EKRE;13.0;13.0;101.0;far-right;1900.0;2100.0;1900.0;2100.0;1.0
Estonia;Full democracy;2003-03-02;2003.0;Pro Patria Union;;;7.3;7.0;101.0;not far-right;;;;;
Estonia;Full democracy;2003-03-02;2003.0;Social Democratic Party | Moderates;;;7.0;6.0;101.0;not far-right;;;;;
Estonia;Full democracy;2003-03-02;2003.0;Constitution Party -- Estonian United People's Party;;;2.2;0.0;101.0;not far-right;;;;;
Estonia;Full democracy;2003-03-02;2003.0;Estonian Christian Democrats;;;1.1;0.0;101.0;not far-right;;;;;
Finland;Full democracy;2003-03-16;2003.0;Centre Party;;;24.7;55.0;200.0;not far-right;;;;;
Finland;Full democracy;2003-03-16;2003.0;Social Democratic Party of Finland;;;24.5;53.0;200.0;not far-right;;;;;
Finland;Full democracy;2003-03-16;2003.0;National Coalition Party;;;18.6;40.0;200.0;not far-right;;;;;
Finland;Full democracy;2003-03-16;2003.0;Left Alliance;Demokraattinen Liitto | Vasemmistoliitto;VAS;9.9;19.0;200.0;not far-right;2100.0;2100.0;2100.0;2100.0;1.0
Finland;Full democracy;2003-03-16;2003.0;Green League;;;8.0;14.0;200.0;not far-right;;;;;
Finland;Full democracy;2003-03-16;2003.0;Swedish People's Party;;;4.6;8.0;200.0;not far-right;;;;;
Finland;Full democracy;2003-03-16;2003.0;Christian Democrats;;;5.3;7.0;200.0;not far-right;;;;;
Finland;Full democracy;2003-03-16;2003.0;Finns Party;Suomen Maaseudun Puolue | Perussuomalaiset;PS;1.6;3.0;200.0;far-right;1900.0;2100.0;2017.0;2100.0;1.0
Finland;Full democracy;2003-03-16;2003.0;Aland Coalition;;;0.4;1.0;200.0;not far-right;;;;;
Finland;Full democracy;2003-03-16;2003.0;Communist  Party of Finland (Unity);;;0.8;0.0;200.0;not far-right;;;;;
Malta;Flawed democracy;2003-04-12;2003.0;Nationalist Party;;;51.79;35.0;65.0;not far-right;;;;;
Malta;Flawed democracy;2003-04-12;2003.0;Malta Labour Party;;;47.51;30.0;65.0;not far-right;;;;;
Malta;Flawed democracy;2003-04-12;2003.0;Democratic Alternative;;;0.68;0.0;65.0;not far-right;;;;;
Belgium;Flawed democracy;2003-05-18;2003.0;Party of Liberty and Progress | Flemish Liberals and Democrats;;;15.36;25.0;150.0;not far-right;;;;;
Belgium;Flawed democracy;2003-05-18;2003.0;Socialist Party (Netherlands) [Francophone];;;13.02;25.0;150.0;not far-right;;;;;
Belgium;Flawed democracy;2003-05-18;2003.0;Reformist Movement;;;11.4;24.0;150.0;not far-right;;;;;
Belgium;Flawed democracy;2003-05-18;2003.0;Socialist Party (Netherlands) Different / Social Liberal Party;;;14.91;23.0;150.0;not far-right;;;;;
Belgium;Flawed democracy;2003-05-18;2003.0;Flemish Christian Peoples Party | Christian Democrats & Flemish;;;13.25;21.0;150.0;not far-right;;;;;
Belgium;Flawed democracy;2003-05-18;2003.0;Flemish Interest;Vlaams Belang;VB;11.59;18.0;150.0;far-right;1900.0;2100.0;1900.0;2100.0;1.0
Belgium;Flawed democracy;2003-05-18;2003.0;Francophone Christian Social Party -- Humanist Democratic Centre;;;5.47;8.0;150.0;not far-right;;;;;
Belgium;Flawed democracy;2003-05-18;2003.0;Confederated ecologists for the organisation of original struggles;;;3.06;4.0;150.0;not far-right;;;;;
Belgium;Flawed democracy;2003-05-18;2003.0;National Front;Front National;FN;1.98;1.0;150.0;far-right;1900.0;2100.0;1900.0;2100.0;0.0
Belgium;Flawed democracy;2003-05-18;2003.0;New Flemish Alliance;Nieuw-Vlaamse Alliantie;N-VA;3.06;1.0;150.0;not far-right;2019.0;2025.0;2100.0;2100.0;1.0
Belgium;Flawed democracy;2003-05-18;2003.0;Agalev -- Green;;;2.47;0.0;150.0;not far-right;;;;;
Croatia;Flawed democracy;2003-11-23;2003.0;Croatian Democratic Union;Hrvatska Demokratska Zajednica;HDZ;33.2;66.0;152.0;not far-right;1900.0;2000.0;1900.0;2000.0;1.0
Croatia;Flawed democracy;2003-11-23;2003.0;Social Democratic Party of Croatia;;;23.3;34.0;152.0;not far-right;;;;;
Croatia;Flawed democracy;2003-11-23;2003.0;Croatian People's Party -- Liberal Democrats;;;8.3;10.0;152.0;not far-right;;;;;
Croatia;Flawed democracy;2003-11-23;2003.0;Croatian Peasant Party;;;7.3;10.0;152.0;not far-right;;;;;
Croatia;Flawed democracy;2003-11-23;2003.0;Croatian Party of Rights;Hrvatska Stranka Prava;HSP;6.5;8.0;152.0;far-right;1900.0;2100.0;1900.0;2100.0;0.0
Croatia;Flawed democracy;2003-11-23;2003.0;Istrian Democratic Assembly;;;;4.0;152.0;not far-right;;;;;
Croatia;Flawed democracy;2003-11-23;2003.0;no party affiliation;;;2.3;4.0;152.0;not far-right;;;;;
Croatia;Flawed democracy;2003-11-23;2003.0;Party of Liberal Democrats;;;;3.0;152.0;not far-right;;;;;
Croatia;Flawed democracy;2003-11-23;2003.0;Croatian Party of Pensioners;;;4.1;3.0;152.0;not far-right;;;;;
Croatia;Flawed democracy;2003-11-23;2003.0;Independent Democratic Serb Party;;;;3.0;152.0;not far-right;;;;;
Croatia;Flawed democracy;2003-11-23;2003.0;Liberal Party;;;;2.0;152.0;not far-right;;;;;
Croatia;Flawed democracy;2003-11-23;2003.0;Croatian Social Liberal Party;;;4.1;2.0;152.0;not far-right;;;;;
Croatia;Flawed democracy;2003-11-23;2003.0;Alliance of Primorje-Gorski;;;;1.0;152.0;not far-right;;;;;
Croatia;Flawed democracy;2003-11-23;2003.0;Croatian Democratic Peasant Party;;;1.0;1.0;152.0;not far-right;;;;;
Croatia;Flawed democracy;2003-11-23;2003.0;Party of Democratic Action of Croatia;;;;1.0;152.0;not far-right;;;;;
Croatia;Flawed democracy;2003-11-23;2003.0;Bloc for Croatia;Blok za Hrvatsku;BzH;1.3;0.0;152.0;far-right;1900.0;2100.0;1900.0;2100.0;0.0
Greece;Full democracy;2004-03-07;2004.0;New Democracy;;;45.36;166.0;300.0;not far-right;;;;;
Greece;Full democracy;2004-03-07;2004.0;Panhellenic Socialist Movement;;;40.55;116.0;300.0;not far-right;;;;;
Greece;Full democracy;2004-03-07;2004.0;Communist Party of Greece;;;5.9;12.0;300.0;not far-right;;;;;
Greece;Full democracy;2004-03-07;2004.0;Coalition of the Left;;;;6.0;300.0;not far-right;;;;;
Greece;Full democracy;2004-03-07;2004.0;Democratic Social Movement;Dimokratiko Koinoniko Kinima;DIKKI;1.79;0.0;300.0;not far-right;2100.0;2100.0;2100.0;2100.0;0.0
Greece;Full democracy;2004-03-07;2004.0;Popular Orthodox Rally;Laïkós Orthódoxos Synagermós;LAOS;2.19;0.0;300.0;far-right;1900.0;2100.0;1900.0;2100.0;0.0
Greece;Full democracy;2004-03-07;2004.0;Coalition of the Radical Left;;;3.26;;300.0;not far-right;;;;;
Spain;Full democracy;2004-03-14;2004.0;Spanish Socialist Workers Party;;;43.27;164.0;350.0;not far-right;;;;;
Spain;Full democracy;2004-03-14;2004.0;People's Alliance-Party;;;38.31;148.0;350.0;not far-right;;;;;
Spain;Full democracy;2004-03-14;2004.0;Convergence and Union;;;3.28;10.0;350.0;not far-right;;;;;
Spain;Full democracy;2004-03-14;2004.0;Republican Left of Catalonia;;;2.56;8.0;350.0;not far-right;;;;;
Spain;Full democracy;2004-03-14;2004.0;Basque Nationalist Party;;;1.65;7.0;350.0;not far-right;;;;;
Spain;Full democracy;2004-03-14;2004.0;United Left;Izquierda Unida;IU;5.04;5.0;350.0;not far-right;2100.0;2100.0;2100.0;2100.0;0.0
Spain;Full democracy;2004-03-14;2004.0;Canary Coalition;;;0.92;3.0;350.0;not far-right;;;;;
Spain;Full democracy;2004-03-14;2004.0;Galician Nationalist Bloc;Bloque Nacionalista Galego;BNG;0.82;2.0;350.0;not far-right;2100.0;2100.0;2100.0;2100.0;1.0
Spain;Full democracy;2004-03-14;2004.0;Basque Solidarity;;;0.32;1.0;350.0;not far-right;;;;;
Spain;Full democracy;2004-03-14;2004.0;Aragonese Council;;;0.37;1.0;350.0;not far-right;;;;;
Spain;Full democracy;2004-03-14;2004.0;Yes;;;0.24;1.0;350.0;not far-right;;;;;
Spain;Full democracy;2004-03-14;2004.0;Andalusian Party;;;0.71;0.0;350.0;not far-right;;;;;
Luxembourg;Full democracy;2004-06-13;2004.0;Christian Social People's Party;;;35.81;24.0;60.0;not far-right;;;;;
Luxembourg;Full democracy;2004-06-13;2004.0;Luxembourg Socialist Workers' Party;;;25.43;14.0;60.0;not far-right;;;;;
Luxembourg;Full democracy;2004-06-13;2004.0;Democratic Party;;;14.94;10.0;60.0;not far-right;;;;;
Luxembourg;Full democracy;2004-06-13;2004.0;The Greens;;;11.54;7.0;60.0;not far-right;;;;;
Luxembourg;Full democracy;2004-06-13;2004.0;Action Committee Pensions | Alternative Democratic Reform Party;;;9.04;5.0;60.0;not far-right;;;;;
Luxembourg;Full democracy;2004-06-13;2004.0;The Left;Déi Lénk ;Dei Lenk;2.01;0.0;60.0;not far-right;2100.0;2100.0;2100.0;2100.0;1.0
Luxembourg;Full democracy;2004-06-13;2004.0;Communist Party of Luxembourg;Kommunistesch Partei Lëtzebuerg;KPL;1.15;0.0;60.0;not far-right;2100.0;2100.0;2100.0;2100.0;0.0
Slovenia;Flawed democracy;2004-10-03;2004.0;Slovenian Democratic Party;Slovenska Demokratska Stranka;SDS;29.08;29.0;90.0;not far-right;2015.0;2100.0;2015.0;2100.0;1.0
Slovenia;Flawed democracy;2004-10-03;2004.0;Liberal Democracy of Slovenia;;;22.8;23.0;90.0;not far-right;;;;;
Slovenia;Flawed democracy;2004-10-03;2004.0;United List -- Social Democrats;;;10.17;10.0;90.0;not far-right;;;;;
Slovenia;Flawed democracy;2004-10-03;2004.0;New Slovenia – Christian Democrats;Nova Slovenija – Krščanski Demokrati;N.Si;9.09;9.0;90.0;far-right;1900.0;2100.0;1900.0;2100.0;1.0
Slovenia;Flawed democracy;2004-10-03;2004.0;Slovenian People's Party;;;6.82;7.0;90.0;not far-right;;;;;
Slovenia;Flawed democracy;2004-10-03;2004.0;Slovenian National Party;Slovenska Nacionalna Stranka;SNS;6.27;6.0;90.0;far-right;1900.0;2100.0;1900.0;2100.0;0.0
Slovenia;Flawed democracy;2004-10-03;2004.0;Democratic Party of Pensioners of Slovenia;;;4.04;4.0;90.0;not far-right;;;;;
Slovenia;Flawed democracy;2004-10-03;2004.0;Hungarian national community;;;;1.0;90.0;not far-right;;;;;
Slovenia;Flawed democracy;2004-10-03;2004.0;Italian national community;;;;1.0;90.0;not far-right;;;;;
Slovenia;Flawed democracy;2004-10-03;2004.0;Youth Party of Slovenia;;;2.08;0.0;90.0;not far-right;;;;;
Slovenia;Flawed democracy;2004-10-03;2004.0;Active Slovenia;;;3.97;0.0;90.0;not far-right;;;;;
Slovenia;Flawed democracy;2004-10-03;2004.0;Slovenia is Ours;;;2.62;0.0;90.0;not far-right;;;;;
Lithuania;Flawed democracy;2004-10-24;2004.0;Labour Party;Darbo Partija;DP;28.44;39.0;141.0;not far-right;2100.0;2100.0;2100.0;2100.0;1.0
Lithuania;Flawed democracy;2004-10-24;2004.0;Homeland Union;;;14.75;25.0;141.0;not far-right;;;;;
Lithuania;Flawed democracy;2004-10-24;2004.0;Lithuanian Social Democratic Party;;;20.65;20.0;141.0;not far-right;;;;;
Lithuania;Flawed democracy;2004-10-24;2004.0;Liberal and Centre Union;;;9.19;18.0;141.0;not far-right;;;;;
Lithuania;Flawed democracy;2004-10-24;2004.0;New Union (Social Liberals);;;;11.0;141.0;not far-right;;;;;
Lithuania;Flawed democracy;2004-10-24;2004.0;Order and Justice -- Liberal Democratic Party;;;11.36;10.0;141.0;not far-right;;;;;
Lithuania;Flawed democracy;2004-10-24;2004.0;Lithuanian Peasant Union;;;6.6;10.0;141.0;not far-right;;;;;
Lithuania;Flawed democracy;2004-10-24;2004.0;no party affiliation;;;;6.0;141.0;not far-right;;;;;
Lithuania;Flawed democracy;2004-10-24;2004.0;Election Action of Lithuania's Poles;;;3.79;2.0;141.0;not far-right;;;;;
Lithuania;Flawed democracy;2004-10-24;2004.0;Lithuanian Christian Democrats;;;1.37;0.0;141.0;not far-right;;;;;
Lithuania;Flawed democracy;2004-10-24;2004.0;Christian Conservative Social Union;;;1.96;0.0;141.0;not far-right;;;;;
Denmark;Full democracy;2005-02-08;2005.0;Liberal Party;;;29.0;52.0;179.0;not far-right;;;;;
Denmark;Full democracy;2005-02-08;2005.0;Social Democrats;;;25.8;47.0;179.0;not far-right;;;;;
Denmark;Full democracy;2005-02-08;2005.0;Danish People's Party;Dansk Folkeparti;DF;13.3;24.0;179.0;far-right;1900.0;2100.0;1900.0;2100.0;1.0
Denmark;Full democracy;2005-02-08;2005.0;Conservatives;;;10.3;18.0;179.0;not far-right;;;;;
Denmark;Full democracy;2005-02-08;2005.0;Danish Social Liberal Party;;;9.2;17.0;179.0;not far-right;;;;;
Denmark;Full democracy;2005-02-08;2005.0;Socialist People's Party;Socialistisk Folkeparti;SF;6.0;11.0;179.0;not far-right;2100.0;2100.0;2100.0;2100.0;1.0
Denmark;Full democracy;2005-02-08;2005.0;Red-Green Alliance;Enhedslisten – De Rød-Grønne;En-O;3.4;6.0;179.0;not far-right;2100.0;2100.0;2100.0;2100.0;1.0
Denmark;Full democracy;2005-02-08;2005.0;Community of the People (Greenland);;;;1.0;179.0;not far-right;;;;;
Denmark;Full democracy;2005-02-08;2005.0;Forward (Greenland);;;;1.0;179.0;not far-right;;;;;
Denmark;Full democracy;2005-02-08;2005.0;People's Party (Faroe Islands);;;;1.0;179.0;not far-right;;;;;
Denmark;Full democracy;2005-02-08;2005.0;Republic (Faroe Islands);;;;1.0;179.0;not far-right;;;;;
Denmark;Full democracy;2005-02-08;2005.0;Christian People's Party;;;1.7;0.0;179.0;not far-right;;;;;
Denmark;Full democracy;2005-02-08;2005.0;Centre Democrats;;;1.0;0.0;179.0;not far-right;;;;;
Portugal;Full democracy;2005-02-20;2005.0;Socialist Party (Netherlands);;;46.4;121.0;230.0;not far-right;;;;;
Portugal;Full democracy;2005-02-20;2005.0;Social Democratic Party;;;29.64;75.0;230.0;not far-right;;;;;
Portugal;Full democracy;2005-02-20;2005.0;Democratic and Social Centre -- People's Party;;;7.46;12.0;230.0;not far-right;;;;;
Portugal;Full democracy;2005-02-20;2005.0;Portuguese Communist Party;Partido Comunista Português;PCP;;12.0;230.0;not far-right;2100.0;2100.0;2100.0;2100.0;1.0
Portugal;Full democracy;2005-02-20;2005.0;Bloc of the Left;;;6.54;8.0;230.0;not far-right;;;;;
Portugal;Full democracy;2005-02-20;2005.0;Ecology Party -- Greens;;;;2.0;230.0;not far-right;;;;;
Portugal;Full democracy;2005-02-20;2005.0;Communist Party of the Portuguese Workers / Reorganizative Movement of the Party of the Proletariat;;;0.86;0.0;230.0;not far-right;;;;;
Portugal;Full democracy;2005-02-20;2005.0;Unified Democratic Coalition;;;7.77;;230.0;not far-right;;;;;
United Kingdom;Full democracy;2005-05-05;2005.0;Labour;;;35.2;355.0;646.0;not far-right;;;;;
United Kingdom;Full democracy;2005-05-05;2005.0;Conservatives;;;32.4;198.0;646.0;not far-right;;;;;
United Kingdom;Full democracy;2005-05-05;2005.0;Liberals;;;22.0;62.0;646.0;not far-right;;;;;
United Kingdom;Full democracy;2005-05-05;2005.0;Democratic Unionist Party;Democratic Unionist Party;DUP;0.9;9.0;646.0;not far-right;2100.0;2100.0;2100.0;2100.0;1.0
United Kingdom;Full democracy;2005-05-05;2005.0;Scottish National Party;;;1.5;6.0;646.0;not far-right;;;;;
United Kingdom;Full democracy;2005-05-05;2005.0;We Ourselves;;;0.6;5.0;646.0;not far-right;;;;;
United Kingdom;Full democracy;2005-05-05;2005.0;Plaid Cymru;;;0.6;3.0;646.0;not far-right;;;;;
United Kingdom;Full democracy;2005-05-05;2005.0;others;;;;3.0;646.0;not far-right;;;;;
United Kingdom;Full democracy;2005-05-05;2005.0;Social Democratic and Labour Party;;;0.5;3.0;646.0;not far-right;;;;;
United Kingdom;Full democracy;2005-05-05;2005.0;Respect -- The Unity Coalition;Respect – The Unity Coalition;R;0.3;1.0;646.0;not far-right;2100.0;2100.0;2100.0;2100.0;0.0
United Kingdom;Full democracy;2005-05-05;2005.0;Ulster Unionist Party;;;0.5;1.0;646.0;not far-right;;;;;
United Kingdom;Full democracy;2005-05-05;2005.0;Green Party;;;1.0;0.0;646.0;not far-right;;;;;
United Kingdom;Full democracy;2005-05-05;2005.0;United Kingdom Independence Party;United Kingdom Independence Party;UKIP;2.2;0.0;646.0;far-right;2002.0;2100.0;2002.0;2100.0;0.0
Bulgaria;Flawed democracy;2005-06-25;2005.0;Coalition for Bulgaria | Democratic Left;;;30.95;82.0;240.0;not far-right;;;;;
Bulgaria;Flawed democracy;2005-06-25;2005.0;National Movement Simeon II;;;19.88;53.0;240.0;not far-right;;;;;
Bulgaria;Flawed democracy;2005-06-25;2005.0;Movement for Rights and Freedoms;;;12.81;34.0;240.0;not far-right;;;;;
Bulgaria;Flawed democracy;2005-06-25;2005.0;Attack;Ataka;Ataka;8.14;21.0;240.0;far-right;1900.0;2100.0;1900.0;2100.0;0.0
Bulgaria;Flawed democracy;2005-06-25;2005.0;United Democratic Forces;;;7.68;20.0;240.0;not far-right;;;;;
Bulgaria;Flawed democracy;2005-06-25;2005.0;Democrats for a Strong Bulgaria | Democratic Bulgaria;;;6.44;17.0;240.0;not far-right;;;;;
Bulgaria;Flawed democracy;2005-06-25;2005.0;Bulgarian People's Union;;;5.19;13.0;240.0;not far-right;;;;;
Bulgaria;Flawed democracy;2005-06-25;2005.0;Euroroma;;;1.25;0.0;240.0;not far-right;;;;;
Bulgaria;Flawed democracy;2005-06-25;2005.0;Coalition of the Rose;;;1.3;0.0;240.0;not far-right;;;;;
Bulgaria;Flawed democracy;2005-06-25;2005.0;New Times;;;2.95;0.0;240.0;not far-right;;;;;
Norway;Full democracy;2005-09-12;2005.0;Norwegian Labour Party;;;32.7;61.0;169.0;not far-right;;;;;
Norway;Full democracy;2005-09-12;2005.0;Progress Party;Fremskrittspartiet;FrP;22.1;38.0;169.0;far-right;1900.0;2100.0;2100.0;2100.0;1.0
Norway;Full democracy;2005-09-12;2005.0;Conservative Party;;;14.1;23.0;169.0;not far-right;;;;;
Norway;Full democracy;2005-09-12;2005.0;Socialist Left Party;Sosialistisk Venstreparti;SV;8.8;15.0;169.0;not far-right;2100.0;2100.0;2100.0;2100.0;1.0
Norway;Full democracy;2005-09-12;2005.0;Christian Democratic Party;;;6.8;11.0;169.0;not far-right;;;;;
Norway;Full democracy;2005-09-12;2005.0;Centre Party;Senterpartiet;Sp;6.5;11.0;169.0;not far-right;2100.0;2100.0;2100.0;2100.0;1.0
Norway;Full democracy;2005-09-12;2005.0;Liberal Party of Norway;;;5.9;10.0;169.0;not far-right;;;;;
Norway;Full democracy;2005-09-12;2005.0;Red Electoral Alliance;;;1.2;0.0;169.0;not far-right;;;;;
Germany;Full democracy;2005-09-18;2005.0;Social Democratic Party of Germany;;;34.2;222.0;614.0;not far-right;;;;;
Germany;Full democracy;2005-09-18;2005.0;Christian Democratic Union;;;27.8;180.0;614.0;not far-right;;;;;
Germany;Full democracy;2005-09-18;2005.0;Free Democratic Party;;;9.8;61.0;614.0;not far-right;;;;;
Germany;Full democracy;2005-09-18;2005.0;PDS | The Left;;;8.7;54.0;614.0;not far-right;;;;;
Germany;Full democracy;2005-09-18;2005.0;Alliance 90 / Greens;;;8.1;51.0;614.0;not far-right;;;;;
Germany;Full democracy;2005-09-18;2005.0;Christian Social Union;;;7.4;46.0;614.0;not far-right;;;;;
Germany;Full democracy;2005-09-18;2005.0;National Democratic Party;;;1.6;0.0;614.0;not far-right;;;;;
Poland;Flawed democracy;2005-09-25;2005.0;Law and Justice;Prawo i Sprawiedliwosc;PiS;27.0;155.0;460.0;far-right;2005.0;2100.0;2015.0;2100.0;1.0
Poland;Flawed democracy;2005-09-25;2005.0;Civic Platform;;;24.1;133.0;460.0;not far-right;;;;;
Poland;Flawed democracy;2005-09-25;2005.0;Self-Defense of the Republic Poland;;;11.4;56.0;460.0;not far-right;;;;;
Poland;Flawed democracy;2005-09-25;2005.0;Democratic Left Alliance;;;11.3;55.0;460.0;not far-right;;;;;
Poland;Flawed democracy;2005-09-25;2005.0;League of Polish Families;Liga Polskich Rodzin;LPR;8.0;34.0;460.0;far-right;1900.0;2010.0;1900.0;2010.0;0.0
Poland;Flawed democracy;2005-09-25;2005.0;Polish People's Party;;;7.0;25.0;460.0;not far-right;;;;;
Poland;Flawed democracy;2005-09-25;2005.0;German minority;;;0.29;2.0;460.0;not far-right;;;;;
Poland;Flawed democracy;2005-09-25;2005.0;Social Democracy of Poland;;;3.89;0.0;460.0;not far-right;;;;;
Poland;Flawed democracy;2005-09-25;2005.0;Democratic | Freedom | Union;;;2.45;0.0;460.0;not far-right;;;;;
Poland;Flawed democracy;2005-09-25;2005.0;Real Politics Union;;;1.57;0.0;460.0;not far-right;;;;;
Poland;Flawed democracy;2005-09-25;2005.0;Movement for the Reconstruction of Poland;Ruch Odbudowy Polski;ROP;1.05;0.0;460.0;far-right;1900.0;2100.0;2100.0;2100.0;0.0
Hungary;Flawed democracy;1990-04-08;1990.0;Hungarian Democratic Forum;;;24.7;164.0;386.0;not far-right;;;;;
Hungary;Flawed democracy;1994-05-29;1994.0;Hungarian Democratic Forum;;;11.7;38.0;386.0;not far-right;;;;;
Hungary;Flawed democracy;1998-05-24;1998.0;Hungarian Democratic Forum;;;2.8;17.0;386.0;not far-right;;;;;
Hungary;Flawed democracy;2002-04-21;2002.0;Hungarian Democratic Forum;;;;24.0;386.0;not far-right;;;;;
Hungary;Flawed democracy;2006-04-09;2006.0;Hungarian Democratic Forum;;;5.0;11.0;386.0;not far-right;;;;;
Hungary;Flawed democracy;2010-04-25;2010.0;Hungarian Democratic Forum;;;2.18;0.0;386.0;not far-right;;;;;
Hungary;Flawed democracy;1994-05-29;1994.0;Hungarian Justice and Life Party;Magyar Igazság és Élet Pártja;MIÉP;1.6;0.0;386.0;far-right;1900.0;2100.0;1900.0;2100.0;0.0
Hungary;Flawed democracy;1998-05-24;1998.0;Hungarian Justice and Life Party;Magyar Igazság és Élet Pártja;MIÉP;5.5;14.0;386.0;far-right;1900.0;2100.0;1900.0;2100.0;0.0
Italy;Flawed democracy;2006-04-09;2006.0;Centre Left;;;30.43;220.0;630.0;not far-right;;;;;
Italy;Flawed democracy;2006-04-09;2006.0;Go Italy -- The People of Freedom;;;23.6;140.0;630.0;not far-right;;;;;
Italy;Flawed democracy;2006-04-09;2006.0;National Alliance;Alleanza Nazionale;AN;12.01;71.0;630.0;far-right;1900.0;2100.0;1900.0;2100.0;0.0
Italy;Flawed democracy;2006-04-09;2006.0;Communist Refoundation Party;Partito della Rifondazione Comunista;PRC;5.69;41.0;630.0;not far-right;2100.0;2100.0;2100.0;2100.0;0.0
Italy;Flawed democracy;2006-04-09;2006.0;Union / Centre;;;6.75;39.0;630.0;not far-right;;;;;
Italy;Flawed democracy;2006-04-09;2006.0;(Northern) League;Lega (Nord);Lega;4.51;26.0;630.0;far-right;1900.0;2100.0;1900.0;2100.0;1.0
Italy;Flawed democracy;2006-04-09;2006.0;Radicals;;;2.53;18.0;630.0;not far-right;;;;;
Italy;Flawed democracy;2006-04-09;2006.0;Di Pietro’s list - Italy of Values;Lista Di Pietro - Italia dei Valori;IdV;2.31;17.0;630.0;not far-right;2100.0;2100.0;2100.0;2100.0;0.0
Italy;Flawed democracy;2006-04-09;2006.0;Party of the Italian Communists;;;2.25;16.0;630.0;not far-right;;;;;
Italy;Flawed democracy;2006-04-09;2006.0;Federation of the Greens;;;2.0;15.0;630.0;not far-right;;;;;
Italy;Flawed democracy;2006-04-09;2006.0;Union of Democrats for Europe;;;1.39;10.0;630.0;not far-right;;;;;
Italy;Flawed democracy;2006-04-09;2006.0;The Union-Prodi;;;1.08;6.0;630.0;not far-right;;;;;
Italy;Flawed democracy;2006-04-09;2006.0;Christian Democracy for the Autonomies;;;0.73;4.0;630.0;not far-right;;;;;
Italy;Flawed democracy;2006-04-09;2006.0;South Tyrol Peoples Party;;;0.47;4.0;630.0;not far-right;;;;;
Italy;Flawed democracy;2006-04-09;2006.0;one seat;;;0.18;1.0;630.0;not far-right;;;;;
Italy;Flawed democracy;2006-04-09;2006.0;Autonomy Liberty Democracy;;;0.09;1.0;630.0;not far-right;;;;;
Italy;Flawed democracy;2006-04-09;2006.0;Associative Italians Abroad;;;0.25;1.0;630.0;not far-right;;;;;
Cyprus;Flawed democracy;2006-05-21;2006.0;Progressive Party of Working People;Anorthotikó Kómma Ergazómenou Laoú;AKEL;31.13;18.0;56.0;not far-right;2100.0;2100.0;2100.0;2100.0;1.0
Cyprus;Flawed democracy;2006-05-21;2006.0;Democratic Rally;;;30.34;18.0;56.0;not far-right;;;;;
Cyprus;Flawed democracy;2006-05-21;2006.0;Democratic Party;;;17.92;11.0;56.0;not far-right;;;;;
Cyprus;Flawed democracy;2006-05-21;2006.0;Movement for Social Democracy EDEK;;;8.91;5.0;56.0;not far-right;;;;;
Cyprus;Flawed democracy;2006-05-21;2006.0;European Party;EVROKO;EVROKO;5.75;3.0;56.0;far-right;1900.0;2100.0;1900.0;2100.0;0.0
Cyprus;Flawed democracy;2006-05-21;2006.0;Ecological and Environmental Movement;;;1.95;1.0;56.0;not far-right;;;;;
Cyprus;Flawed democracy;2006-05-21;2006.0;United Democrats;;;1.56;0.0;56.0;not far-right;;;;;
Cyprus;Flawed democracy;2006-05-21;2006.0;Free Citizens Movement;;;1.22;0.0;56.0;not far-right;;;;;
Czech Republic;Full democracy;2006-06-03;2006.0;Civic Democratic Party;;;35.38;81.0;200.0;not far-right;;;;;
Czech Republic;Full democracy;2006-06-03;2006.0;Czech Social Democratic Party;;;32.32;74.0;200.0;not far-right;;;;;
Czech Republic;Full democracy;2006-06-03;2006.0;Communist Party of Bohemia and Moravia;Komunistická strana Cech a Moravy;KSCM;12.81;26.0;200.0;not far-right;2100.0;2100.0;2100.0;2100.0;0.0
Czech Republic;Full democracy;2006-06-03;2006.0;Christian Democratic Union -- People's Party;;;7.22;13.0;200.0;not far-right;;;;;
Czech Republic;Full democracy;2006-06-03;2006.0;Green Party;;;6.29;6.0;200.0;not far-right;;;;;
Czech Republic;Full democracy;2006-06-03;2006.0;SNK European Democrats;;;2.08;0.0;200.0;not far-right;;;;;
Slovakia;Flawed democracy;2006-06-17;2006.0;Direction -- Social Democracy;;;29.14;50.0;150.0;not far-right;;;;;
Slovakia;Flawed democracy;2006-06-17;2006.0;Slovak Democratic and Christian Union -- Democratic Party;;;18.35;31.0;150.0;not far-right;;;;;
Slovakia;Flawed democracy;2006-06-17;2006.0;Slovak National Party;Slovenská Národná Strana;SNS;11.73;20.0;150.0;far-right;1900.0;2100.0;1900.0;2100.0;1.0
Slovakia;Flawed democracy;2006-06-17;2006.0;Hungarian Coalition;;;11.68;20.0;150.0;not far-right;;;;;
Slovakia;Flawed democracy;2006-06-17;2006.0;Movement for a Democratic Slovakia;Hnutie za Demokratické Slovensko;HZDS / ĽS-HZDS;8.79;15.0;150.0;not far-right;2100.0;2100.0;2100.0;2100.0;0.0
Slovakia;Flawed democracy;2006-06-17;2006.0;Christian Democratic Movement;;;8.31;14.0;150.0;not far-right;;;;;
Slovakia;Flawed democracy;2006-06-17;2006.0;Communist Party of Slovakia;Komunistická Strana Slovenska;KSS;3.88;0.0;150.0;not far-right;2100.0;2100.0;2100.0;2100.0;0.0
Slovakia;Flawed democracy;2006-06-17;2006.0;Alliance of the New Citizen;Aliancia Nového Obcana;ANO;1.42;0.0;150.0;not far-right;2100.0;2100.0;2100.0;2100.0;0.0
Slovakia;Flawed democracy;2006-06-17;2006.0;Free Forum;;;3.47;0.0;150.0;not far-right;;;;;
Sweden;Full democracy;2006-09-17;2006.0;Social Democrats;;;35.2;130.0;349.0;not far-right;;;;;
Sweden;Full democracy;2006-09-17;2006.0;Moderate Party;;;26.1;97.0;349.0;not far-right;;;;;
Sweden;Full democracy;2006-09-17;2006.0;Centre Party;;;7.9;29.0;349.0;not far-right;;;;;
Sweden;Full democracy;2006-09-17;2006.0;People's Party;;;7.5;28.0;349.0;not far-right;;;;;
Sweden;Full democracy;2006-09-17;2006.0;Christian Democrats;;;6.6;24.0;349.0;not far-right;;;;;
Sweden;Full democracy;2006-09-17;2006.0;Left Party;Vänsterpartiet;V;5.8;22.0;349.0;not far-right;2100.0;2100.0;2100.0;2100.0;1.0
Sweden;Full democracy;2006-09-17;2006.0;Greens;;;5.2;19.0;349.0;not far-right;;;;;
Sweden;Full democracy;2006-09-17;2006.0;Sweden Democrats;Sverigedemokraterna;SD;2.9;0.0;349.0;far-right;1900.0;2100.0;1900.0;2100.0;1.0
Austria;Full democracy;2006-10-01;2006.0;Social Democratic Party of Austria;;;35.3;68.0;183.0;not far-right;;;;;
Austria;Full democracy;2006-10-01;2006.0;Austrian People's Party;;;34.3;66.0;183.0;not far-right;;;;;
Austria;Full democracy;2006-10-01;2006.0;The Greens -- The Green Alternative;;;11.1;21.0;183.0;not far-right;;;;;
Austria;Full democracy;2006-10-01;2006.0;Freedom Party of Austria;Freiheitliche Partei Österreichs;FPÖ;11.0;21.0;183.0;far-right;1900.0;2100.0;1900.0;2100.0;1.0
Austria;Full democracy;2006-10-01;2006.0;Alliance for the Future of Austria;Bündnis Zukunft Österreich;BZÖ;4.1;7.0;183.0;not far-right;1900.0;2008.0;1900.0;2008.0;0.0
Austria;Full democracy;2006-10-01;2006.0;Communist Party of Austria Plus;Kommunistische Partei Österreichs Plus;KPÖ Plus;1.0;0.0;183.0;not far-right;2100.0;2100.0;2100.0;2100.0;0.0
Austria;Full democracy;2006-10-01;2006.0;Hans-Peter Martin's List;Liste Hans-Peter Martin;Martin;2.8;0.0;183.0;not far-right;2100.0;2100.0;2100.0;2100.0;0.0
Latvia;Flawed democracy;2006-10-07;2006.0;People's Party;;;19.56;23.0;100.0;not far-right;;;;;
Latvia;Flawed democracy;2006-10-07;2006.0;New Era;Jaunais Laiks;JL;16.38;18.0;100.0;not far-right;2100.0;2100.0;2100.0;2100.0;0.0
Latvia;Flawed democracy;2006-10-07;2006.0;Green and Farmers' Union;;;16.71;18.0;100.0;not far-right;;;;;
Latvia;Flawed democracy;2006-10-07;2006.0;Harmony;;;14.42;17.0;100.0;not far-right;;;;;
Latvia;Flawed democracy;2006-10-07;2006.0;Latvian First Party / Latvian Way Party;;;8.58;10.0;100.0;not far-right;;;;;
Latvia;Flawed democracy;2006-10-07;2006.0;National Alliance;Nacionālā Apvienība;;6.94;8.0;100.0;far-right;1900.0;2100.0;1900.0;2100.0;1.0
Latvia;Flawed democracy;2006-10-07;2006.0;For Human Rights in a United Latvia;;;6.03;6.0;100.0;not far-right;;;;;
Latvia;Flawed democracy;2006-10-07;2006.0;Social Democratic Welfare Party;;;2.08;0.0;100.0;not far-right;;;;;
Latvia;Flawed democracy;2006-10-07;2006.0;Latvian Social Democratic Workers' Party;;;3.5;0.0;100.0;not far-right;;;;;
Latvia;Flawed democracy;2006-10-07;2006.0;All For Latvia!;;;1.48;0.0;100.0;not far-right;;;;;
Latvia;Flawed democracy;2006-10-07;2006.0;New Democrats;;;1.27;0.0;100.0;not far-right;;;;;
Netherlands;Full democracy;2006-11-22;2006.0;Christian Democratic Appeal;;;26.51;41.0;150.0;not far-right;;;;;
Netherlands;Full democracy;2006-11-22;2006.0;Labour Party;;;21.19;33.0;150.0;not far-right;;;;;
Netherlands;Full democracy;2006-11-22;2006.0;Socialist Party (Netherlands);Socialistiese Partij;SP;16.58;25.0;150.0;not far-right;2100.0;2100.0;2100.0;2100.0;1.0
Netherlands;Full democracy;2006-11-22;2006.0;People's Party for Freedom and Democracy;;;14.67;22.0;150.0;not far-right;;;;;
Netherlands;Full democracy;2006-11-22;2006.0;Party for Freedom;Partij voor de Vrijheid;PVV;5.89;9.0;150.0;far-right;1900.0;2100.0;1900.0;2100.0;1.0
Netherlands;Full democracy;2006-11-22;2006.0;GreenLeft;;;4.6;7.0;150.0;not far-right;;;;;
Netherlands;Full democracy;2006-11-22;2006.0;ChristianUnion;;;3.97;6.0;150.0;not far-right;;;;;
Netherlands;Full democracy;2006-11-22;2006.0;Democrats 66;;;1.96;3.0;150.0;not far-right;;;;;
Netherlands;Full democracy;2006-11-22;2006.0;Party for the Animals;;;1.83;2.0;150.0;not far-right;;;;;
Netherlands;Full democracy;2006-11-22;2006.0;Political Reformed Party;;;1.56;2.0;150.0;not far-right;;;;;
Netherlands;Full democracy;2006-11-22;2006.0;no seat;;;0.64;0.0;150.0;not far-right;;;;;
Estonia;Full democracy;2007-03-04;2007.0;Estonian Reform Party;;;27.8;31.0;101.0;not far-right;;;;;
Estonia;Full democracy;2007-03-04;2007.0;Estonian Centre Party;Eesti Keskerakond;EK;26.1;29.0;101.0;not far-right;2100.0;2100.0;2100.0;2100.0;1.0
Estonia;Full democracy;2007-03-04;2007.0;Pro Patria and Res Publica Union;;;17.9;19.0;101.0;not far-right;;;;;
Estonia;Full democracy;2007-03-04;2007.0;Social Democratic Party | Moderates;;;10.6;10.0;101.0;not far-right;;;;;
Estonia;Full democracy;2007-03-04;2007.0;Conservative People’s Party of Estonia;Eesti Konservatiivne Rahvaerakond;EKRE;7.1;6.0;101.0;far-right;1900.0;2100.0;1900.0;2100.0;1.0
Estonia;Full democracy;2007-03-04;2007.0;Estonian Greens;;;7.1;6.0;101.0;not far-right;;;;;
Estonia;Full democracy;2007-03-04;2007.0;Estonian Christian Democrats;;;1.7;0.0;101.0;not far-right;;;;;
Estonia;Full democracy;2007-03-04;2007.0;Constitution Party -- Estonian United People's Party;;;1.0;0.0;101.0;not far-right;;;;;
Finland;Full democracy;2007-03-18;2007.0;Centre Party;;;23.1;51.0;200.0;not far-right;;;;;
Finland;Full democracy;2007-03-18;2007.0;National Coalition Party;;;22.3;50.0;200.0;not far-right;;;;;
Finland;Full democracy;2007-03-18;2007.0;Social Democratic Party of Finland;;;21.4;45.0;200.0;not far-right;;;;;
Finland;Full democracy;2007-03-18;2007.0;Left Alliance;Demokraattinen Liitto | Vasemmistoliitto;VAS;8.8;17.0;200.0;not far-right;2100.0;2100.0;2100.0;2100.0;1.0
Finland;Full democracy;2007-03-18;2007.0;Green League;;;8.5;15.0;200.0;not far-right;;;;;
Finland;Full democracy;2007-03-18;2007.0;Swedish People's Party;;;4.6;9.0;200.0;not far-right;;;;;
Finland;Full democracy;2007-03-18;2007.0;Christian Democrats;;;4.9;7.0;200.0;not far-right;;;;;
Finland;Full democracy;2007-03-18;2007.0;Finns Party;Suomen Maaseudun Puolue | Perussuomalaiset;PS;4.1;5.0;200.0;far-right;1900.0;2100.0;2017.0;2100.0;1.0
Finland;Full democracy;2007-03-18;2007.0;Aland Coalition;;;0.4;1.0;200.0;not far-right;;;;;
Finland;Full democracy;2007-03-18;2007.0;Communist  Party of Finland (Unity);;;0.7;0.0;200.0;not far-right;;;;;
Ireland;Full democracy;2007-05-24;2007.0;Fianna Fail;;;41.56;78.0;166.0;not far-right;;;;;
Ireland;Full democracy;2007-05-24;2007.0;Fine Gael (Family of the Irish);;;27.32;51.0;166.0;not far-right;;;;;
Ireland;Full democracy;2007-05-24;2007.0;Labour Party;;;10.13;20.0;166.0;not far-right;;;;;
Ireland;Full democracy;2007-05-24;2007.0;Green Party;;;4.69;6.0;166.0;not far-right;;;;;
Ireland;Full democracy;2007-05-24;2007.0;no party affiliation;;;;5.0;166.0;not far-right;;;;;
Ireland;Full democracy;2007-05-24;2007.0;We Ourselves;Sinn Féin;SF;6.94;4.0;166.0;not far-right;2100.0;2100.0;2100.0;2100.0;1.0
Ireland;Full democracy;2007-05-24;2007.0;Progressive Democrats;;;2.73;2.0;166.0;not far-right;;;;;
Ireland;Full democracy;2007-05-24;2007.0;Socialist Party (Netherlands);;;0.64;0.0;166.0;not far-right;;;;;
Belgium;Flawed democracy;2007-06-10;2007.0;Christian-Democrat and Flemish / New Flemish Alliance;;;18.5;30.0;150.0;not far-right;;;;;
Belgium;Flawed democracy;2007-06-10;2007.0;Reformist Movement;;;12.5;23.0;150.0;not far-right;;;;;
Belgium;Flawed democracy;2007-06-10;2007.0;Socialist Party (Netherlands) [Francophone];;;10.86;20.0;150.0;not far-right;;;;;
Belgium;Flawed democracy;2007-06-10;2007.0;Party of Liberty and Progress | Flemish Liberals and Democrats;;;11.83;18.0;150.0;not far-right;;;;;
Belgium;Flawed democracy;2007-06-10;2007.0;Flemish Interest;Vlaams Belang;VB;12.0;17.0;150.0;far-right;1900.0;2100.0;1900.0;2100.0;1.0
Belgium;Flawed democracy;2007-06-10;2007.0;Socialist Party (Netherlands) Different / Social Liberal Party;;;10.26;14.0;150.0;not far-right;;;;;
Belgium;Flawed democracy;2007-06-10;2007.0;Francophone Christian Social Party -- Humanist Democratic Centre;;;6.1;10.0;150.0;not far-right;;;;;
Belgium;Flawed democracy;2007-06-10;2007.0;Confederated ecologists for the organisation of original struggles;;;5.1;8.0;150.0;not far-right;;;;;
Belgium;Flawed democracy;2007-06-10;2007.0;List Dedecker;Lijst Dedecker ;LDD;4.03;5.0;150.0;not far-right;2100.0;2100.0;2100.0;2100.0;0.0
Belgium;Flawed democracy;2007-06-10;2007.0;Agalev -- Green;;;3.98;4.0;150.0;not far-right;;;;;
Belgium;Flawed democracy;2007-06-10;2007.0;National Front;Front National;FN;2.0;1.0;150.0;far-right;1900.0;2100.0;1900.0;2100.0;0.0
Belgium;Flawed democracy;2007-06-10;2007.0;Workers' Party of Belgium;Partij van de Arbeid – Parti du Travail;PVDA/PTB;0.84;0.0;150.0;not far-right;2100.0;2100.0;2100.0;2100.0;1.0
France;Flawed democracy;2007-06-17;2007.0;Union for a Popular Movement | The Republicans;;;39.54;313.0;577.0;not far-right;;;;;
France;Flawed democracy;2007-06-17;2007.0;Socialist Party (Netherlands);;;24.73;186.0;577.0;not far-right;;;;;
France;Flawed democracy;2007-06-17;2007.0;New Centre;;;2.37;22.0;577.0;not far-right;;;;;
France;Flawed democracy;2007-06-17;2007.0;French Communist Party;Parti Communiste Français;PCF;4.3;15.0;577.0;not far-right;2100.0;2100.0;2100.0;2100.0;1.0
France;Flawed democracy;2007-06-17;2007.0;other left;;;1.97;15.0;577.0;not far-right;;;;;
France;Flawed democracy;2007-06-17;2007.0;other right;;;2.47;9.0;577.0;not far-right;;;;;
France;Flawed democracy;2007-06-17;2007.0;Radical Party of the Left;;;1.32;7.0;577.0;not far-right;;;;;
France;Flawed democracy;2007-06-17;2007.0;Greens;;;3.25;4.0;577.0;not far-right;;;;;
France;Flawed democracy;2007-06-17;2007.0;Union for French Democracy | Democratic Movement;;;7.61;3.0;577.0;not far-right;;;;;
France;Flawed democracy;2007-06-17;2007.0;Martinican Independence Movement;;;0.51;1.0;577.0;not far-right;;;;;
France;Flawed democracy;2007-06-17;2007.0;no party affiliation;;;;1.0;577.0;not far-right;;;;;
France;Flawed democracy;2007-06-17;2007.0;Movement for France;Mouvement pour la France;MPF;1.2;1.0;577.0;far-right;1900.0;2100.0;2100.0;2100.0;0.0
France;Flawed democracy;2007-06-17;2007.0;National Front / Rally;Front National / Rassemblement National;FN / RN;4.29;0.0;577.0;far-right;1900.0;2100.0;1900.0;2100.0;1.0
France;Flawed democracy;2007-06-17;2007.0;other far-left;;;3.41;0.0;577.0;not far-right;;;;;
Greece;Full democracy;2007-09-16;2007.0;New Democracy;;;41.84;152.0;300.0;not far-right;;;;;
Greece;Full democracy;2007-09-16;2007.0;Panhellenic Socialist Movement;;;38.1;102.0;300.0;not far-right;;;;;
Greece;Full democracy;2007-09-16;2007.0;Communist Party of Greece;;;8.15;22.0;300.0;not far-right;;;;;
Greece;Full democracy;2007-09-16;2007.0;Coalition of the Radical Left;;;5.04;14.0;300.0;not far-right;;;;;
Greece;Full democracy;2007-09-16;2007.0;Popular Orthodox Rally;Laïkós Orthódoxos Synagermós;LAOS;3.8;10.0;300.0;far-right;1900.0;2100.0;1900.0;2100.0;0.0
Greece;Full democracy;2007-09-16;2007.0;Ecologist Greens;;;1.05;0.0;300.0;not far-right;;;;;
Poland;Flawed democracy;2007-10-19;2007.0;Civic Platform;;;41.51;209.0;460.0;not far-right;;;;;
Poland;Flawed democracy;2007-10-19;2007.0;Law and Justice;Prawo i Sprawiedliwosc;PiS;32.11;166.0;460.0;far-right;2005.0;2100.0;2015.0;2100.0;1.0
Poland;Flawed democracy;2007-10-19;2007.0;Democratic Left Alliance;;;;37.0;460.0;not far-right;;;;;
Poland;Flawed democracy;2007-10-19;2007.0;Polish People's Party;;;8.91;31.0;460.0;not far-right;;;;;
Poland;Flawed democracy;2007-10-19;2007.0;Social Democracy of Poland;;;;10.0;460.0;not far-right;;;;;
Poland;Flawed democracy;2007-10-19;2007.0;no party affiliation;;;;5.0;460.0;not far-right;;;;;
Poland;Flawed democracy;2007-10-19;2007.0;Democratic | Freedom | Union;;;;1.0;460.0;not far-right;;;;;
Poland;Flawed democracy;2007-10-19;2007.0;German minority;;;0.2;1.0;460.0;not far-right;;;;;
Poland;Flawed democracy;2007-10-19;2007.0;Labour Union;;;;0.0;460.0;not far-right;;;;;
Poland;Flawed democracy;2007-10-19;2007.0;Self-Defense of the Republic Poland;;;1.53;0.0;460.0;not far-right;;;;;
Poland;Flawed democracy;2007-10-19;2007.0;League of Polish Families;Liga Polskich Rodzin;LPR;1.3;0.0;460.0;far-right;1900.0;2010.0;1900.0;2010.0;0.0
Poland;Flawed democracy;2007-10-19;2007.0;Left and Democrats;;;13.15;;460.0;not far-right;;;;;
Denmark;Full democracy;2007-11-13;2007.0;Liberal Party;;;26.2;46.0;179.0;not far-right;;;;;
Denmark;Full democracy;2007-11-13;2007.0;Social Democrats;;;25.5;45.0;179.0;not far-right;;;;;
Denmark;Full democracy;2007-11-13;2007.0;Danish People's Party;Dansk Folkeparti;DF;13.9;25.0;179.0;far-right;1900.0;2100.0;1900.0;2100.0;1.0
Denmark;Full democracy;2007-11-13;2007.0;Socialist People's Party;Socialistisk Folkeparti;SF;13.0;23.0;179.0;not far-right;2100.0;2100.0;2100.0;2100.0;1.0
Denmark;Full democracy;2007-11-13;2007.0;Conservatives;;;10.4;18.0;179.0;not far-right;;;;;
Denmark;Full democracy;2007-11-13;2007.0;Danish Social Liberal Party;;;5.1;9.0;179.0;not far-right;;;;;
Denmark;Full democracy;2007-11-13;2007.0;New-Liberal Alliance;;;2.8;5.0;179.0;not far-right;;;;;
Denmark;Full democracy;2007-11-13;2007.0;Red-Green Alliance;Enhedslisten – De Rød-Grønne;En-O;2.2;4.0;179.0;not far-right;2100.0;2100.0;2100.0;2100.0;1.0
Denmark;Full democracy;2007-11-13;2007.0;Union Party (Faroe Islands);;;;1.0;179.0;not far-right;;;;;
Denmark;Full democracy;2007-11-13;2007.0;Community of the People (Greenland);;;;1.0;179.0;not far-right;;;;;
Denmark;Full democracy;2007-11-13;2007.0;Forward (Greenland);;;;1.0;179.0;not far-right;;;;;
Denmark;Full democracy;2007-11-13;2007.0;Republic (Faroe Islands);;;;1.0;179.0;not far-right;;;;;
Denmark;Full democracy;2007-11-13;2007.0;Christian People's Party;;;0.9;0.0;179.0;not far-right;;;;;
Croatia;Flawed democracy;2007-11-25;2007.0;Croatian Democratic Union;Hrvatska Demokratska Zajednica;HDZ;35.9;66.0;153.0;not far-right;1900.0;2000.0;1900.0;2000.0;1.0
Croatia;Flawed democracy;2007-11-25;2007.0;Social Democratic Party of Croatia;;;30.8;56.0;153.0;not far-right;;;;;
Croatia;Flawed democracy;2007-11-25;2007.0;Croatian People's Party -- Liberal Democrats;;;6.7;7.0;153.0;not far-right;;;;;
Croatia;Flawed democracy;2007-11-25;2007.0;Croatian Peasant Party;;;6.4;6.0;153.0;not far-right;;;;;
Croatia;Flawed democracy;2007-11-25;2007.0;ethnic;;;;4.0;153.0;not far-right;;;;;
Croatia;Flawed democracy;2007-11-25;2007.0;Istrian Democratic Assembly;;;1.5;3.0;153.0;not far-right;;;;;
Croatia;Flawed democracy;2007-11-25;2007.0;Croatian Democratic Alliance of Slavonia and Baranja;Hrvatski demokratski savez Slavonije i Baranje;HDSSB;1.8;3.0;153.0;far-right;1900.0;2100.0;2100.0;2100.0;0.0
Croatia;Flawed democracy;2007-11-25;2007.0;Independent Democratic Serb Party;;;1.5;3.0;153.0;not far-right;;;;;
Croatia;Flawed democracy;2007-11-25;2007.0;Croatian Social Liberal Party;;;;2.0;153.0;not far-right;;;;;
Croatia;Flawed democracy;2007-11-25;2007.0;Croatian Party of Rights;Hrvatska Stranka Prava;HSP;3.4;1.0;153.0;far-right;1900.0;2100.0;1900.0;2100.0;0.0
Croatia;Flawed democracy;2007-11-25;2007.0;Croatian Party of Pensioners;;;4.0;1.0;153.0;not far-right;;;;;
Croatia;Flawed democracy;2007-11-25;2007.0;Party of Democratic Action of Croatia;;;;1.0;153.0;not far-right;;;;;
Malta;Flawed democracy;2008-03-08;2008.0;Nationalist Party;;;49.34;35.0;69.0;not far-right;;;;;
Malta;Flawed democracy;2008-03-08;2008.0;Malta Labour Party;;;48.79;34.0;69.0;not far-right;;;;;
Malta;Flawed democracy;2008-03-08;2008.0;Democratic Alternative;;;1.31;0.0;69.0;not far-right;;;;;
Spain;Full democracy;2008-03-09;2008.0;Spanish Socialist Workers Party;;;44.36;169.0;350.0;not far-right;;;;;
Spain;Full democracy;2008-03-09;2008.0;People's Alliance-Party;;;40.1;154.0;350.0;not far-right;;;;;
Spain;Full democracy;2008-03-09;2008.0;Convergence and Union;;;3.06;10.0;350.0;not far-right;;;;;
Spain;Full democracy;2008-03-09;2008.0;Basque Nationalist Party;;;1.2;6.0;350.0;not far-right;;;;;
Spain;Full democracy;2008-03-09;2008.0;Republican Left of Catalonia;;;1.17;3.0;350.0;not far-right;;;;;
Spain;Full democracy;2008-03-09;2008.0;Galician Nationalist Bloc;Bloque Nacionalista Galego;BNG;0.84;2.0;350.0;not far-right;2100.0;2100.0;2100.0;2100.0;1.0
Spain;Full democracy;2008-03-09;2008.0;United Left;Izquierda Unida;IU;3.81;2.0;350.0;not far-right;2100.0;2100.0;2100.0;2100.0;0.0
Spain;Full democracy;2008-03-09;2008.0;Canary Coalition;;;0.69;2.0;350.0;not far-right;;;;;
Spain;Full democracy;2008-03-09;2008.0;Yes;;;0.25;1.0;350.0;not far-right;;;;;
Spain;Full democracy;2008-03-09;2008.0;Union, Progress and Democracy;;;1.2;1.0;350.0;not far-right;;;;;
Spain;Full democracy;2008-03-09;2008.0;no seat;;;0.27;0.0;350.0;not far-right;;;;;
Italy;Flawed democracy;2008-04-13;2008.0;Go Italy -- The People of Freedom;;;38.23;276.0;630.0;not far-right;;;;;
Italy;Flawed democracy;2008-04-13;2008.0;Democratic Party;;;34.04;217.0;630.0;not far-right;;;;;
Italy;Flawed democracy;2008-04-13;2008.0;(Northern) League;Lega (Nord);Lega;8.29;60.0;630.0;far-right;1900.0;2100.0;1900.0;2100.0;1.0
Italy;Flawed democracy;2008-04-13;2008.0;Union / Centre;;;5.85;36.0;630.0;not far-right;;;;;
Italy;Flawed democracy;2008-04-13;2008.0;Di Pietro’s list - Italy of Values;Lista Di Pietro - Italia dei Valori;IdV;4.48;29.0;630.0;not far-right;2100.0;2100.0;2100.0;2100.0;0.0
Italy;Flawed democracy;2008-04-13;2008.0;Movement for Autonomy;;;1.12;8.0;630.0;not far-right;;;;;
Italy;Flawed democracy;2008-04-13;2008.0;South Tyrol Peoples Party;;;0.4;2.0;630.0;not far-right;;;;;
Italy;Flawed democracy;2008-04-13;2008.0;Associative Italians Abroad;;;0.24;1.0;630.0;not far-right;;;;;
Italy;Flawed democracy;2008-04-13;2008.0;Autonomy Liberty Democracy;;;0.08;1.0;630.0;not far-right;;;;;
Italy;Flawed democracy;2008-04-13;2008.0;Social Movement Tricolour Flame;Movimento Sociale Fiamma Tricolore;MSFT;2.46;0.0;630.0;far-right;1900.0;2100.0;1900.0;2100.0;0.0
Italy;Flawed democracy;2008-04-13;2008.0;Communist Refoundation Party;Partito della Rifondazione Comunista;PRC;3.16;0.0;630.0;not far-right;2100.0;2100.0;2100.0;2100.0;0.0
Slovenia;Flawed democracy;2008-09-21;2008.0;United List -- Social Democrats;;;30.45;29.0;90.0;not far-right;;;;;
Slovenia;Flawed democracy;2008-09-21;2008.0;Slovenian Democratic Party;Slovenska Demokratska Stranka;SDS;29.26;28.0;90.0;not far-right;2015.0;2100.0;2015.0;2100.0;1.0
Slovenia;Flawed democracy;2008-09-21;2008.0;For Real;;;9.37;9.0;90.0;not far-right;;;;;
Slovenia;Flawed democracy;2008-09-21;2008.0;Democratic Party of Pensioners of Slovenia;;;7.45;7.0;90.0;not far-right;;;;;
Slovenia;Flawed democracy;2008-09-21;2008.0;Slovenian National Party;Slovenska Nacionalna Stranka;SNS;5.4;5.0;90.0;far-right;1900.0;2100.0;1900.0;2100.0;0.0
Slovenia;Flawed democracy;2008-09-21;2008.0;Slovenian People's Party;;;5.21;5.0;90.0;not far-right;;;;;
Slovenia;Flawed democracy;2008-09-21;2008.0;Liberal Democracy of Slovenia;;;5.21;5.0;90.0;not far-right;;;;;
Slovenia;Flawed democracy;2008-09-21;2008.0;Hungarian national community;;;;1.0;90.0;not far-right;;;;;
Slovenia;Flawed democracy;2008-09-21;2008.0;Italian national community;;;;1.0;90.0;not far-right;;;;;
Slovenia;Flawed democracy;2008-09-21;2008.0;New Slovenia – Christian Democrats;Nova Slovenija – Krščanski Demokrati;N.Si;3.4;0.0;90.0;far-right;1900.0;2100.0;1900.0;2100.0;1.0
Slovenia;Flawed democracy;2008-09-21;2008.0;Party Lime Tree;;;1.81;0.0;90.0;not far-right;;;;;
Austria;Full democracy;2008-09-28;2008.0;Social Democratic Party of Austria;;;29.26;57.0;183.0;not far-right;;;;;
Austria;Full democracy;2008-09-28;2008.0;Austrian People's Party;;;25.98;51.0;183.0;not far-right;;;;;
Austria;Full democracy;2008-09-28;2008.0;Freedom Party of Austria;Freiheitliche Partei Österreichs;FPÖ;17.54;34.0;183.0;far-right;1900.0;2100.0;1900.0;2100.0;1.0
Austria;Full democracy;2008-09-28;2008.0;Alliance for the Future of Austria;Bündnis Zukunft Österreich;BZÖ;10.7;21.0;183.0;not far-right;1900.0;2008.0;1900.0;2008.0;0.0
Austria;Full democracy;2008-09-28;2008.0;The Greens -- The Green Alternative;;;10.43;20.0;183.0;not far-right;;;;;
Austria;Full democracy;2008-09-28;2008.0;Liberal Forum;;;2.09;0.0;183.0;not far-right;;;;;
Austria;Full democracy;2008-09-28;2008.0;The Citizens' Forum Austria;;;1.76;0.0;183.0;not far-right;;;;;
Lithuania;Flawed democracy;2008-10-12;2008.0;Homeland Union;;;19.72;45.0;141.0;not far-right;;;;;
Lithuania;Flawed democracy;2008-10-12;2008.0;Lithuanian Social Democratic Party;;;11.72;25.0;141.0;not far-right;;;;;
Lithuania;Flawed democracy;2008-10-12;2008.0;National Resurrection Party;Tautos Prisikelimo Partija;TPP;15.09;16.0;141.0;not far-right;2100.0;2100.0;2100.0;2100.0;0.0
Lithuania;Flawed democracy;2008-10-12;2008.0;Order and Justice -- Liberal Democratic Party;;;12.68;15.0;141.0;not far-right;;;;;
Lithuania;Flawed democracy;2008-10-12;2008.0;Liberals Movement of the Republic of Lithuania;;;5.73;11.0;141.0;not far-right;;;;;
Lithuania;Flawed democracy;2008-10-12;2008.0;Labour Party;Darbo Partija;DP;8.99;10.0;141.0;not far-right;2100.0;2100.0;2100.0;2100.0;1.0
Lithuania;Flawed democracy;2008-10-12;2008.0;Liberal and Centre Union;;;5.34;8.0;141.0;not far-right;;;;;
Lithuania;Flawed democracy;2008-10-12;2008.0;no party affiliation;;;;4.0;141.0;not far-right;;;;;
Lithuania;Flawed democracy;2008-10-12;2008.0;Election Action of Lithuania's Poles;;;4.79;3.0;141.0;not far-right;;;;;
Lithuania;Flawed democracy;2008-10-12;2008.0;Lithuanian Peasant Union;;;3.73;3.0;141.0;not far-right;;;;;
Lithuania;Flawed democracy;2008-10-12;2008.0;New Union (Social Liberals);;;3.64;1.0;141.0;not far-right;;;;;
Lithuania;Flawed democracy;2008-10-12;2008.0;Socialist People's Front;;;3.24;0.0;141.0;not far-right;;;;;
Lithuania;Flawed democracy;2008-10-12;2008.0;Young Lithuania;Jaunoji Lietuva;JL;1.75;0.0;141.0;far-right;1900.0;2100.0;1900.0;2100.0;0.0
Lithuania;Flawed democracy;2008-10-12;2008.0;Civic Democratic Party;;;1.11;0.0;141.0;not far-right;;;;;
Luxembourg;Full democracy;2009-06-07;2009.0;Christian Social People's Party;;;38.04;26.0;60.0;not far-right;;;;;
Luxembourg;Full democracy;2009-06-07;2009.0;Luxembourg Socialist Workers' Party;;;21.56;13.0;60.0;not far-right;;;;;
Luxembourg;Full democracy;2009-06-07;2009.0;Democratic Party;;;14.98;9.0;60.0;not far-right;;;;;
Luxembourg;Full democracy;2009-06-07;2009.0;The Greens;;;11.71;7.0;60.0;not far-right;;;;;
Luxembourg;Full democracy;2009-06-07;2009.0;Action Committee Pensions | Alternative Democratic Reform Party;;;8.13;4.0;60.0;not far-right;;;;;
Luxembourg;Full democracy;2009-06-07;2009.0;The Left;Déi Lénk ;Dei Lenk;3.29;1.0;60.0;not far-right;2100.0;2100.0;2100.0;2100.0;1.0
Luxembourg;Full democracy;2009-06-07;2009.0;Communist Party of Luxembourg;Kommunistesch Partei Lëtzebuerg;KPL;1.47;0.0;60.0;not far-right;2100.0;2100.0;2100.0;2100.0;0.0
Bulgaria;Flawed democracy;2009-07-05;2009.0;Citizens for European Development of Bulgaria;Grazhdani za Evropeysko Razvitie na Bulgariya;GERB;39.72;116.0;240.0;not far-right;2100.0;2100.0;2100.0;2100.0;1.0
Bulgaria;Flawed democracy;2009-07-05;2009.0;Coalition for Bulgaria | Democratic Left;;;17.7;40.0;240.0;not far-right;;;;;
Bulgaria;Flawed democracy;2009-07-05;2009.0;Movement for Rights and Freedoms;;;14.45;38.0;240.0;not far-right;;;;;
Bulgaria;Flawed democracy;2009-07-05;2009.0;Attack;Ataka;Ataka;9.36;21.0;240.0;far-right;1900.0;2100.0;1900.0;2100.0;0.0
Bulgaria;Flawed democracy;2009-07-05;2009.0;Blue Coalition;;;6.76;15.0;240.0;not far-right;;;;;
Bulgaria;Flawed democracy;2009-07-05;2009.0;Order, Lawfulness and Justice;;;4.13;10.0;240.0;not far-right;;;;;
Bulgaria;Flawed democracy;2009-07-05;2009.0;National Movement Simeon II;;;3.02;0.0;240.0;not far-right;;;;;
Bulgaria;Flawed democracy;2009-07-05;2009.0;Lider;;;3.26;0.0;240.0;not far-right;;;;;
Norway;Full democracy;2009-09-14;2009.0;Norwegian Labour Party;;;35.4;64.0;169.0;not far-right;;;;;
Norway;Full democracy;2009-09-14;2009.0;Progress Party;Fremskrittspartiet;FrP;22.9;41.0;169.0;far-right;1900.0;2100.0;2100.0;2100.0;1.0
Norway;Full democracy;2009-09-14;2009.0;Conservative Party;;;17.2;30.0;169.0;not far-right;;;;;
Norway;Full democracy;2009-09-14;2009.0;Socialist Left Party;Sosialistisk Venstreparti;SV;6.2;11.0;169.0;not far-right;2100.0;2100.0;2100.0;2100.0;1.0
Norway;Full democracy;2009-09-14;2009.0;Centre Party;Senterpartiet;Sp;6.2;11.0;169.0;not far-right;2100.0;2100.0;2100.0;2100.0;1.0
Norway;Full democracy;2009-09-14;2009.0;Christian Democratic Party;;;5.5;10.0;169.0;not far-right;;;;;
Norway;Full democracy;2009-09-14;2009.0;Liberal Party of Norway;;;3.9;2.0;169.0;not far-right;;;;;
Norway;Full democracy;2009-09-14;2009.0;Red Electoral Alliance;;;1.4;0.0;169.0;not far-right;;;;;
Germany;Full democracy;2009-09-27;2009.0;Christian Democratic Union;;;27.3;194.0;622.0;not far-right;;;;;
Germany;Full democracy;2009-09-27;2009.0;Social Democratic Party of Germany;;;23.0;146.0;622.0;not far-right;;;;;
Germany;Full democracy;2009-09-27;2009.0;Free Democratic Party;;;14.6;93.0;622.0;not far-right;;;;;
Germany;Full democracy;2009-09-27;2009.0;PDS | The Left;;;11.9;76.0;622.0;not far-right;;;;;
Germany;Full democracy;2009-09-27;2009.0;Alliance 90 / Greens;;;10.7;68.0;622.0;not far-right;;;;;
Germany;Full democracy;2009-09-27;2009.0;Christian Social Union;;;6.5;45.0;622.0;not far-right;;;;;
Germany;Full democracy;2009-09-27;2009.0;German Pirate Party;;;2.0;0.0;622.0;not far-right;;;;;
Germany;Full democracy;2009-09-27;2009.0;National Democratic Party;;;1.5;0.0;622.0;not far-right;;;;;
Portugal;Full democracy;2009-09-27;2009.0;Socialist Party (Netherlands);;;37.73;97.0;230.0;not far-right;;;;;
Portugal;Full democracy;2009-09-27;2009.0;Social Democratic Party;;;30.04;81.0;230.0;not far-right;;;;;
Portugal;Full democracy;2009-09-27;2009.0;Democratic and Social Centre -- People's Party;;;10.77;21.0;230.0;not far-right;;;;;
Portugal;Full democracy;2009-09-27;2009.0;Bloc of the Left;;;10.12;16.0;230.0;not far-right;;;;;
Portugal;Full democracy;2009-09-27;2009.0;Unified Democratic Coalition;;;8.11;15.0;230.0;not far-right;;;;;
Portugal;Full democracy;2009-09-27;2009.0;Communist Party of the Portuguese Workers / Reorganizative Movement of the Party of the Proletariat;;;0.96;0.0;230.0;not far-right;;;;;
Greece;Full democracy;2009-10-04;2009.0;Panhellenic Socialist Movement;;;43.92;160.0;300.0;not far-right;;;;;
Greece;Full democracy;2009-10-04;2009.0;New Democracy;;;33.47;91.0;300.0;not far-right;;;;;
Greece;Full democracy;2009-10-04;2009.0;Communist Party of Greece;;;7.54;21.0;300.0;not far-right;;;;;
Greece;Full democracy;2009-10-04;2009.0;Popular Orthodox Rally;Laïkós Orthódoxos Synagermós;LAOS;5.63;15.0;300.0;far-right;1900.0;2100.0;1900.0;2100.0;0.0
Greece;Full democracy;2009-10-04;2009.0;Coalition of the Radical Left;;;4.6;13.0;300.0;not far-right;;;;;
Greece;Full democracy;2009-10-04;2009.0;Ecologist Greens;;;2.53;0.0;300.0;not far-right;;;;;
Hungary;Flawed democracy;2002-04-21;2002.0;Hungarian Justice and Life Party;Magyar Igazság és Élet Pártja;MIÉP;4.37;0.0;386.0;far-right;1900.0;2100.0;1900.0;2100.0;0.0
Hungary;Flawed democracy;2006-04-09;2006.0;Hungarian Justice and Life Party;Magyar Igazság és Élet Pártja;MIÉP;2.2;0.0;386.0;far-right;1900.0;2100.0;1900.0;2100.0;0.0
Hungary;Flawed democracy;1990-04-08;1990.0;Hungarian Socialist Party (Netherlands);;;10.9;33.0;386.0;not far-right;;;;;
Hungary;Flawed democracy;1994-05-29;1994.0;Hungarian Socialist Party (Netherlands);;;33.0;209.0;386.0;not far-right;;;;;
Hungary;Flawed democracy;1998-05-24;1998.0;Hungarian Socialist Party (Netherlands);;;32.9;134.0;386.0;not far-right;;;;;
Hungary;Flawed democracy;2002-04-21;2002.0;Hungarian Socialist Party (Netherlands);;;42.05;178.0;386.0;not far-right;;;;;
Hungary;Flawed democracy;2006-04-09;2006.0;Hungarian Socialist Party (Netherlands);;;43.2;190.0;386.0;not far-right;;;;;
Hungary;Flawed democracy;2010-04-25;2010.0;Hungarian Socialist Party (Netherlands);;;19.3;59.0;386.0;not far-right;;;;;
United Kingdom;Full democracy;2010-05-06;2010.0;Conservatives;;;36.1;307.0;650.0;not far-right;;;;;
United Kingdom;Full democracy;2010-05-06;2010.0;Labour;;;29.0;258.0;650.0;not far-right;;;;;
United Kingdom;Full democracy;2010-05-06;2010.0;Liberals;;;23.0;57.0;650.0;not far-right;;;;;
United Kingdom;Full democracy;2010-05-06;2010.0;Democratic Unionist Party;Democratic Unionist Party;DUP;0.6;8.0;650.0;not far-right;2100.0;2100.0;2100.0;2100.0;1.0
United Kingdom;Full democracy;2010-05-06;2010.0;Scottish National Party;;;1.7;6.0;650.0;not far-right;;;;;
United Kingdom;Full democracy;2010-05-06;2010.0;We Ourselves;;;0.6;5.0;650.0;not far-right;;;;;
United Kingdom;Full democracy;2010-05-06;2010.0;Social Democratic and Labour Party;;;0.4;3.0;650.0;not far-right;;;;;
United Kingdom;Full democracy;2010-05-06;2010.0;Plaid Cymru;;;0.6;3.0;650.0;not far-right;;;;;
United Kingdom;Full democracy;2010-05-06;2010.0;Green Party;;;1.0;1.0;650.0;not far-right;;;;;
United Kingdom;Full democracy;2010-05-06;2010.0;others;;;;1.0;650.0;not far-right;;;;;
United Kingdom;Full democracy;2010-05-06;2010.0;one seat;;;0.14;1.0;650.0;not far-right;;;;;
United Kingdom;Full democracy;2010-05-06;2010.0;British National Party;;;1.9;0.0;650.0;not far-right;;;;;
United Kingdom;Full democracy;2010-05-06;2010.0;United Kingdom Independence Party;United Kingdom Independence Party;UKIP;3.1;0.0;650.0;far-right;2002.0;2100.0;2002.0;2100.0;0.0
Czech Republic;Full democracy;2010-05-29;2010.0;Czech Social Democratic Party;;;22.08;56.0;200.0;not far-right;;;;;
Czech Republic;Full democracy;2010-05-29;2010.0;Civic Democratic Party;;;20.22;53.0;200.0;not far-right;;;;;
Czech Republic;Full democracy;2010-05-29;2010.0;Tradition Responsibility Prosperity 09;;;16.7;38.0;200.0;not far-right;;;;;
Czech Republic;Full democracy;2010-05-29;2010.0;Communist Party of Bohemia and Moravia;Komunistická strana Cech a Moravy;KSCM;11.27;26.0;200.0;not far-right;2100.0;2100.0;2100.0;2100.0;0.0
Czech Republic;Full democracy;2010-05-29;2010.0;Public Affairs;Veci verejné;VV;10.88;24.0;200.0;not far-right;2100.0;2100.0;2100.0;2100.0;0.0
Czech Republic;Full democracy;2010-05-29;2010.0;Mayors and Independents;;;;3.0;200.0;not far-right;;;;;
Czech Republic;Full democracy;2010-05-29;2010.0;Party of Civic Rights -- Zemanovci;;;4.33;0.0;200.0;not far-right;;;;;
Czech Republic;Full democracy;2010-05-29;2010.0;Sovereignty -- Jana Bobosikova Bloc;;;3.67;0.0;200.0;not far-right;;;;;
Czech Republic;Full democracy;2010-05-29;2010.0;Green Party;;;2.44;0.0;200.0;not far-right;;;;;
Czech Republic;Full democracy;2010-05-29;2010.0;Christian Democratic Union -- People's Party;;;4.39;0.0;200.0;not far-right;;;;;
Czech Republic;Full democracy;2010-05-29;2010.0;Workers' Party of Social Justice;;;1.14;0.0;200.0;not far-right;;;;;
Netherlands;Full democracy;2010-06-09;2010.0;People's Party for Freedom and Democracy;;;20.49;31.0;150.0;not far-right;;;;;
Netherlands;Full democracy;2010-06-09;2010.0;Labour Party;;;19.63;30.0;150.0;not far-right;;;;;
Netherlands;Full democracy;2010-06-09;2010.0;Party for Freedom;Partij voor de Vrijheid;PVV;15.45;24.0;150.0;far-right;1900.0;2100.0;1900.0;2100.0;1.0
Netherlands;Full democracy;2010-06-09;2010.0;Christian Democratic Appeal;;;13.61;21.0;150.0;not far-right;;;;;
Netherlands;Full democracy;2010-06-09;2010.0;Socialist Party (Netherlands);Socialistiese Partij;SP;9.82;15.0;150.0;not far-right;2100.0;2100.0;2100.0;2100.0;1.0
Netherlands;Full democracy;2010-06-09;2010.0;GreenLeft;;;6.67;10.0;150.0;not far-right;;;;;
Netherlands;Full democracy;2010-06-09;2010.0;Democrats 66;;;6.95;10.0;150.0;not far-right;;;;;
Netherlands;Full democracy;2010-06-09;2010.0;ChristianUnion;;;3.24;5.0;150.0;not far-right;;;;;
Netherlands;Full democracy;2010-06-09;2010.0;Party for the Animals;;;1.3;2.0;150.0;not far-right;;;;;
Netherlands;Full democracy;2010-06-09;2010.0;Political Reformed Party;;;1.74;2.0;150.0;not far-right;;;;;
Netherlands;Full democracy;2010-06-09;2010.0;no seat;;;0.56;0.0;150.0;not far-right;;;;;
Slovakia;Flawed democracy;2010-06-12;2010.0;Direction -- Social Democracy;;;34.79;62.0;150.0;not far-right;;;;;
Slovakia;Flawed democracy;2010-06-12;2010.0;Slovak Democratic and Christian Union -- Democratic Party;;;15.42;28.0;150.0;not far-right;;;;;
Slovakia;Flawed democracy;2010-06-12;2010.0;Freedom and Solidarity;;;12.14;18.0;150.0;not far-right;;;;;
Slovakia;Flawed democracy;2010-06-12;2010.0;Christian Democratic Movement;;;8.52;15.0;150.0;not far-right;;;;;
Slovakia;Flawed democracy;2010-06-12;2010.0;Most-Hid;;;8.12;10.0;150.0;not far-right;;;;;
Slovakia;Flawed democracy;2010-06-12;2010.0;Slovak National Party;Slovenská Národná Strana;SNS;5.07;9.0;150.0;far-right;1900.0;2100.0;1900.0;2100.0;1.0
Slovakia;Flawed democracy;2010-06-12;2010.0;Ordinary People and Independent;;;;4.0;150.0;not far-right;;;;;
Slovakia;Flawed democracy;2010-06-12;2010.0;Civic Conservative Party;;;;4.0;150.0;not far-right;;;;;
Slovakia;Flawed democracy;2010-06-12;2010.0;Party of the Democratic Left -- 2005;;;2.41;0.0;150.0;not far-right;;;;;
Slovakia;Flawed democracy;2010-06-12;2010.0;Movement for a Democratic Slovakia;Hnutie za Demokratické Slovensko;HZDS / ĽS-HZDS;4.32;0.0;150.0;not far-right;2100.0;2100.0;2100.0;2100.0;0.0
Slovakia;Flawed democracy;2010-06-12;2010.0;Kotlebists – People’s Party Our Slovakia;Kotlebovci – Ludová Strana Naše Slovensko;L'SNS;1.33;0.0;150.0;far-right;1900.0;2100.0;1900.0;2100.0;0.0
Slovakia;Flawed democracy;2010-06-12;2010.0;Hungarian Coalition;;;4.33;0.0;150.0;not far-right;;;;;
Belgium;Flawed democracy;2010-06-13;2010.0;New Flemish Alliance;Nieuw-Vlaamse Alliantie;N-VA;17.4;27.0;150.0;not far-right;2019.0;2025.0;2100.0;2100.0;1.0
Belgium;Flawed democracy;2010-06-13;2010.0;Socialist Party (Netherlands) [Francophone];;;13.7;26.0;150.0;not far-right;;;;;
Belgium;Flawed democracy;2010-06-13;2010.0;Reformist Movement;;;9.28;18.0;150.0;not far-right;;;;;
Belgium;Flawed democracy;2010-06-13;2010.0;Flemish Christian Peoples Party | Christian Democrats & Flemish;;;10.85;17.0;150.0;not far-right;;;;;
Belgium;Flawed democracy;2010-06-13;2010.0;Socialist Party (Netherlands);;;9.24;13.0;150.0;not far-right;;;;;
Belgium;Flawed democracy;2010-06-13;2010.0;Party of Liberty and Progress | Flemish Liberals and Democrats;;;8.64;13.0;150.0;not far-right;;;;;
Belgium;Flawed democracy;2010-06-13;2010.0;Flemish Interest;Vlaams Belang;VB;7.76;12.0;150.0;far-right;1900.0;2100.0;1900.0;2100.0;1.0
Belgium;Flawed democracy;2010-06-13;2010.0;Francophone Christian Social Party -- Humanist Democratic Centre;;;5.52;9.0;150.0;not far-right;;;;;
Belgium;Flawed democracy;2010-06-13;2010.0;Confederated ecologists for the organisation of original struggles;;;4.8;8.0;150.0;not far-right;;;;;
Belgium;Flawed democracy;2010-06-13;2010.0;Agalev -- Green;;;4.38;5.0;150.0;not far-right;;;;;
Belgium;Flawed democracy;2010-06-13;2010.0;List Dedecker;Lijst Dedecker ;LDD;2.31;1.0;150.0;not far-right;2100.0;2100.0;2100.0;2100.0;0.0
Belgium;Flawed democracy;2010-06-13;2010.0;People's Party;Parti populaire;PP;1.29;1.0;150.0;far-right;1900.0;2100.0;1900.0;2100.0;0.0
Belgium;Flawed democracy;2010-06-13;2010.0;Workers' Party of Belgium;Partij van de Arbeid – Parti du Travail;PVDA/PTB;1.55;0.0;150.0;not far-right;2100.0;2100.0;2100.0;2100.0;1.0
Sweden;Full democracy;2010-09-19;2010.0;Social Democrats;;;30.66;112.0;349.0;not far-right;;;;;
Sweden;Full democracy;2010-09-19;2010.0;Moderate Party;;;30.06;107.0;349.0;not far-right;;;;;
Sweden;Full democracy;2010-09-19;2010.0;Greens;;;7.34;25.0;349.0;not far-right;;;;;
Sweden;Full democracy;2010-09-19;2010.0;People's Party;;;7.06;24.0;349.0;not far-right;;;;;
Sweden;Full democracy;2010-09-19;2010.0;Centre Party;;;6.56;23.0;349.0;not far-right;;;;;
Sweden;Full democracy;2010-09-19;2010.0;Sweden Democrats;Sverigedemokraterna;SD;5.7;20.0;349.0;far-right;1900.0;2100.0;1900.0;2100.0;1.0
Sweden;Full democracy;2010-09-19;2010.0;Left Party;Vänsterpartiet;V;5.6;19.0;349.0;not far-right;2100.0;2100.0;2100.0;2100.0;1.0
Sweden;Full democracy;2010-09-19;2010.0;Christian Democrats;;;5.6;19.0;349.0;not far-right;;;;;
Sweden;Full democracy;2010-09-19;2010.0;Pirate Party;;;0.65;0.0;349.0;not far-right;;;;;
Latvia;Flawed democracy;2010-10-02;2010.0;Unity;;;31.9;33.0;100.0;not far-right;;;;;
Latvia;Flawed democracy;2010-10-02;2010.0;Harmony;;;26.61;29.0;100.0;not far-right;;;;;
Latvia;Flawed democracy;2010-10-02;2010.0;Green and Farmers' Union;;;20.11;22.0;100.0;not far-right;;;;;
Latvia;Flawed democracy;2010-10-02;2010.0;National Alliance;Nacionālā Apvienība;;7.84;8.0;100.0;far-right;1900.0;2100.0;1900.0;2100.0;1.0
Latvia;Flawed democracy;2010-10-02;2010.0;For a Good Latvia;;;7.82;8.0;100.0;not far-right;;;;;
Latvia;Flawed democracy;2010-10-02;2010.0;For Human Rights in a United Latvia;;;1.47;0.0;100.0;not far-right;;;;;
Ireland;Full democracy;2011-02-25;2011.0;Fine Gael (Family of the Irish);;;36.1;76.0;166.0;not far-right;;;;;
Ireland;Full democracy;2011-02-25;2011.0;Labour Party;;;19.45;37.0;166.0;not far-right;;;;;
Ireland;Full democracy;2011-02-25;2011.0;Fianna Fail;;;17.45;20.0;166.0;not far-right;;;;;
Ireland;Full democracy;2011-02-25;2011.0;no party affiliation;;;12.17;14.0;166.0;not far-right;;;;;
Ireland;Full democracy;2011-02-25;2011.0;We Ourselves;Sinn Féin;SF;9.94;14.0;166.0;not far-right;2100.0;2100.0;2100.0;2100.0;1.0
Ireland;Full democracy;2011-02-25;2011.0;Socialist Party (Netherlands);;;1.21;2.0;166.0;not far-right;;;;;
Ireland;Full democracy;2011-02-25;2011.0;People Before Profit Alliance;;;0.97;2.0;166.0;not far-right;;;;;
Ireland;Full democracy;2011-02-25;2011.0;one seat;;;0.5;1.0;166.0;not far-right;;;;;
Ireland;Full democracy;2011-02-25;2011.0;Green Party;;;1.85;0.0;166.0;not far-right;;;;;
Estonia;Full democracy;2011-03-06;2011.0;Estonian Reform Party;;;28.6;33.0;101.0;not far-right;;;;;
Estonia;Full democracy;2011-03-06;2011.0;Estonian Centre Party;Eesti Keskerakond;EK;23.3;26.0;101.0;not far-right;2100.0;2100.0;2100.0;2100.0;1.0
Estonia;Full democracy;2011-03-06;2011.0;Pro Patria and Res Publica Union;;;20.5;23.0;101.0;not far-right;;;;;
Estonia;Full democracy;2011-03-06;2011.0;Social Democratic Party | Moderates;;;17.1;19.0;101.0;not far-right;;;;;
Estonia;Full democracy;2011-03-06;2011.0;Estonian Greens;;;3.8;0.0;101.0;not far-right;;;;;
Estonia;Full democracy;2011-03-06;2011.0;Conservative People’s Party of Estonia;Eesti Konservatiivne Rahvaerakond;EKRE;2.1;0.0;101.0;far-right;1900.0;2100.0;1900.0;2100.0;1.0
Finland;Full democracy;2011-04-17;2011.0;National Coalition Party;;;20.4;44.0;200.0;not far-right;;;;;
Finland;Full democracy;2011-04-17;2011.0;Social Democratic Party of Finland;;;19.1;42.0;200.0;not far-right;;;;;
Finland;Full democracy;2011-04-17;2011.0;Finns Party;Suomen Maaseudun Puolue | Perussuomalaiset;PS;19.1;39.0;200.0;far-right;1900.0;2100.0;2017.0;2100.0;1.0
Finland;Full democracy;2011-04-17;2011.0;Centre Party;;;15.8;35.0;200.0;not far-right;;;;;
Finland;Full democracy;2011-04-17;2011.0;Left Alliance;Demokraattinen Liitto | Vasemmistoliitto;VAS;8.1;14.0;200.0;not far-right;2100.0;2100.0;2100.0;2100.0;1.0
Finland;Full democracy;2011-04-17;2011.0;Green League;;;7.3;10.0;200.0;not far-right;;;;;
Finland;Full democracy;2011-04-17;2011.0;Swedish People's Party;;;4.3;9.0;200.0;not far-right;;;;;
Finland;Full democracy;2011-04-17;2011.0;Christian Democrats;;;4.0;6.0;200.0;not far-right;;;;;
Finland;Full democracy;2011-04-17;2011.0;Aland Coalition;;;0.2;1.0;200.0;not far-right;;;;;
Finland;Full democracy;2011-04-17;2011.0;Pirate Party Finland;;;0.5;0.0;200.0;not far-right;;;;;
Cyprus;Flawed democracy;2011-05-22;2011.0;Democratic Rally;;;34.28;20.0;56.0;not far-right;;;;;
Cyprus;Flawed democracy;2011-05-22;2011.0;Progressive Party of Working People;Anorthotikó Kómma Ergazómenou Laoú;AKEL;32.67;19.0;56.0;not far-right;2100.0;2100.0;2100.0;2100.0;1.0
Cyprus;Flawed democracy;2011-05-22;2011.0;Democratic Party;;;15.76;9.0;56.0;not far-right;;;;;
Cyprus;Flawed democracy;2011-05-22;2011.0;Movement for Social Democracy EDEK;;;8.93;5.0;56.0;not far-right;;;;;
Cyprus;Flawed democracy;2011-05-22;2011.0;European Party;EVROKO;EVROKO;3.88;2.0;56.0;far-right;1900.0;2100.0;1900.0;2100.0;0.0
Cyprus;Flawed democracy;2011-05-22;2011.0;Ecological and Environmental Movement;;;2.21;1.0;56.0;not far-right;;;;;
Cyprus;Flawed democracy;2011-05-22;2011.0;National Popular Front;Ethniko Laiko Metopo;ELAM;1.08;0.0;56.0;far-right;1900.0;2100.0;1900.0;2100.0;1.0
Portugal;Full democracy;2011-06-05;2011.0;Social Democratic Party;;;40.31;108.0;230.0;not far-right;;;;;
Portugal;Full democracy;2011-06-05;2011.0;Socialist Party (Netherlands);;;29.24;74.0;230.0;not far-right;;;;;
Portugal;Full democracy;2011-06-05;2011.0;Democratic and Social Centre -- People's Party;;;12.21;24.0;230.0;not far-right;;;;;
Portugal;Full democracy;2011-06-05;2011.0;Unified Democratic Coalition;;;8.23;16.0;230.0;not far-right;;;;;
Portugal;Full democracy;2011-06-05;2011.0;Bloc of the Left;;;5.39;8.0;230.0;not far-right;;;;;
Portugal;Full democracy;2011-06-05;2011.0;Communist Party of the Portuguese Workers / Reorganizative Movement of the Party of the Proletariat;;;1.17;0.0;230.0;not far-right;;;;;
Portugal;Full democracy;2011-06-05;2011.0;Party for Animals and Nature;;;1.08;0.0;230.0;not far-right;;;;;
Denmark;Full democracy;2011-09-15;2011.0;Liberal Party;;;26.7;47.0;179.0;not far-right;;;;;
Denmark;Full democracy;2011-09-15;2011.0;Social Democrats;;;24.8;44.0;179.0;not far-right;;;;;
Denmark;Full democracy;2011-09-15;2011.0;Danish People's Party;Dansk Folkeparti;DF;12.3;22.0;179.0;far-right;1900.0;2100.0;1900.0;2100.0;1.0
Denmark;Full democracy;2011-09-15;2011.0;Danish Social Liberal Party;;;9.5;17.0;179.0;not far-right;;;;;
Denmark;Full democracy;2011-09-15;2011.0;Socialist People's Party;Socialistisk Folkeparti;SF;9.2;16.0;179.0;not far-right;2100.0;2100.0;2100.0;2100.0;1.0
Denmark;Full democracy;2011-09-15;2011.0;Red-Green Alliance;Enhedslisten – De Rød-Grønne;En-O;6.7;12.0;179.0;not far-right;2100.0;2100.0;2100.0;2100.0;1.0
Denmark;Full democracy;2011-09-15;2011.0;New-Liberal Alliance;;;5.0;9.0;179.0;not far-right;;;;;
Denmark;Full democracy;2011-09-15;2011.0;Conservatives;;;4.9;8.0;179.0;not far-right;;;;;
Denmark;Full democracy;2011-09-15;2011.0;Community of the People (Greenland);;;;1.0;179.0;not far-right;;;;;
Denmark;Full democracy;2011-09-15;2011.0;Forward (Greenland);;;;1.0;179.0;not far-right;;;;;
Denmark;Full democracy;2011-09-15;2011.0;Union Party (Faroe Islands);;;;1.0;179.0;not far-right;;;;;
Denmark;Full democracy;2011-09-15;2011.0;Social Democratic Party (Faroe Islands);;;;1.0;179.0;not far-right;;;;;
Denmark;Full democracy;2011-09-15;2011.0;Christian People's Party;;;0.78;0.0;179.0;not far-right;;;;;
Latvia;Flawed democracy;2011-09-17;2011.0;Harmony;;;28.36;31.0;100.0;not far-right;;;;;
Latvia;Flawed democracy;2011-09-17;2011.0;Reform Party;Reformu partija;RP;20.83;22.0;100.0;not far-right;2100.0;2100.0;2100.0;2100.0;0.0
Latvia;Flawed democracy;2011-09-17;2011.0;Unity;;;18.83;20.0;100.0;not far-right;;;;;
Latvia;Flawed democracy;2011-09-17;2011.0;National Alliance;Nacionālā Apvienība;;13.88;14.0;100.0;far-right;1900.0;2100.0;1900.0;2100.0;1.0
Latvia;Flawed democracy;2011-09-17;2011.0;Green and Farmers' Union;;;12.22;13.0;100.0;not far-right;;;;;
Latvia;Flawed democracy;2011-09-17;2011.0;Latvian First Party / Latvian Way Party;;;2.41;0.0;100.0;not far-right;;;;;
Poland;Flawed democracy;2011-10-09;2011.0;Civic Platform;;;39.18;207.0;460.0;not far-right;;;;;
Poland;Flawed democracy;2011-10-09;2011.0;Law and Justice;Prawo i Sprawiedliwosc;PiS;29.89;157.0;460.0;far-right;2005.0;2100.0;2015.0;2100.0;1.0
Poland;Flawed democracy;2011-10-09;2011.0;Your (Palikot's) Movement;;;10.02;40.0;460.0;not far-right;;;;;
Poland;Flawed democracy;2011-10-09;2011.0;Polish People's Party;;;8.36;28.0;460.0;not far-right;;;;;
Poland;Flawed democracy;2011-10-09;2011.0;Democratic Left Alliance;;;8.24;27.0;460.0;not far-right;;;;;
Poland;Flawed democracy;2011-10-09;2011.0;German minority;;;0.19;1.0;460.0;not far-right;;;;;
Poland;Flawed democracy;2011-10-09;2011.0;Poland is the Most Important;;;2.19;0.0;460.0;not far-right;;;;;
Poland;Flawed democracy;2011-10-09;2011.0;Real Politics Union;;;1.06;0.0;460.0;not far-right;;;;;
Spain;Full democracy;2011-11-20;2011.0;People's Alliance-Party;;;41.9;186.0;350.0;not far-right;;;;;
Spain;Full democracy;2011-11-20;2011.0;Spanish Socialist Workers Party;;;29.16;110.0;350.0;not far-right;;;;;
Spain;Full democracy;2011-11-20;2011.0;Convergence and Union;;;4.23;16.0;350.0;not far-right;;;;;
Spain;Full democracy;2011-11-20;2011.0;United Left;Izquierda Unida;IU;7.02;11.0;350.0;not far-right;2100.0;2100.0;2100.0;2100.0;0.0
Spain;Full democracy;2011-11-20;2011.0;Basque Solidarity;;;1.39;7.0;350.0;not far-right;;;;;
Spain;Full democracy;2011-11-20;2011.0;Union, Progress and Democracy;;;4.76;5.0;350.0;not far-right;;;;;
Spain;Full democracy;2011-11-20;2011.0;Basque Nationalist Party;;;1.35;5.0;350.0;not far-right;;;;;
Spain;Full democracy;2011-11-20;2011.0;Republican Left of Catalonia;;;1.07;3.0;350.0;not far-right;;;;;
Spain;Full democracy;2011-11-20;2011.0;Galician Nationalist Bloc;Bloque Nacionalista Galego;BNG;0.77;2.0;350.0;not far-right;2100.0;2100.0;2100.0;2100.0;1.0
Spain;Full democracy;2011-11-20;2011.0;Canary Coalition;;;0.6;2.0;350.0;not far-right;;;;;
Spain;Full democracy;2011-11-20;2011.0;one seat;;;;2.0;350.0;not far-right;;;;;
Spain;Full democracy;2011-11-20;2011.0;Yes;;;0.18;1.0;350.0;not far-right;;;;;
Spain;Full democracy;2011-11-20;2011.0;Equo;;;0.9;0.0;350.0;not far-right;;;;;
Croatia;Flawed democracy;2011-12-04;2011.0;Social Democratic Party of Croatia;;;41.08;61.0;151.0;not far-right;;;;;
Croatia;Flawed democracy;2011-12-04;2011.0;Croatian Democratic Union;Hrvatska Demokratska Zajednica;HDZ;23.5;41.0;151.0;not far-right;1900.0;2000.0;1900.0;2000.0;1.0
Croatia;Flawed democracy;2011-12-04;2011.0;Croatian People's Party -- Liberal Democrats;;;;13.0;151.0;not far-right;;;;;
Croatia;Flawed democracy;2011-12-04;2011.0;Croatian Labourists -- Labour Party;;;4.19;6.0;151.0;not far-right;;;;;
Croatia;Flawed democracy;2011-12-04;2011.0;Croatian Democratic Alliance of Slavonia and Baranja;Hrvatski demokratski savez Slavonije i Baranje;HDSSB;2.96;6.0;151.0;far-right;1900.0;2100.0;2100.0;2100.0;0.0
Croatia;Flawed democracy;2011-12-04;2011.0;ethnic;;;;5.0;151.0;not far-right;;;;;
Croatia;Flawed democracy;2011-12-04;2011.0;abroad;;;;3.0;151.0;not far-right;;;;;
Croatia;Flawed democracy;2011-12-04;2011.0;Istrian Democratic Assembly;;;;3.0;151.0;not far-right;;;;;
Croatia;Flawed democracy;2011-12-04;2011.0;Croatian Party of Pensioners;;;;3.0;151.0;not far-right;;;;;
Croatia;Flawed democracy;2011-12-04;2011.0;Independent Democratic Serb Party;;;;3.0;151.0;not far-right;;;;;
Croatia;Flawed democracy;2011-12-04;2011.0;Croatian Civic Party;;;;2.0;151.0;not far-right;;;;;
Croatia;Flawed democracy;2011-12-04;2011.0;Independent List -- PhD Ivan Grubisic;;;1.25;2.0;151.0;not far-right;;;;;
Croatia;Flawed democracy;2011-12-04;2011.0;Democratic Centre;;;;1.0;151.0;not far-right;;;;;
Croatia;Flawed democracy;2011-12-04;2011.0;Croatian Party of Rights Dr. Ante Starčević;Hrvatska Stranka Prava Dr. Ante Starcevic;HSP AS;0.64;1.0;151.0;far-right;1900.0;2100.0;1900.0;2100.0;0.0
Croatia;Flawed democracy;2011-12-04;2011.0;Croatian Peasant Party;;;0.64;1.0;151.0;not far-right;;;;;
Croatia;Flawed democracy;2011-12-04;2011.0;Croatian Party of Rights;Hrvatska Stranka Prava;HSP;3.0;0.0;151.0;far-right;1900.0;2100.0;1900.0;2100.0;0.0
Croatia;Flawed democracy;2011-12-04;2011.0;Croatian Social Liberal Party;;;3.0;0.0;151.0;not far-right;;;;;
Croatia;Flawed democracy;2011-12-04;2011.0;Alliance of Primorje-Gorski;;;2.8;0.0;151.0;not far-right;;;;;
Slovenia;Flawed democracy;2011-12-04;2011.0;Zoran Jankovic's List -- Positive Slovenia;;;28.51;28.0;90.0;not far-right;;;;;
Slovenia;Flawed democracy;2011-12-04;2011.0;Slovenian Democratic Party;Slovenska Demokratska Stranka;SDS;26.19;26.0;90.0;not far-right;2015.0;2100.0;2015.0;2100.0;1.0
Slovenia;Flawed democracy;2011-12-04;2011.0;United List -- Social Democrats;;;10.52;10.0;90.0;not far-right;;;;;
Slovenia;Flawed democracy;2011-12-04;2011.0;Civic List;;;8.37;8.0;90.0;not far-right;;;;;
Slovenia;Flawed democracy;2011-12-04;2011.0;Democratic Party of Pensioners of Slovenia;;;6.97;6.0;90.0;not far-right;;;;;
Slovenia;Flawed democracy;2011-12-04;2011.0;Slovenian People's Party;;;6.83;6.0;90.0;not far-right;;;;;
Slovenia;Flawed democracy;2011-12-04;2011.0;New Slovenia – Christian Democrats;Nova Slovenija – Krščanski Demokrati;N.Si;4.88;4.0;90.0;far-right;1900.0;2100.0;1900.0;2100.0;1.0
Slovenia;Flawed democracy;2011-12-04;2011.0;Italian national community;;;;1.0;90.0;not far-right;;;;;
Slovenia;Flawed democracy;2011-12-04;2011.0;Hungarian national community;;;;1.0;90.0;not far-right;;;;;
Slovenia;Flawed democracy;2011-12-04;2011.0;Slovenian National Party;Slovenska Nacionalna Stranka;SNS;1.8;0.0;90.0;far-right;1900.0;2100.0;1900.0;2100.0;0.0
Slovenia;Flawed democracy;2011-12-04;2011.0;Liberal Democracy of Slovenia;;;1.48;0.0;90.0;not far-right;;;;;
Slovenia;Flawed democracy;2011-12-04;2011.0;Party for Sustainable Development of Slovenia;;;1.22;0.0;90.0;not far-right;;;;;
Slovakia;Flawed democracy;2012-03-10;2012.0;Direction -- Social Democracy;;;44.41;83.0;150.0;not far-right;;;;;
Slovakia;Flawed democracy;2012-03-10;2012.0;Christian Democratic Movement;;;8.82;16.0;150.0;not far-right;;;;;
Slovakia;Flawed democracy;2012-03-10;2012.0;Ordinary People and Independent;;;8.55;16.0;150.0;not far-right;;;;;
Slovakia;Flawed democracy;2012-03-10;2012.0;Most-Hid;;;6.89;13.0;150.0;not far-right;;;;;
Slovakia;Flawed democracy;2012-03-10;2012.0;Freedom and Solidarity;;;5.88;11.0;150.0;not far-right;;;;;
Slovakia;Flawed democracy;2012-03-10;2012.0;Slovak Democratic and Christian Union -- Democratic Party;;;6.09;11.0;150.0;not far-right;;;;;
Slovakia;Flawed democracy;2012-03-10;2012.0;Slovak National Party;Slovenská Národná Strana;SNS;4.55;0.0;150.0;far-right;1900.0;2100.0;1900.0;2100.0;1.0
Slovakia;Flawed democracy;2012-03-10;2012.0;Kotlebists – People’s Party Our Slovakia;Kotlebovci – Ludová Strana Naše Slovensko;L'SNS;1.58;0.0;150.0;far-right;1900.0;2100.0;1900.0;2100.0;0.0
Slovakia;Flawed democracy;2012-03-10;2012.0;Change from the Bottom, DU;;;1.29;0.0;150.0;not far-right;;;;;
Slovakia;Flawed democracy;2012-03-10;2012.0;99 Percent -- Civic Voice;;;1.58;0.0;150.0;not far-right;;;;;
Slovakia;Flawed democracy;2012-03-10;2012.0;Hungarian Coalition;;;4.28;0.0;150.0;not far-right;;;;;
Slovakia;Flawed democracy;2012-03-10;2012.0;Alliance of the New Citizen;Aliancia Nového Obcana;ANO;1.22;0.0;150.0;not far-right;2100.0;2100.0;2100.0;2100.0;0.0
Greece;Full democracy;2012-05-06;2012.0;New Democracy;;;18.85;108.0;300.0;not far-right;;;;;
Greece;Full democracy;2012-05-06;2012.0;Coalition of the Radical Left;;;16.79;52.0;300.0;not far-right;;;;;
Greece;Full democracy;2012-05-06;2012.0;Panhellenic Socialist Movement;;;13.18;41.0;300.0;not far-right;;;;;
Greece;Full democracy;2012-05-06;2012.0;Independent Greeks;Anexartitoi Ellines;ANEL;10.62;33.0;300.0;far-right;1900.0;2100.0;1900.0;2100.0;0.0
Greece;Full democracy;2012-05-06;2012.0;Communist Party of Greece;;;8.48;26.0;300.0;not far-right;;;;;
Greece;Full democracy;2012-05-06;2012.0;Golden Dawn;Laikos Syndesmos – Chrysi Avgi;GD;6.97;21.0;300.0;far-right;1900.0;2100.0;1900.0;2100.0;0.0
Greece;Full democracy;2012-05-06;2012.0;Democratic Left;;;6.11;19.0;300.0;not far-right;;;;;
Greece;Full democracy;2012-05-06;2012.0;Popular Orthodox Rally;Laïkós Orthódoxos Synagermós;LAOS;2.89;0.0;300.0;far-right;1900.0;2100.0;1900.0;2100.0;0.0
Greece;Full democracy;2012-05-06;2012.0;Ecologist Greens;;;2.93;0.0;300.0;not far-right;;;;;
Greece;Full democracy;2012-05-06;2012.0;Democratic Alliance;;;2.55;0.0;300.0;not far-right;;;;;
Greece;Full democracy;2012-05-06;2012.0;Recreate Greece;;;2.15;0.0;300.0;not far-right;;;;;
Greece;Full democracy;2012-05-06;2012.0;Action -- Liberal Alliance;;;1.8;0.0;300.0;not far-right;;;;;
Greece;Full democracy;2012-05-06;2012.0;Front of the Greek Anticapitalist Left;;;1.19;0.0;300.0;not far-right;;;;;
France;Flawed democracy;2012-06-17;2012.0;Socialist Party (Netherlands);;;29.35;280.0;577.0;not far-right;;;;;
France;Flawed democracy;2012-06-17;2012.0;Union for a Popular Movement | The Republicans;;;27.12;194.0;577.0;not far-right;;;;;
France;Flawed democracy;2012-06-17;2012.0;other left;;;3.4;22.0;577.0;not far-right;;;;;
France;Flawed democracy;2012-06-17;2012.0;Greens;;;5.46;17.0;577.0;not far-right;;;;;
France;Flawed democracy;2012-06-17;2012.0;other right;;;3.51;15.0;577.0;not far-right;;;;;
France;Flawed democracy;2012-06-17;2012.0;Radical Party of the Left;;;1.65;12.0;577.0;not far-right;;;;;
France;Flawed democracy;2012-06-17;2012.0;New Centre;;;2.2;12.0;577.0;not far-right;;;;;
France;Flawed democracy;2012-06-17;2012.0;French Communist Party;Parti Communiste Français;PCF;6.91;10.0;577.0;not far-right;2100.0;2100.0;2100.0;2100.0;1.0
France;Flawed democracy;2012-06-17;2012.0;Radical Socialist Party (Netherlands);;;1.24;6.0;577.0;not far-right;;;;;
France;Flawed democracy;2012-06-17;2012.0;Martinican Independence Movement;;;0.56;2.0;577.0;not far-right;;;;;
France;Flawed democracy;2012-06-17;2012.0;Union for French Democracy | Democratic Movement;;;1.77;2.0;577.0;not far-right;;;;;
France;Flawed democracy;2012-06-17;2012.0;Centrist Alliance;;;0.6;2.0;577.0;not far-right;;;;;
France;Flawed democracy;2012-06-17;2012.0;National Front / Rally;Front National / Rassemblement National;FN / RN;13.6;2.0;577.0;far-right;1900.0;2100.0;1900.0;2100.0;1.0
France;Flawed democracy;2012-06-17;2012.0;other far-right;;;0.19;1.0;577.0;not far-right;;;;;
France;Flawed democracy;2012-06-17;2012.0;no seat;;;0.96;0.0;577.0;not far-right;;;;;
Greece;Full democracy;2012-06-17;2012.0;New Democracy;;;29.66;129.0;300.0;not far-right;;;;;
Greece;Full democracy;2012-06-17;2012.0;Coalition of the Radical Left;;;26.89;71.0;300.0;not far-right;;;;;
Greece;Full democracy;2012-06-17;2012.0;Panhellenic Socialist Movement;;;12.28;33.0;300.0;not far-right;;;;;
Greece;Full democracy;2012-06-17;2012.0;Independent Greeks;Anexartitoi Ellines;ANEL;7.51;20.0;300.0;far-right;1900.0;2100.0;1900.0;2100.0;0.0
Greece;Full democracy;2012-06-17;2012.0;Golden Dawn;Laikos Syndesmos – Chrysi Avgi;GD;6.92;18.0;300.0;far-right;1900.0;2100.0;1900.0;2100.0;0.0
Greece;Full democracy;2012-06-17;2012.0;Democratic Left;;;6.26;17.0;300.0;not far-right;;;;;
Greece;Full democracy;2012-06-17;2012.0;Communist Party of Greece;;;4.5;12.0;300.0;not far-right;;;;;
Greece;Full democracy;2012-06-17;2012.0;Recreate Greece;;;1.59;0.0;300.0;not far-right;;;;;
Greece;Full democracy;2012-06-17;2012.0;Popular Orthodox Rally;Laïkós Orthódoxos Synagermós;LAOS;1.58;0.0;300.0;far-right;1900.0;2100.0;1900.0;2100.0;0.0
Netherlands;Full democracy;2012-09-12;2012.0;People's Party for Freedom and Democracy;;;26.58;41.0;150.0;not far-right;;;;;
Netherlands;Full democracy;2012-09-12;2012.0;Labour Party;;;24.84;38.0;150.0;not far-right;;;;;
Netherlands;Full democracy;2012-09-12;2012.0;Party for Freedom;Partij voor de Vrijheid;PVV;10.08;15.0;150.0;far-right;1900.0;2100.0;1900.0;2100.0;1.0
Netherlands;Full democracy;2012-09-12;2012.0;Socialist Party (Netherlands);Socialistiese Partij;SP;9.65;15.0;150.0;not far-right;2100.0;2100.0;2100.0;2100.0;1.0
Netherlands;Full democracy;2012-09-12;2012.0;Christian Democratic Appeal;;;8.51;13.0;150.0;not far-right;;;;;
Netherlands;Full democracy;2012-09-12;2012.0;Democrats 66;;;8.03;12.0;150.0;not far-right;;;;;
Netherlands;Full democracy;2012-09-12;2012.0;ChristianUnion;;;3.13;5.0;150.0;not far-right;;;;;
Netherlands;Full democracy;2012-09-12;2012.0;GreenLeft;;;2.33;4.0;150.0;not far-right;;;;;
Netherlands;Full democracy;2012-09-12;2012.0;Political Reformed Party;;;2.09;3.0;150.0;not far-right;;;;;
Netherlands;Full democracy;2012-09-12;2012.0;Party for the Animals;;;1.93;2.0;150.0;not far-right;;;;;
Netherlands;Full democracy;2012-09-12;2012.0;50PLUS;;;1.88;2.0;150.0;not far-right;;;;;
Netherlands;Full democracy;2012-09-12;2012.0;no seat;;;0.32;0.0;150.0;not far-right;;;;;
Lithuania;Flawed democracy;2012-10-14;2012.0;Lithuanian Social Democratic Party;;;18.37;38.0;141.0;not far-right;;;;;
Lithuania;Flawed democracy;2012-10-14;2012.0;Homeland Union;;;15.08;33.0;141.0;not far-right;;;;;
Lithuania;Flawed democracy;2012-10-14;2012.0;Labour Party;Darbo Partija;DP;19.82;29.0;141.0;not far-right;2100.0;2100.0;2100.0;2100.0;1.0
Lithuania;Flawed democracy;2012-10-14;2012.0;Order and Justice -- Liberal Democratic Party;;;7.31;12.0;141.0;not far-right;;;;;
Lithuania;Flawed democracy;2012-10-14;2012.0;Liberals Movement of the Republic of Lithuania;;;8.57;10.0;141.0;not far-right;;;;;
Lithuania;Flawed democracy;2012-10-14;2012.0;Election Action of Lithuania's Poles;;;5.83;8.0;141.0;not far-right;;;;;
Lithuania;Flawed democracy;2012-10-14;2012.0;The Way of Courage;Drasos Kelias;DK;7.99;7.0;141.0;not far-right;2100.0;2100.0;2100.0;2100.0;0.0
Lithuania;Flawed democracy;2012-10-14;2012.0;no party affiliation;;;;3.0;141.0;not far-right;;;;;
Lithuania;Flawed democracy;2012-10-14;2012.0;Lithuanian Peasant Union;;;3.88;1.0;141.0;not far-right;;;;;
Lithuania;Flawed democracy;2012-10-14;2012.0;Liberal and Centre Union;;;2.06;0.0;141.0;not far-right;;;;;
Lithuania;Flawed democracy;2012-10-14;2012.0;YES -- Homeland Revival and Perspective;;;1.76;0.0;141.0;not far-right;;;;;
Lithuania;Flawed democracy;2012-10-14;2012.0;Socialist People's Front;;;1.21;0.0;141.0;not far-right;;;;;
Lithuania;Flawed democracy;2012-10-14;2012.0;Christian Conservative Social Union;;;1.2;0.0;141.0;not far-right;;;;;
Italy;Flawed democracy;2013-02-25;2013.0;Democratic Party;;;26.27;297.0;630.0;not far-right;;;;;
Italy;Flawed democracy;2013-02-25;2013.0;Five Star Movement;Movimento 5 Stelle;M5S;25.88;109.0;630.0;not far-right;2100.0;2100.0;2100.0;2100.0;1.0
Italy;Flawed democracy;2013-02-25;2013.0;Go Italy -- The People of Freedom;;;21.99;98.0;630.0;not far-right;;;;;
Italy;Flawed democracy;2013-02-25;2013.0;Civic Choice;;;8.84;39.0;630.0;not far-right;;;;;
Italy;Flawed democracy;2013-02-25;2013.0;Left;;;3.25;37.0;630.0;not far-right;;;;;
Italy;Flawed democracy;2013-02-25;2013.0;(Northern) League;Lega (Nord);Lega;4.1;18.0;630.0;far-right;1900.0;2100.0;1900.0;2100.0;1.0
Italy;Flawed democracy;2013-02-25;2013.0;Brothers of Italy;Fratelli d'Italia;FdI;1.97;9.0;630.0;far-right;1900.0;2100.0;1900.0;2100.0;1.0
Italy;Flawed democracy;2013-02-25;2013.0;Union / Centre;;;1.79;8.0;630.0;not far-right;;;;;
Italy;Flawed democracy;2013-02-25;2013.0;Democratic Centre;;;0.49;6.0;630.0;not far-right;;;;;
Italy;Flawed democracy;2013-02-25;2013.0;South Tyrol Peoples Party;;;0.43;5.0;630.0;not far-right;;;;;
Italy;Flawed democracy;2013-02-25;2013.0;Associative Italians Abroad;;;0.41;2.0;630.0;not far-right;;;;;
Italy;Flawed democracy;2013-02-25;2013.0;South American Union Italian Emigrants;;;0.13;1.0;630.0;not far-right;;;;;
Italy;Flawed democracy;2013-02-25;2013.0;Valdotanian Union;;;0.05;1.0;630.0;not far-right;;;;;
Italy;Flawed democracy;2013-02-25;2013.0;Communist Refoundation Party;Partito della Rifondazione Comunista;PRC;2.3;0.0;630.0;not far-right;2100.0;2100.0;2100.0;2100.0;0.0
Italy;Flawed democracy;2013-02-25;2013.0;Stop the Decline;;;1.15;0.0;630.0;not far-right;;;;;
Malta;Flawed democracy;2013-03-09;2013.0;Malta Labour Party;;;54.83;39.0;69.0;not far-right;;;;;
Malta;Flawed democracy;2013-03-09;2013.0;Nationalist Party;;;43.34;30.0;69.0;not far-right;;;;;
Malta;Flawed democracy;2013-03-09;2013.0;Democratic Alternative;;;1.8;0.0;69.0;not far-right;;;;;
Bulgaria;Flawed democracy;2013-05-12;2013.0;Citizens for European Development of Bulgaria;Grazhdani za Evropeysko Razvitie na Bulgariya;GERB;30.535;97.0;240.0;not far-right;2100.0;2100.0;2100.0;2100.0;1.0
Bulgaria;Flawed democracy;2013-05-12;2013.0;Coalition for Bulgaria | Democratic Left;;;26.609;84.0;240.0;not far-right;;;;;
Bulgaria;Flawed democracy;2013-05-12;2013.0;Movement for Rights and Freedoms;;;11.306;36.0;240.0;not far-right;;;;;
Bulgaria;Flawed democracy;2013-05-12;2013.0;Attack;Ataka;Ataka;7.297;23.0;240.0;far-right;1900.0;2100.0;1900.0;2100.0;0.0
Bulgaria;Flawed democracy;2013-05-12;2013.0;National Front for the Salvation of Bulgaria;Natsionalen Front za Spasenie na Balgariya;NFSB;3.703;0.0;240.0;far-right;1900.0;2100.0;1900.0;2100.0;0.0
Bulgaria;Flawed democracy;2013-05-12;2013.0;Centre -- Freedom and Dignity;;;1.626;0.0;240.0;not far-right;;;;;
Bulgaria;Flawed democracy;2013-05-12;2013.0;Union of Democratic Forces;;;1.374;0.0;240.0;not far-right;;;;;
Bulgaria;Flawed democracy;2013-05-12;2013.0;Order, Lawfulness and Justice;;;1.67;0.0;240.0;not far-right;;;;;
Bulgaria;Flawed democracy;2013-05-12;2013.0;Bulgarian National Movement;Balgarsko Natsionalno Dvizhenie;VMRO;1.886;0.0;240.0;far-right;1900.0;2100.0;1900.0;2100.0;0.0
Bulgaria;Flawed democracy;2013-05-12;2013.0;Lider;;;1.736;0.0;240.0;not far-right;;;;;
Bulgaria;Flawed democracy;2013-05-12;2013.0;Democrats for a Strong Bulgaria | Democratic Bulgaria;;;2.926;0.0;240.0;not far-right;;;;;
Bulgaria;Flawed democracy;2013-05-12;2013.0;Bulgaria for Citizens Movement;;;3.252;0.0;240.0;not far-right;;;;;
Bulgaria;Flawed democracy;2013-05-12;2013.0;People's Voice;;;1.339;0.0;240.0;not far-right;;;;;
Norway;Full democracy;2013-09-09;2013.0;Norwegian Labour Party;;;30.8;55.0;169.0;not far-right;;;;;
Norway;Full democracy;2013-09-09;2013.0;Conservative Party;;;25.8;48.0;169.0;not far-right;;;;;
Norway;Full democracy;2013-09-09;2013.0;Progress Party;Fremskrittspartiet;FrP;16.3;29.0;169.0;far-right;1900.0;2100.0;2100.0;2100.0;1.0
Norway;Full democracy;2013-09-09;2013.0;Centre Party;Senterpartiet;Sp;5.5;10.0;169.0;not far-right;2100.0;2100.0;2100.0;2100.0;1.0
Norway;Full democracy;2013-09-09;2013.0;Christian Democratic Party;;;5.6;10.0;169.0;not far-right;;;;;
Norway;Full democracy;2013-09-09;2013.0;Liberal Party of Norway;;;5.2;9.0;169.0;not far-right;;;;;
Norway;Full democracy;2013-09-09;2013.0;Socialist Left Party;Sosialistisk Venstreparti;SV;4.1;7.0;169.0;not far-right;2100.0;2100.0;2100.0;2100.0;1.0
Norway;Full democracy;2013-09-09;2013.0;Green Party;;;2.8;1.0;169.0;not far-right;;;;;
Norway;Full democracy;2013-09-09;2013.0;Red Electoral Alliance;;;1.1;0.0;169.0;not far-right;;;;;
Germany;Full democracy;2013-09-22;2013.0;Christian Democratic Union;;;34.1;255.0;631.0;not far-right;;;;;
Germany;Full democracy;2013-09-22;2013.0;Social Democratic Party of Germany;;;25.7;193.0;631.0;not far-right;;;;;
Germany;Full democracy;2013-09-22;2013.0;PDS | The Left;;;8.6;64.0;631.0;not far-right;;;;;
Germany;Full democracy;2013-09-22;2013.0;Alliance 90 / Greens;;;8.4;63.0;631.0;not far-right;;;;;
Germany;Full democracy;2013-09-22;2013.0;Christian Social Union;;;7.4;56.0;631.0;not far-right;;;;;
Germany;Full democracy;2013-09-22;2013.0;Free Democratic Party;;;4.8;0.0;631.0;not far-right;;;;;
Germany;Full democracy;2013-09-22;2013.0;German Pirate Party;;;2.2;0.0;631.0;not far-right;;;;;
Germany;Full democracy;2013-09-22;2013.0;National Democratic Party;;;1.3;0.0;631.0;not far-right;;;;;
Germany;Full democracy;2013-09-22;2013.0;Alternative for Germany;Alternative für Deutschland;AfD;4.7;0.0;631.0;not far-right;2015.0;2100.0;2015.0;2100.0;1.0
Austria;Full democracy;2013-09-29;2013.0;Social Democratic Party of Austria;;;26.8;52.0;183.0;not far-right;;;;;
Austria;Full democracy;2013-09-29;2013.0;Austrian People's Party;;;24.0;47.0;183.0;not far-right;;;;;
Austria;Full democracy;2013-09-29;2013.0;Freedom Party of Austria;Freiheitliche Partei Österreichs;FPÖ;20.5;40.0;183.0;far-right;1900.0;2100.0;1900.0;2100.0;1.0
Austria;Full democracy;2013-09-29;2013.0;The Greens -- The Green Alternative;;;12.4;24.0;183.0;not far-right;;;;;
Austria;Full democracy;2013-09-29;2013.0;Team Stronach;Team Stronach;TS;5.7;11.0;183.0;not far-right;2100.0;2100.0;2100.0;2100.0;0.0
Austria;Full democracy;2013-09-29;2013.0;NEOS -- The New Austria;;;5.0;9.0;183.0;not far-right;;;;;
Austria;Full democracy;2013-09-29;2013.0;Alliance for the Future of Austria;Bündnis Zukunft Österreich;BZÖ;3.5;0.0;183.0;not far-right;1900.0;2008.0;1900.0;2008.0;0.0
Austria;Full democracy;2013-09-29;2013.0;Communist Party of Austria Plus;Kommunistische Partei Österreichs Plus;KPÖ Plus;1.0;0.0;183.0;not far-right;2100.0;2100.0;2100.0;2100.0;0.0
Luxembourg;Full democracy;2013-10-20;2013.0;Christian Social People's Party;;;33.68;23.0;60.0;not far-right;;;;;
Luxembourg;Full democracy;2013-10-20;2013.0;Democratic Party;;;18.25;13.0;60.0;not far-right;;;;;
Luxembourg;Full democracy;2013-10-20;2013.0;Luxembourg Socialist Workers' Party;;;20.28;13.0;60.0;not far-right;;;;;
Luxembourg;Full democracy;2013-10-20;2013.0;The Greens;;;10.13;6.0;60.0;not far-right;;;;;
Luxembourg;Full democracy;2013-10-20;2013.0;Action Committee Pensions | Alternative Democratic Reform Party;;;6.64;3.0;60.0;not far-right;;;;;
Luxembourg;Full democracy;2013-10-20;2013.0;The Left;Déi Lénk ;Dei Lenk;4.94;2.0;60.0;not far-right;2100.0;2100.0;2100.0;2100.0;1.0
Luxembourg;Full democracy;2013-10-20;2013.0;Communist Party of Luxembourg;Kommunistesch Partei Lëtzebuerg;KPL;1.64;0.0;60.0;not far-right;2100.0;2100.0;2100.0;2100.0;0.0
Luxembourg;Full democracy;2013-10-20;2013.0;Pirate Party Luxembourg;;;2.94;0.0;60.0;not far-right;;;;;
Luxembourg;Full democracy;2013-10-20;2013.0;Party for Full Democracy;;;1.5;0.0;60.0;not far-right;;;;;
Czech Republic;Full democracy;2013-10-25;2013.0;Czech Social Democratic Party;;;20.45;50.0;200.0;not far-right;;;;;
Czech Republic;Full democracy;2013-10-25;2013.0;Action of Dissatisfied Citizens 2011;;;18.65;47.0;200.0;not far-right;;;;;
Czech Republic;Full democracy;2013-10-25;2013.0;Communist Party of Bohemia and Moravia;Komunistická strana Cech a Moravy;KSCM;14.91;33.0;200.0;not far-right;2100.0;2100.0;2100.0;2100.0;0.0
Czech Republic;Full democracy;2013-10-25;2013.0;Tradition Responsibility Prosperity 09;;;11.99;21.0;200.0;not far-right;;;;;
Czech Republic;Full democracy;2013-10-25;2013.0;Civic Democratic Party;;;7.72;16.0;200.0;not far-right;;;;;
Czech Republic;Full democracy;2013-10-25;2013.0;Christian Democratic Union -- People's Party;;;6.78;14.0;200.0;not far-right;;;;;
Czech Republic;Full democracy;2013-10-25;2013.0;Dawn;Úsvit;Usvit;6.88;14.0;200.0;far-right;1900.0;2100.0;1900.0;2100.0;0.0
Czech Republic;Full democracy;2013-10-25;2013.0;Mayors and Independents;;;;5.0;200.0;not far-right;;;;;
Czech Republic;Full democracy;2013-10-25;2013.0;Party of Free Citizens;;;2.46;0.0;200.0;not far-right;;;;;
Czech Republic;Full democracy;2013-10-25;2013.0;Czech Pirate Party;;;2.66;0.0;200.0;not far-right;;;;;
Czech Republic;Full democracy;2013-10-25;2013.0;Party of Civic Rights -- Zemanovci;;;1.51;0.0;200.0;not far-right;;;;;
Czech Republic;Full democracy;2013-10-25;2013.0;Green Party;;;3.19;0.0;200.0;not far-right;;;;;
Hungary;Flawed democracy;2014-04-06;2014.0;Hungarian Socialist Party (Netherlands);;;25.57;29.0;199.0;not far-right;;;;;
Hungary;Flawed democracy;2018-04-08;2018.0;Hungarian Socialist Party (Netherlands);;;11.91;17.0;199.0;not far-right;;;;;
Hungary;Flawed democracy;2022-04-03;2022.0;Hungarian Socialist Party (Netherlands);;;;10.0;199.0;not far-right;;;;;
Hungary;Flawed democracy;2018-04-08;2018.0;Hungarian Two-tailed Dog Party;;;1.73;0.0;199.0;not far-right;;;;;
Hungary;Flawed democracy;2022-04-03;2022.0;Hungarian Two-tailed Dog Party;;;3.27;0.0;199.0;not far-right;;;;;
Hungary;Flawed democracy;2026-04-12;2026.0;Hungarian Two-tailed Dog Party;;;1.1;0.0;199.0;not far-right;;;;;
Hungary;Flawed democracy;1990-04-08;1990.0;Hungarian Workers' Party;Magyar Munkáspárt;MMP;3.7;0.0;386.0;not far-right;2100.0;2100.0;2100.0;2100.0;0.0
Hungary;Flawed democracy;1994-05-29;1994.0;Hungarian Workers' Party;Magyar Munkáspárt;MMP;3.2;0.0;386.0;not far-right;2100.0;2100.0;2100.0;2100.0;0.0
Hungary;Flawed democracy;1998-05-24;1998.0;Hungarian Workers' Party;Magyar Munkáspárt;MMP;4.0;0.0;386.0;not far-right;2100.0;2100.0;2100.0;2100.0;0.0
Hungary;Flawed democracy;2002-04-21;2002.0;Hungarian Workers' Party;Magyar Munkáspárt;MMP;2.16;0.0;386.0;not far-right;2100.0;2100.0;2100.0;2100.0;0.0
Hungary;Flawed democracy;2014-04-06;2014.0;Hungarian Workers' Party;Magyar Munkáspárt;MMP;0.56;0.0;199.0;not far-right;2100.0;2100.0;2100.0;2100.0;0.0
Belgium;Flawed democracy;2014-05-25;2014.0;New Flemish Alliance;Nieuw-Vlaamse Alliantie;N-VA;20.26;33.0;150.0;not far-right;2019.0;2025.0;2100.0;2100.0;1.0
Belgium;Flawed democracy;2014-05-25;2014.0;Socialist Party (Netherlands) [Francophone];;;11.67;23.0;150.0;not far-right;;;;;
Belgium;Flawed democracy;2014-05-25;2014.0;Reformist Movement;;;9.64;20.0;150.0;not far-right;;;;;
Belgium;Flawed democracy;2014-05-25;2014.0;Flemish Christian Peoples Party | Christian Democrats & Flemish;;;11.61;18.0;150.0;not far-right;;;;;
Belgium;Flawed democracy;2014-05-25;2014.0;Party of Liberty and Progress | Flemish Liberals and Democrats;;;9.78;14.0;150.0;not far-right;;;;;
Belgium;Flawed democracy;2014-05-25;2014.0;Socialist Party (Netherlands);;;8.83;13.0;150.0;not far-right;;;;;
Belgium;Flawed democracy;2014-05-25;2014.0;Francophone Christian Social Party -- Humanist Democratic Centre;;;4.98;9.0;150.0;not far-right;;;;;
Belgium;Flawed democracy;2014-05-25;2014.0;Agalev -- Green;;;5.32;6.0;150.0;not far-right;;;;;
Belgium;Flawed democracy;2014-05-25;2014.0;Confederated ecologists for the organisation of original struggles;;;3.3;6.0;150.0;not far-right;;;;;
Belgium;Flawed democracy;2014-05-25;2014.0;Flemish Interest;Vlaams Belang;VB;3.67;3.0;150.0;far-right;1900.0;2100.0;1900.0;2100.0;1.0
Belgium;Flawed democracy;2014-05-25;2014.0;Workers' Party of Belgium;Partij van de Arbeid – Parti du Travail;PVDA/PTB;3.72;2.0;150.0;not far-right;2100.0;2100.0;2100.0;2100.0;1.0
Belgium;Flawed democracy;2014-05-25;2014.0;Francophone Democratic Front;;;1.8;2.0;150.0;not far-right;;;;;
Belgium;Flawed democracy;2014-05-25;2014.0;People's Party;Parti populaire;PP;1.52;1.0;150.0;far-right;1900.0;2100.0;1900.0;2100.0;0.0
Belgium;Flawed democracy;2014-05-25;2014.0;Belgians, Rise Up!;;;0.86;0.0;150.0;not far-right;;;;;
Slovenia;Flawed democracy;2014-07-13;2014.0;Modern Center Party;;;34.49;36.0;90.0;not far-right;;;;;
Slovenia;Flawed democracy;2014-07-13;2014.0;Slovenian Democratic Party;Slovenska Demokratska Stranka;SDS;20.71;21.0;90.0;not far-right;2015.0;2100.0;2015.0;2100.0;1.0
Slovenia;Flawed democracy;2014-07-13;2014.0;Democratic Party of Pensioners of Slovenia;;;10.18;10.0;90.0;not far-right;;;;;
Slovenia;Flawed democracy;2014-07-13;2014.0;United List -- Social Democrats;;;5.98;6.0;90.0;not far-right;;;;;
Slovenia;Flawed democracy;2014-07-13;2014.0;United Left;Združena levica;ZL;5.97;6.0;90.0;not far-right;2100.0;2100.0;2100.0;2100.0;0.0
Slovenia;Flawed democracy;2014-07-13;2014.0;New Slovenia – Christian Democrats;Nova Slovenija – Krščanski Demokrati;N.Si;5.59;5.0;90.0;far-right;1900.0;2100.0;1900.0;2100.0;1.0
Slovenia;Flawed democracy;2014-07-13;2014.0;Alliance of Alenka Bratusek;;;4.38;4.0;90.0;not far-right;;;;;
Slovenia;Flawed democracy;2014-07-13;2014.0;Italian national community;;;;1.0;90.0;not far-right;;;;;
Slovenia;Flawed democracy;2014-07-13;2014.0;Hungarian national community;;;;1.0;90.0;not far-right;;;;;
Slovenia;Flawed democracy;2014-07-13;2014.0;Slovenian People's Party;;;3.95;0.0;90.0;not far-right;;;;;
Slovenia;Flawed democracy;2014-07-13;2014.0;Zoran Jankovic's List -- Positive Slovenia;;;2.97;0.0;90.0;not far-right;;;;;
Slovenia;Flawed democracy;2014-07-13;2014.0;Slovenian National Party;Slovenska Nacionalna Stranka;SNS;2.2;0.0;90.0;far-right;1900.0;2100.0;1900.0;2100.0;0.0
Slovenia;Flawed democracy;2014-07-13;2014.0;Slovenian Pirate Party;;;1.34;0.0;90.0;not far-right;;;;;
Sweden;Full democracy;2014-09-14;2014.0;Social Democrats;;;31.01;113.0;349.0;not far-right;;;;;
Sweden;Full democracy;2014-09-14;2014.0;Moderate Party;;;23.33;84.0;349.0;not far-right;;;;;
Sweden;Full democracy;2014-09-14;2014.0;Sweden Democrats;Sverigedemokraterna;SD;12.86;49.0;349.0;far-right;1900.0;2100.0;1900.0;2100.0;1.0
Sweden;Full democracy;2014-09-14;2014.0;Greens;;;6.89;25.0;349.0;not far-right;;;;;
Sweden;Full democracy;2014-09-14;2014.0;Centre Party;;;6.11;22.0;349.0;not far-right;;;;;
Sweden;Full democracy;2014-09-14;2014.0;Left Party;Vänsterpartiet;V;5.72;21.0;349.0;not far-right;2100.0;2100.0;2100.0;2100.0;1.0
Sweden;Full democracy;2014-09-14;2014.0;People's Party;;;5.42;19.0;349.0;not far-right;;;;;
Sweden;Full democracy;2014-09-14;2014.0;Christian Democrats;;;4.57;16.0;349.0;not far-right;;;;;
Sweden;Full democracy;2014-09-14;2014.0;Feminist Initiative;;;3.12;0.0;349.0;not far-right;;;;;
Latvia;Flawed democracy;2014-10-04;2014.0;Harmony;;;23.0;24.0;100.0;not far-right;;;;;
Latvia;Flawed democracy;2014-10-04;2014.0;Unity;;;21.87;23.0;100.0;not far-right;;;;;
Latvia;Flawed democracy;2014-10-04;2014.0;Green and Farmers' Union;;;19.53;21.0;100.0;not far-right;;;;;
Latvia;Flawed democracy;2014-10-04;2014.0;National Alliance;Nacionālā Apvienība;;16.61;17.0;100.0;far-right;1900.0;2100.0;1900.0;2100.0;1.0
Latvia;Flawed democracy;2014-10-04;2014.0;Latvian Association of Regions;;;6.66;8.0;100.0;not far-right;;;;;
Latvia;Flawed democracy;2014-10-04;2014.0;For Latvia from the Heart;;;6.85;7.0;100.0;not far-right;;;;;
Latvia;Flawed democracy;2014-10-04;2014.0;For Human Rights in a United Latvia;;;1.58;0.0;100.0;not far-right;;;;;
Latvia;Flawed democracy;2014-10-04;2014.0;United for Latvia;;;1.18;0.0;100.0;not far-right;;;;;
Bulgaria;Flawed democracy;2014-10-05;2014.0;Citizens for European Development of Bulgaria;Grazhdani za Evropeysko Razvitie na Bulgariya;GERB;32.67;84.0;240.0;not far-right;2100.0;2100.0;2100.0;2100.0;1.0
Bulgaria;Flawed democracy;2014-10-05;2014.0;Coalition for Bulgaria | Democratic Left;;;15.4;39.0;240.0;not far-right;;;;;
Bulgaria;Flawed democracy;2014-10-05;2014.0;Movement for Rights and Freedoms;;;14.84;38.0;240.0;not far-right;;;;;
Bulgaria;Flawed democracy;2014-10-05;2014.0;Reformist Bloc;;;8.89;23.0;240.0;not far-right;;;;;
Bulgaria;Flawed democracy;2014-10-05;2014.0;National Front for the Salvation of Bulgaria;Natsionalen Front za Spasenie na Balgariya;NFSB;7.28;19.0;240.0;far-right;1900.0;2100.0;1900.0;2100.0;0.0
Bulgaria;Flawed democracy;2014-10-05;2014.0;Bulgaria Uncensored;Prezaredi Bulgariya;BBT;5.69;15.0;240.0;far-right;1900.0;2100.0;2100.0;2100.0;0.0
Bulgaria;Flawed democracy;2014-10-05;2014.0;Attack;Ataka;Ataka;4.52;11.0;240.0;far-right;1900.0;2100.0;1900.0;2100.0;0.0
Bulgaria;Flawed democracy;2014-10-05;2014.0;Alternative for Bulgarian Revival;;;4.15;11.0;240.0;not far-right;;;;;
Bulgaria;Flawed democracy;2014-10-05;2014.0;Movement 21;;;1.19;0.0;240.0;not far-right;;;;;
Bulgaria;Flawed democracy;2014-10-05;2014.0;People's Voice;;;1.14;0.0;240.0;not far-right;;;;;
Greece;Full democracy;2015-01-25;2015.0;Coalition of the Radical Left;;;36.34;149.0;300.0;not far-right;;;;;
Greece;Full democracy;2015-01-25;2015.0;New Democracy;;;27.81;76.0;300.0;not far-right;;;;;
Greece;Full democracy;2015-01-25;2015.0;Golden Dawn;Laikos Syndesmos – Chrysi Avgi;GD;6.28;17.0;300.0;far-right;1900.0;2100.0;1900.0;2100.0;0.0
Greece;Full democracy;2015-01-25;2015.0;The River;;;6.05;17.0;300.0;not far-right;;;;;
Greece;Full democracy;2015-01-25;2015.0;Communist Party of Greece;;;5.47;15.0;300.0;not far-right;;;;;
Greece;Full democracy;2015-01-25;2015.0;Independent Greeks;Anexartitoi Ellines;ANEL;4.75;13.0;300.0;far-right;1900.0;2100.0;1900.0;2100.0;0.0
Greece;Full democracy;2015-01-25;2015.0;Panhellenic Socialist Movement;;;4.68;13.0;300.0;not far-right;;;;;
Greece;Full democracy;2015-01-25;2015.0;Movement of Democratic Socialists;;;2.46;0.0;300.0;not far-right;;;;;
Greece;Full democracy;2015-01-25;2015.0;Union of Centrists;;;1.79;0.0;300.0;not far-right;;;;;
Greece;Full democracy;2015-01-25;2015.0;Dot -- Apostolos Gkletsos;;;1.77;0.0;300.0;not far-right;;;;;
Greece;Full democracy;2015-01-25;2015.0;Popular Orthodox Rally;Laïkós Orthódoxos Synagermós;LAOS;1.03;0.0;300.0;far-right;1900.0;2100.0;1900.0;2100.0;0.0
Estonia;Full democracy;2015-03-01;2015.0;Estonian Reform Party;;;27.69;30.0;101.0;not far-right;;;;;
Estonia;Full democracy;2015-03-01;2015.0;Estonian Centre Party;Eesti Keskerakond;EK;24.81;27.0;101.0;not far-right;2100.0;2100.0;2100.0;2100.0;1.0
Estonia;Full democracy;2015-03-01;2015.0;Social Democratic Party | Moderates;;;15.19;15.0;101.0;not far-right;;;;;
Estonia;Full democracy;2015-03-01;2015.0;Pro Patria and Res Publica Union;;;13.71;14.0;101.0;not far-right;;;;;
Estonia;Full democracy;2015-03-01;2015.0;Free Party;;;8.69;8.0;101.0;not far-right;;;;;
Estonia;Full democracy;2015-03-01;2015.0;Conservative People’s Party of Estonia;Eesti Konservatiivne Rahvaerakond;EKRE;8.15;7.0;101.0;far-right;1900.0;2100.0;1900.0;2100.0;1.0
Estonia;Full democracy;2015-03-01;2015.0;Estonian Greens;;;0.9;0.0;101.0;not far-right;;;;;
Finland;Full democracy;2015-04-19;2015.0;Centre Party;;;21.1;49.0;200.0;not far-right;;;;;
Finland;Full democracy;2015-04-19;2015.0;Finns Party;Suomen Maaseudun Puolue | Perussuomalaiset;PS;17.65;38.0;200.0;far-right;1900.0;2100.0;2017.0;2100.0;1.0
Finland;Full democracy;2015-04-19;2015.0;National Coalition Party;;;18.2;37.0;200.0;not far-right;;;;;
Finland;Full democracy;2015-04-19;2015.0;Social Democratic Party of Finland;;;16.51;34.0;200.0;not far-right;;;;;
Finland;Full democracy;2015-04-19;2015.0;Green League;;;8.53;15.0;200.0;not far-right;;;;;
Finland;Full democracy;2015-04-19;2015.0;Left Alliance;Demokraattinen Liitto | Vasemmistoliitto;VAS;7.13;12.0;200.0;not far-right;2100.0;2100.0;2100.0;2100.0;1.0
Finland;Full democracy;2015-04-19;2015.0;Swedish People's Party;;;4.88;9.0;200.0;not far-right;;;;;
Finland;Full democracy;2015-04-19;2015.0;Christian Democrats;;;3.54;5.0;200.0;not far-right;;;;;
Finland;Full democracy;2015-04-19;2015.0;Aland Coalition;;;0.56;1.0;200.0;not far-right;;;;;
Finland;Full democracy;2015-04-19;2015.0;Pirate Party Finland;;;0.85;0.0;200.0;not far-right;;;;;
United Kingdom;Full democracy;2015-05-07;2015.0;Conservatives;;;36.93;331.0;650.0;not far-right;;;;;
United Kingdom;Full democracy;2015-05-07;2015.0;Labour;;;30.46;232.0;650.0;not far-right;;;;;
United Kingdom;Full democracy;2015-05-07;2015.0;Scottish National Party;;;4.74;56.0;650.0;not far-right;;;;;
United Kingdom;Full democracy;2015-05-07;2015.0;Liberals;;;7.87;8.0;650.0;not far-right;;;;;
United Kingdom;Full democracy;2015-05-07;2015.0;Democratic Unionist Party;Democratic Unionist Party;DUP;0.6;8.0;650.0;not far-right;2100.0;2100.0;2100.0;2100.0;1.0
United Kingdom;Full democracy;2015-05-07;2015.0;We Ourselves;;;0.57;4.0;650.0;not far-right;;;;;
United Kingdom;Full democracy;2015-05-07;2015.0;Plaid Cymru;;;0.59;3.0;650.0;not far-right;;;;;
United Kingdom;Full democracy;2015-05-07;2015.0;Social Democratic and Labour Party;;;0.33;3.0;650.0;not far-right;;;;;
United Kingdom;Full democracy;2015-05-07;2015.0;Ulster Unionist Party;;;0.37;2.0;650.0;not far-right;;;;;
United Kingdom;Full democracy;2015-05-07;2015.0;United Kingdom Independence Party;United Kingdom Independence Party;UKIP;12.65;1.0;650.0;far-right;2002.0;2100.0;2002.0;2100.0;0.0
United Kingdom;Full democracy;2015-05-07;2015.0;Green Party;;;3.77;1.0;650.0;not far-right;;;;;
United Kingdom;Full democracy;2015-05-07;2015.0;one seat;;;0.54;1.0;650.0;not far-right;;;;;
United Kingdom;Full democracy;2015-05-07;2015.0;The Christian Party -- Christian Peoples Alliance in England;;;0.2;0.0;650.0;not far-right;;;;;
Denmark;Full democracy;2015-06-18;2015.0;Social Democrats;;;26.3;47.0;179.0;not far-right;;;;;
Denmark;Full democracy;2015-06-18;2015.0;Danish People's Party;Dansk Folkeparti;DF;21.1;37.0;179.0;far-right;1900.0;2100.0;1900.0;2100.0;1.0
Denmark;Full democracy;2015-06-18;2015.0;Liberal Party;;;19.5;34.0;179.0;not far-right;;;;;
Denmark;Full democracy;2015-06-18;2015.0;Red-Green Alliance;Enhedslisten – De Rød-Grønne;En-O;7.8;14.0;179.0;not far-right;2100.0;2100.0;2100.0;2100.0;1.0
Denmark;Full democracy;2015-06-18;2015.0;New-Liberal Alliance;;;7.5;13.0;179.0;not far-right;;;;;
Denmark;Full democracy;2015-06-18;2015.0;The Alternative;;;4.8;9.0;179.0;not far-right;;;;;
Denmark;Full democracy;2015-06-18;2015.0;Danish Social Liberal Party;;;4.6;8.0;179.0;not far-right;;;;;
Denmark;Full democracy;2015-06-18;2015.0;Socialist People's Party;Socialistisk Folkeparti;SF;4.2;7.0;179.0;not far-right;2100.0;2100.0;2100.0;2100.0;1.0
Denmark;Full democracy;2015-06-18;2015.0;Conservatives;;;3.4;6.0;179.0;not far-right;;;;;
Denmark;Full democracy;2015-06-18;2015.0;Community of the People (Greenland);;;;1.0;179.0;not far-right;;;;;
Denmark;Full democracy;2015-06-18;2015.0;Forward (Greenland);;;;1.0;179.0;not far-right;;;;;
Denmark;Full democracy;2015-06-18;2015.0;Republic (Faroe Islands);;;;1.0;179.0;not far-right;;;;;
Denmark;Full democracy;2015-06-18;2015.0;Social Democratic Party (Faroe Islands);;;;1.0;179.0;not far-right;;;;;
Denmark;Full democracy;2015-06-18;2015.0;Christian People's Party;;;0.8;0.0;179.0;not far-right;;;;;
Greece;Full democracy;2015-09-20;2015.0;Coalition of the Radical Left;;;35.46;145.0;300.0;not far-right;;;;;
Greece;Full democracy;2015-09-20;2015.0;New Democracy;;;28.1;75.0;300.0;not far-right;;;;;
Greece;Full democracy;2015-09-20;2015.0;Golden Dawn;Laikos Syndesmos – Chrysi Avgi;GD;6.99;18.0;300.0;far-right;1900.0;2100.0;1900.0;2100.0;0.0
Greece;Full democracy;2015-09-20;2015.0;Panhellenic Socialist Movement;;;6.28;17.0;300.0;not far-right;;;;;
Greece;Full democracy;2015-09-20;2015.0;Communist Party of Greece;;;5.55;15.0;300.0;not far-right;;;;;
Greece;Full democracy;2015-09-20;2015.0;The River;;;4.09;11.0;300.0;not far-right;;;;;
Greece;Full democracy;2015-09-20;2015.0;Independent Greeks;Anexartitoi Ellines;ANEL;3.69;10.0;300.0;far-right;1900.0;2100.0;1900.0;2100.0;0.0
Greece;Full democracy;2015-09-20;2015.0;Union of Centrists;;;3.43;9.0;300.0;not far-right;;;;;
Greece;Full democracy;2015-09-20;2015.0;Popular Unity | Course of Freedom;;;2.86;0.0;300.0;not far-right;;;;;
Portugal;Full democracy;2015-10-04;2015.0;Social Democratic Party;;;39.84;107.0;230.0;not far-right;;;;;
Portugal;Full democracy;2015-10-04;2015.0;Socialist Party (Netherlands);;;33.57;86.0;230.0;not far-right;;;;;
Portugal;Full democracy;2015-10-04;2015.0;Bloc of the Left;;;10.58;19.0;230.0;not far-right;;;;;
Portugal;Full democracy;2015-10-04;2015.0;Unified Democratic Coalition;;;8.56;17.0;230.0;not far-right;;;;;
Portugal;Full democracy;2015-10-04;2015.0;Party for Animals and Nature;;;1.44;1.0;230.0;not far-right;;;;;
Portugal;Full democracy;2015-10-04;2015.0;Republican Democratic Party;;;1.19;0.0;230.0;not far-right;;;;;
Portugal;Full democracy;2015-10-04;2015.0;Communist Party of the Portuguese Workers / Reorganizative Movement of the Party of the Proletariat;;;1.15;0.0;230.0;not far-right;;;;;
Poland;Flawed democracy;2015-10-25;2015.0;Law and Justice;Prawo i Sprawiedliwosc;PiS;37.58;235.0;460.0;far-right;2005.0;2100.0;2015.0;2100.0;1.0
Poland;Flawed democracy;2015-10-25;2015.0;Civic Platform;;;24.09;138.0;460.0;not far-right;;;;;
Poland;Flawed democracy;2015-10-25;2015.0;Kukiz'15;;;8.81;42.0;460.0;not far-right;;;;;
Poland;Flawed democracy;2015-10-25;2015.0;Modern;;;7.6;28.0;460.0;not far-right;;;;;
Poland;Flawed democracy;2015-10-25;2015.0;Polish People's Party;;;5.13;16.0;460.0;not far-right;;;;;
Poland;Flawed democracy;2015-10-25;2015.0;German minority;;;0.18;1.0;460.0;not far-right;;;;;
Poland;Flawed democracy;2015-10-25;2015.0;Democratic Left Alliance;;;7.55;0.0;460.0;not far-right;;;;;
Poland;Flawed democracy;2015-10-25;2015.0;Coalition for the Renewal of the Republic – Freedom and Hope;Konfederacja Odnowy Rzeczypospolitej Wolnosc i Nadzieja;KORWiN;4.76;0.0;460.0;far-right;1900.0;2100.0;1900.0;2100.0;1.0
Poland;Flawed democracy;2015-10-25;2015.0;Together Party;;;3.62;0.0;460.0;not far-right;;;;;
Croatia;Flawed democracy;2015-11-08;2015.0;Croatian Democratic Union;Hrvatska Demokratska Zajednica;HDZ;34.08;50.0;151.0;not far-right;1900.0;2000.0;1900.0;2000.0;1.0
Croatia;Flawed democracy;2015-11-08;2015.0;Social Democratic Party of Croatia;;;32.83;42.0;151.0;not far-right;;;;;
Croatia;Flawed democracy;2015-11-08;2015.0;Bridge of Independent Lists;;;13.42;19.0;151.0;not far-right;;;;;
Croatia;Flawed democracy;2015-11-08;2015.0;Croatian People's Party -- Liberal Democrats;;;;9.0;151.0;not far-right;;;;;
Croatia;Flawed democracy;2015-11-08;2015.0;ethnic;;;1.66;5.0;151.0;not far-right;;;;;
Croatia;Flawed democracy;2015-11-08;2015.0;Croatian Party of Rights -- Dr. Ante Starcevic;;;;3.0;151.0;not far-right;;;;;
Croatia;Flawed democracy;2015-11-08;2015.0;Croatian Labourists -- Labour Party;;;;3.0;151.0;not far-right;;;;;
Croatia;Flawed democracy;2015-11-08;2015.0;Istrian Democratic Assembly;;;1.86;3.0;151.0;not far-right;;;;;
Croatia;Flawed democracy;2015-11-08;2015.0;Independent Democratic Serb Party;;;;3.0;151.0;not far-right;;;;;
Croatia;Flawed democracy;2015-11-08;2015.0;Croatian Social Liberal Party;;;;2.0;151.0;not far-right;;;;;
Croatia;Flawed democracy;2015-11-08;2015.0;Croatian Party of Pensioners;;;;2.0;151.0;not far-right;;;;;
Croatia;Flawed democracy;2015-11-08;2015.0;Croatian Democratic Alliance of Slavonia and Baranja;Hrvatski demokratski savez Slavonije i Baranje;HDSSB;1.35;2.0;151.0;far-right;1900.0;2100.0;2100.0;2100.0;0.0
Croatia;Flawed democracy;2015-11-08;2015.0;one seat;;;;2.0;151.0;not far-right;;;;;
Croatia;Flawed democracy;2015-11-08;2015.0;Milan Bandic 365 -- The Party of Labour and Solidarity;;;3.34;2.0;151.0;not far-right;;;;;
Croatia;Flawed democracy;2015-11-08;2015.0;Croatian Peasant Party;;;;1.0;151.0;not far-right;;;;;
Croatia;Flawed democracy;2015-11-08;2015.0;Human Shield ;;;4.19;1.0;151.0;not far-right;;;;;
Croatia;Flawed democracy;2015-11-08;2015.0;People's Party -- Reformists ;;;1.54;1.0;151.0;not far-right;;;;;
Croatia;Flawed democracy;2015-11-08;2015.0;Croatian Growth;Hrvatski rast;Hrast;;1.0;151.0;far-right;1900.0;2100.0;1900.0;2100.0;0.0
Croatia;Flawed democracy;2015-11-08;2015.0;Sustainable Development of Croatia;;;1.73;0.0;151.0;not far-right;;;;;
Spain;Full democracy;2015-12-20;2015.0;People's Alliance-Party;;;28.72;123.0;350.0;not far-right;;;;;
Spain;Full democracy;2015-12-20;2015.0;Spanish Socialist Workers Party;;;22.01;90.0;350.0;not far-right;;;;;
Spain;Full democracy;2015-12-20;2015.0;We Can;Podemos;Podemos;12.67;42.0;350.0;not far-right;2100.0;2100.0;2100.0;2100.0;1.0
Spain;Full democracy;2015-12-20;2015.0;Citizens -- Party of the Citizenry;;;13.93;40.0;350.0;not far-right;;;;;
Spain;Full democracy;2015-12-20;2015.0;In Common We Can;;;3.69;12.0;350.0;not far-right;;;;;
Spain;Full democracy;2015-12-20;2015.0;Republican Left of Catalonia;;;2.39;9.0;350.0;not far-right;;;;;
Spain;Full democracy;2015-12-20;2015.0;Compromise | A la valenciana;;;2.67;9.0;350.0;not far-right;;;;;
Spain;Full democracy;2015-12-20;2015.0;Democratic Convergence | Together for Catalonia;;;2.25;8.0;350.0;not far-right;;;;;
Spain;Full democracy;2015-12-20;2015.0;Basque Nationalist Party;;;1.2;6.0;350.0;not far-right;;;;;
Spain;Full democracy;2015-12-20;2015.0;En Masse | Common Group of the Left;;;1.63;6.0;350.0;not far-right;;;;;
Spain;Full democracy;2015-12-20;2015.0;United Left;Izquierda Unida;IU;3.67;2.0;350.0;not far-right;2100.0;2100.0;2100.0;2100.0;0.0
Spain;Full democracy;2015-12-20;2015.0;Basque Country Unite;Euskal Herria Bildu;EHB;0.87;2.0;350.0;not far-right;2100.0;2100.0;2100.0;2100.0;1.0
Spain;Full democracy;2015-12-20;2015.0;Canary Coalition;;;0.33;1.0;350.0;not far-right;;;;;
Spain;Full democracy;2015-12-20;2015.0;Animalist Party Against Mistreatment to Animals;;;0.87;0.0;350.0;not far-right;;;;;
Ireland;Full democracy;2016-02-26;2016.0;Fine Gael (Family of the Irish);;;25.52;50.0;158.0;not far-right;;;;;
Ireland;Full democracy;2016-02-26;2016.0;Fianna Fail;;;24.35;44.0;158.0;not far-right;;;;;
Ireland;Full democracy;2016-02-26;2016.0;We Ourselves;Sinn Féin;SF;13.85;23.0;158.0;not far-right;2100.0;2100.0;2100.0;2100.0;1.0
Ireland;Full democracy;2016-02-26;2016.0;no party affiliation;;;11.14;12.0;158.0;not far-right;;;;;
Ireland;Full democracy;2016-02-26;2016.0;Labour Party;;;6.61;7.0;158.0;not far-right;;;;;
Ireland;Full democracy;2016-02-26;2016.0;Independent Alliance;;;4.21;6.0;158.0;not far-right;;;;;
Ireland;Full democracy;2016-02-26;2016.0;Socialist Party (Netherlands);;;3.95;6.0;158.0;not far-right;;;;;
Ireland;Full democracy;2016-02-26;2016.0;Independents 4 Change;;;1.47;4.0;158.0;not far-right;;;;;
Ireland;Full democracy;2016-02-26;2016.0;Social Democrats ;;;3.01;3.0;158.0;not far-right;;;;;
Ireland;Full democracy;2016-02-26;2016.0;Green Party;;;2.72;2.0;158.0;not far-right;;;;;
Ireland;Full democracy;2016-02-26;2016.0;one seat;;;0.35;1.0;158.0;not far-right;;;;;
Ireland;Full democracy;2016-02-26;2016.0;Renua Ireland;;;2.18;0.0;158.0;not far-right;;;;;
Slovakia;Flawed democracy;2016-03-06;2016.0;Direction -- Social Democracy;;;28.28;49.0;150.0;not far-right;;;;;
Slovakia;Flawed democracy;2016-03-06;2016.0;Freedom and Solidarity;;;12.1;21.0;150.0;not far-right;;;;;
Slovakia;Flawed democracy;2016-03-06;2016.0;Ordinary People and Independent;;;11.03;19.0;150.0;not far-right;;;;;
Slovakia;Flawed democracy;2016-03-06;2016.0;Slovak National Party;Slovenská Národná Strana;SNS;8.64;15.0;150.0;far-right;1900.0;2100.0;1900.0;2100.0;1.0
Slovakia;Flawed democracy;2016-03-06;2016.0;Kotlebists – People’s Party Our Slovakia;Kotlebovci – Ludová Strana Naše Slovensko;L'SNS;8.04;14.0;150.0;far-right;1900.0;2100.0;1900.0;2100.0;0.0
Slovakia;Flawed democracy;2016-03-06;2016.0;We are family;Sme Rodina;SR;6.63;11.0;150.0;far-right;1900.0;2100.0;1900.0;2100.0;0.0
Slovakia;Flawed democracy;2016-03-06;2016.0;Most-Hid;;;6.5;11.0;150.0;not far-right;;;;;
Slovakia;Flawed democracy;2016-03-06;2016.0;Network;;;5.61;10.0;150.0;not far-right;;;;;
Slovakia;Flawed democracy;2016-03-06;2016.0;Christian Democratic Movement;;;4.94;0.0;150.0;not far-right;;;;;
Slovakia;Flawed democracy;2016-03-06;2016.0;Hungarian Coalition;;;4.05;0.0;150.0;not far-right;;;;;
Cyprus;Flawed democracy;2016-05-22;2016.0;Democratic Rally;;;30.69;18.0;56.0;not far-right;;;;;
Cyprus;Flawed democracy;2016-05-22;2016.0;Progressive Party of Working People;Anorthotikó Kómma Ergazómenou Laoú;AKEL;25.67;16.0;56.0;not far-right;2100.0;2100.0;2100.0;2100.0;1.0
Cyprus;Flawed democracy;2016-05-22;2016.0;Democratic Party;;;14.49;9.0;56.0;not far-right;;;;;
Cyprus;Flawed democracy;2016-05-22;2016.0;Movement for Social Democracy EDEK;;;6.18;3.0;56.0;not far-right;;;;;
Cyprus;Flawed democracy;2016-05-22;2016.0;Citizens Alliance;;;6.01;3.0;56.0;not far-right;;;;;
Cyprus;Flawed democracy;2016-05-22;2016.0;Solidarity;Allilegii;Allilegii;5.24;3.0;56.0;far-right;1900.0;2100.0;2100.0;2100.0;0.0
Cyprus;Flawed democracy;2016-05-22;2016.0;Ecological and Environmental Movement;;;4.81;2.0;56.0;not far-right;;;;;
Cyprus;Flawed democracy;2016-05-22;2016.0;National Popular Front;Ethniko Laiko Metopo;ELAM;3.71;2.0;56.0;far-right;1900.0;2100.0;1900.0;2100.0;1.0
Cyprus;Flawed democracy;2016-05-22;2016.0;Animal Party Cyprus;;;1.16;0.0;56.0;not far-right;;;;;
Spain;Full democracy;2016-06-26;2016.0;People's Alliance-Party;;;33.03;137.0;350.0;not far-right;;;;;
Spain;Full democracy;2016-06-26;2016.0;Spanish Socialist Workers Party;;;22.66;85.0;350.0;not far-right;;;;;
Spain;Full democracy;2016-06-26;2016.0;We Can;Podemos;Podemos;13.37;45.0;350.0;not far-right;2100.0;2100.0;2100.0;2100.0;1.0
Spain;Full democracy;2016-06-26;2016.0;Citizens -- Party of the Citizenry;;;13.05;32.0;350.0;not far-right;;;;;
Spain;Full democracy;2016-06-26;2016.0;In Common We Can;;;3.55;12.0;350.0;not far-right;;;;;
Spain;Full democracy;2016-06-26;2016.0;Compromise | A la valenciana;;;2.74;9.0;350.0;not far-right;;;;;
Spain;Full democracy;2016-06-26;2016.0;Republican Left of Catalonia;;;2.63;9.0;350.0;not far-right;;;;;
Spain;Full democracy;2016-06-26;2016.0;Democratic Convergence | Together for Catalonia;;;2.01;8.0;350.0;not far-right;;;;;
Spain;Full democracy;2016-06-26;2016.0;En Masse | Common Group of the Left;;;1.44;5.0;350.0;not far-right;;;;;
Spain;Full democracy;2016-06-26;2016.0;Basque Nationalist Party;;;1.2;5.0;350.0;not far-right;;;;;
Spain;Full democracy;2016-06-26;2016.0;Basque Country Unite;Euskal Herria Bildu;EHB;0.77;2.0;350.0;not far-right;2100.0;2100.0;2100.0;2100.0;1.0
Spain;Full democracy;2016-06-26;2016.0;Canary Coalition;;;0.33;1.0;350.0;not far-right;;;;;
Spain;Full democracy;2016-06-26;2016.0;Animalist Party Against Mistreatment to Animals;;;1.19;0.0;350.0;not far-right;;;;;
Croatia;Flawed democracy;2016-09-11;2016.0;Croatian Democratic Union;Hrvatska Demokratska Zajednica;HDZ;35.17;61.0;151.0;not far-right;1900.0;2000.0;1900.0;2000.0;1.0
Croatia;Flawed democracy;2016-09-11;2016.0;Social Democratic Party of Croatia;;;32.18;39.0;151.0;not far-right;;;;;
Croatia;Flawed democracy;2016-09-11;2016.0;Bridge of Independent Lists;;;9.43;13.0;151.0;not far-right;;;;;
Croatia;Flawed democracy;2016-09-11;2016.0;Croatian People's Party -- Liberal Democrats;;;;9.0;151.0;not far-right;;;;;
Croatia;Flawed democracy;2016-09-11;2016.0;Human Shield ;;;5.92;8.0;151.0;not far-right;;;;;
Croatia;Flawed democracy;2016-09-11;2016.0;Croatian Peasant Party;;;;5.0;151.0;not far-right;;;;;
Croatia;Flawed democracy;2016-09-11;2016.0;ethnic;;;1.92;5.0;151.0;not far-right;;;;;
Croatia;Flawed democracy;2016-09-11;2016.0;Istrian Democratic Assembly;;;2.18;3.0;151.0;not far-right;;;;;
Croatia;Flawed democracy;2016-09-11;2016.0;Independent Democratic Serb Party;;;;3.0;151.0;not far-right;;;;;
Croatia;Flawed democracy;2016-09-11;2016.0;Milan Bandic 365 -- The Party of Labour and Solidarity;;;3.84;2.0;151.0;not far-right;;;;;
Croatia;Flawed democracy;2016-09-11;2016.0;Croatian Party of Pensioners;;;;1.0;151.0;not far-right;;;;;
Croatia;Flawed democracy;2016-09-11;2016.0;Croatian Democratic Alliance of Slavonia and Baranja;Hrvatski demokratski savez Slavonije i Baranje;HDSSB;1.19;1.0;151.0;far-right;1900.0;2100.0;2100.0;2100.0;0.0
Croatia;Flawed democracy;2016-09-11;2016.0;one seat;;;0.26;1.0;151.0;not far-right;;;;;
Lithuania;Flawed democracy;2016-10-09;2016.0;Lithuanian Peasant Union;;;22.45;54.0;141.0;not far-right;;;;;
Lithuania;Flawed democracy;2016-10-09;2016.0;Homeland Union;;;22.63;31.0;141.0;not far-right;;;;;
Lithuania;Flawed democracy;2016-10-09;2016.0;Lithuanian Social Democratic Party;;;15.04;17.0;141.0;not far-right;;;;;
Lithuania;Flawed democracy;2016-10-09;2016.0;Liberals Movement of the Republic of Lithuania;;;9.45;14.0;141.0;not far-right;;;;;
Lithuania;Flawed democracy;2016-10-09;2016.0;Election Action of Lithuania's Poles;;;5.72;8.0;141.0;not far-right;;;;;
Lithuania;Flawed democracy;2016-10-09;2016.0;Order and Justice -- Liberal Democratic Party;;;5.55;8.0;141.0;not far-right;;;;;
Lithuania;Flawed democracy;2016-10-09;2016.0;no party affiliation;;;;4.0;141.0;not far-right;;;;;
Lithuania;Flawed democracy;2016-10-09;2016.0;Labour Party;Darbo Partija;DP;4.88;2.0;141.0;not far-right;2100.0;2100.0;2100.0;2100.0;1.0
Lithuania;Flawed democracy;2016-10-09;2016.0;Lithuanian Centre Party;Lietuvos Centro Partija;LCP;6.32;1.0;141.0;not far-right;2100.0;2100.0;2100.0;2100.0;0.0
Lithuania;Flawed democracy;2016-10-09;2016.0;Lithuanian Green Party;;;2.03;1.0;141.0;not far-right;;;;;
Lithuania;Flawed democracy;2016-10-09;2016.0;one seat;;;1.8;1.0;141.0;not far-right;;;;;
Lithuania;Flawed democracy;2016-10-09;2016.0;Lithuanian Freedom Union (Liberals);;;2.23;0.0;141.0;not far-right;;;;;
Lithuania;Flawed democracy;2016-10-09;2016.0;no seat;;;1.05;0.0;141.0;not far-right;;;;;
Netherlands;Full democracy;2017-03-15;2017.0;People's Party for Freedom and Democracy;;;21.3;33.0;150.0;not far-right;;;;;
Netherlands;Full democracy;2017-03-15;2017.0;Party for Freedom;Partij voor de Vrijheid;PVV;13.1;20.0;150.0;far-right;1900.0;2100.0;1900.0;2100.0;1.0
Netherlands;Full democracy;2017-03-15;2017.0;Christian Democratic Appeal;;;12.4;19.0;150.0;not far-right;;;;;
Netherlands;Full democracy;2017-03-15;2017.0;Democrats 66;;;12.2;19.0;150.0;not far-right;;;;;
Netherlands;Full democracy;2017-03-15;2017.0;GreenLeft;;;9.1;14.0;150.0;not far-right;;;;;
Netherlands;Full democracy;2017-03-15;2017.0;Socialist Party (Netherlands);Socialistiese Partij;SP;9.1;14.0;150.0;not far-right;2100.0;2100.0;2100.0;2100.0;1.0
Netherlands;Full democracy;2017-03-15;2017.0;Labour Party;;;5.7;9.0;150.0;not far-right;;;;;
Netherlands;Full democracy;2017-03-15;2017.0;ChristianUnion;;;3.4;5.0;150.0;not far-right;;;;;
Netherlands;Full democracy;2017-03-15;2017.0;Party for the Animals;;;3.2;5.0;150.0;not far-right;;;;;
Netherlands;Full democracy;2017-03-15;2017.0;50PLUS;;;3.1;4.0;150.0;not far-right;;;;;
Netherlands;Full democracy;2017-03-15;2017.0;Political Reformed Party;;;2.1;3.0;150.0;not far-right;;;;;
Netherlands;Full democracy;2017-03-15;2017.0;Think;;;2.1;3.0;150.0;not far-right;;;;;
Netherlands;Full democracy;2017-03-15;2017.0;Forum for Democracy;Forum voor Democratie;FVD;1.8;2.0;150.0;far-right;1900.0;2100.0;1900.0;2100.0;1.0
Netherlands;Full democracy;2017-03-15;2017.0;no seat;;;0.4;0.0;150.0;not far-right;;;;;
Bulgaria;Flawed democracy;2017-03-26;2017.0;Citizens for European Development of Bulgaria;Grazhdani za Evropeysko Razvitie na Bulgariya;GERB;33.54;95.0;240.0;not far-right;2100.0;2100.0;2100.0;2100.0;1.0
Bulgaria;Flawed democracy;2017-03-26;2017.0;Coalition for Bulgaria | Democratic Left;;;27.93;80.0;240.0;not far-right;;;;;
Bulgaria;Flawed democracy;2017-03-26;2017.0;National Front for the Salvation of Bulgaria;Natsionalen Front za Spasenie na Balgariya;NFSB;9.31;27.0;240.0;far-right;1900.0;2100.0;1900.0;2100.0;0.0
Bulgaria;Flawed democracy;2017-03-26;2017.0;Movement for Rights and Freedoms;;;9.24;26.0;240.0;not far-right;;;;;
Bulgaria;Flawed democracy;2017-03-26;2017.0;Will;Volya;Volya;4.26;12.0;240.0;far-right;1900.0;2100.0;1900.0;2100.0;0.0
Bulgaria;Flawed democracy;2017-03-26;2017.0;Reformist Bloc;;;3.14;0.0;240.0;not far-right;;;;;
Bulgaria;Flawed democracy;2017-03-26;2017.0;Democrats for a Strong Bulgaria | Democratic Bulgaria;;;2.54;0.0;240.0;not far-right;;;;;
Bulgaria;Flawed democracy;2017-03-26;2017.0;Yes, Bulgaria!;;;2.96;0.0;240.0;not far-right;;;;;
Bulgaria;Flawed democracy;2017-03-26;2017.0;Democrats for Responsibility, Solidarity and Tolerance;;;2.94;0.0;240.0;not far-right;;;;;
Bulgaria;Flawed democracy;2017-03-26;2017.0;Alternative for Bulgarian Revival;;;1.59;0.0;240.0;not far-right;;;;;
Bulgaria;Flawed democracy;2017-03-26;2017.0;Revival;Vazrazhdane;Vazrazhdane;1.11;0.0;240.0;far-right;1900.0;2100.0;1900.0;2100.0;1.0
Malta;Flawed democracy;2017-06-03;2017.0;Malta Labour Party;;;55.04;37.0;67.0;not far-right;;;;;
Malta;Flawed democracy;2017-06-03;2017.0;Nationalist Party;;;43.68;30.0;67.0;not far-right;;;;;
Malta;Flawed democracy;2017-06-03;2017.0;Democratic Alternative;;;0.83;0.0;67.0;not far-right;;;;;
United Kingdom;Full democracy;2017-06-08;2017.0;Conservatives;;;42.45;318.0;650.0;not far-right;;;;;
United Kingdom;Full democracy;2017-06-08;2017.0;Labour;;;39.99;262.0;650.0;not far-right;;;;;
United Kingdom;Full democracy;2017-06-08;2017.0;Scottish National Party;;;3.0;35.0;650.0;not far-right;;;;;
United Kingdom;Full democracy;2017-06-08;2017.0;Liberals;;;7.37;12.0;650.0;not far-right;;;;;
United Kingdom;Full democracy;2017-06-08;2017.0;Democratic Unionist Party;Democratic Unionist Party;DUP;0.9;10.0;650.0;not far-right;2100.0;2100.0;2100.0;2100.0;1.0
United Kingdom;Full democracy;2017-06-08;2017.0;We Ourselves;;;0.7;7.0;650.0;not far-right;;;;;
United Kingdom;Full democracy;2017-06-08;2017.0;Plaid Cymru;;;0.5;4.0;650.0;not far-right;;;;;
United Kingdom;Full democracy;2017-06-08;2017.0;Green Party;;;1.63;1.0;650.0;not far-right;;;;;
United Kingdom;Full democracy;2017-06-08;2017.0;one seat;;;0.58;1.0;650.0;not far-right;;;;;
United Kingdom;Full democracy;2017-06-08;2017.0;United Kingdom Independence Party;United Kingdom Independence Party;UKIP;1.8;0.0;650.0;far-right;2002.0;2100.0;2002.0;2100.0;0.0
France;Flawed democracy;2017-06-18;2017.0;The Republic Onwards! | Renaissance;;;28.21;308.0;577.0;not far-right;;;;;
France;Flawed democracy;2017-06-18;2017.0;Union for a Popular Movement | The Republicans;;;15.77;112.0;577.0;not far-right;;;;;
France;Flawed democracy;2017-06-18;2017.0;Union for French Democracy | Democratic Movement;;;4.12;42.0;577.0;not far-right;;;;;
France;Flawed democracy;2017-06-18;2017.0;Socialist Party (Netherlands);;;7.44;30.0;577.0;not far-right;;;;;
France;Flawed democracy;2017-06-18;2017.0;Union of Democrats and Independents;;;3.03;18.0;577.0;not far-right;;;;;
France;Flawed democracy;2017-06-18;2017.0;Unbowed France;;;11.03;17.0;577.0;not far-right;;;;;
France;Flawed democracy;2017-06-18;2017.0;other left;;;1.6;12.0;577.0;not far-right;;;;;
France;Flawed democracy;2017-06-18;2017.0;French Communist Party;Parti Communiste Français;PCF;2.72;10.0;577.0;not far-right;2100.0;2100.0;2100.0;2100.0;1.0
France;Flawed democracy;2017-06-18;2017.0;National Front / Rally;Front National / Rassemblement National;FN / RN;13.2;8.0;577.0;far-right;1900.0;2100.0;1900.0;2100.0;1.0
France;Flawed democracy;2017-06-18;2017.0;other right;;;2.76;6.0;577.0;not far-right;;;;;
France;Flawed democracy;2017-06-18;2017.0;no party affiliation;;;;5.0;577.0;not far-right;;;;;
France;Flawed democracy;2017-06-18;2017.0;Radical Party of the Left;;;0.47;3.0;577.0;not far-right;;;;;
France;Flawed democracy;2017-06-18;2017.0;others;;;;3.0;577.0;not far-right;;;;;
France;Flawed democracy;2017-06-18;2017.0;Greens;;;4.3;1.0;577.0;not far-right;;;;;
France;Flawed democracy;2017-06-18;2017.0;Republic Arise | France Arise;Debout la république | Debout la France;DLR / DLF;1.17;1.0;577.0;far-right;1900.0;2100.0;2100.0;2100.0;1.0
France;Flawed democracy;2017-06-18;2017.0;other far-right;;;0.3;1.0;577.0;not far-right;;;;;
France;Flawed democracy;2017-06-18;2017.0;other far-left;;;0.77;0.0;577.0;not far-right;;;;;
Norway;Full democracy;2017-09-11;2017.0;Norwegian Labour Party;;;27.4;49.0;169.0;not far-right;;;;;
Norway;Full democracy;2017-09-11;2017.0;Conservative Party;;;25.0;45.0;169.0;not far-right;;;;;
Norway;Full democracy;2017-09-11;2017.0;Progress Party;Fremskrittspartiet;FrP;15.2;27.0;169.0;far-right;1900.0;2100.0;2100.0;2100.0;1.0
Norway;Full democracy;2017-09-11;2017.0;Centre Party;Senterpartiet;Sp;10.3;19.0;169.0;not far-right;2100.0;2100.0;2100.0;2100.0;1.0
Norway;Full democracy;2017-09-11;2017.0;Socialist Left Party;Sosialistisk Venstreparti;SV;6.0;11.0;169.0;not far-right;2100.0;2100.0;2100.0;2100.0;1.0
Norway;Full democracy;2017-09-11;2017.0;Christian Democratic Party;;;4.2;8.0;169.0;not far-right;;;;;
Norway;Full democracy;2017-09-11;2017.0;Liberal Party of Norway;;;4.4;8.0;169.0;not far-right;;;;;
Norway;Full democracy;2017-09-11;2017.0;Green Party;;;3.2;1.0;169.0;not far-right;;;;;
Norway;Full democracy;2017-09-11;2017.0;Red Electoral Alliance;;;2.4;1.0;169.0;not far-right;;;;;
Norway;Full democracy;2017-09-11;2017.0;Pensioners Party;;;0.4;0.0;169.0;not far-right;;;;;
Germany;Full democracy;2017-09-24;2017.0;Christian Democratic Union;;;26.8;200.0;709.0;not far-right;;;;;
Germany;Full democracy;2017-09-24;2017.0;Social Democratic Party of Germany;;;20.5;153.0;709.0;not far-right;;;;;
Germany;Full democracy;2017-09-24;2017.0;Alternative for Germany;Alternative für Deutschland;AfD;12.6;94.0;709.0;far-right;2015.0;2100.0;2015.0;2100.0;1.0
Germany;Full democracy;2017-09-24;2017.0;Free Democratic Party;;;10.7;80.0;709.0;not far-right;;;;;
Germany;Full democracy;2017-09-24;2017.0;PDS | The Left;;;9.2;69.0;709.0;not far-right;;;;;
Germany;Full democracy;2017-09-24;2017.0;Alliance 90 / Greens;;;8.9;67.0;709.0;not far-right;;;;;
Germany;Full democracy;2017-09-24;2017.0;Christian Social Union;;;6.2;46.0;709.0;not far-right;;;;;
Germany;Full democracy;2017-09-24;2017.0;Free Voters;;;1.0;0.0;709.0;not far-right;;;;;
Germany;Full democracy;2017-09-24;2017.0;The PARTY;;;1.0;0.0;709.0;not far-right;;;;;
Austria;Full democracy;2017-10-15;2017.0;Austrian People's Party;;;31.5;62.0;183.0;not far-right;;;;;
Austria;Full democracy;2017-10-15;2017.0;Social Democratic Party of Austria;;;26.9;52.0;183.0;not far-right;;;;;
Austria;Full democracy;2017-10-15;2017.0;Freedom Party of Austria;Freiheitliche Partei Österreichs;FPÖ;26.0;51.0;183.0;far-right;1900.0;2100.0;1900.0;2100.0;1.0
Austria;Full democracy;2017-10-15;2017.0;NEOS -- The New Austria;;;5.3;10.0;183.0;not far-right;;;;;
Austria;Full democracy;2017-10-15;2017.0;NOW – Pilz List;JETZT - Liste Pilz;Pilz;4.4;8.0;183.0;not far-right;2100.0;2100.0;2100.0;2100.0;0.0
Austria;Full democracy;2017-10-15;2017.0;The Greens -- The Green Alternative;;;3.8;0.0;183.0;not far-right;;;;;
Austria;Full democracy;2017-10-15;2017.0;My Vote Counts!;;;1.0;0.0;183.0;not far-right;;;;;
Czech Republic;Full democracy;2017-10-21;2017.0;Action of Dissatisfied Citizens 2011;;;29.64;78.0;200.0;not far-right;;;;;
Czech Republic;Full democracy;2017-10-21;2017.0;Civic Democratic Party;;;11.32;25.0;200.0;not far-right;;;;;
Czech Republic;Full democracy;2017-10-21;2017.0;Czech Pirate Party;;;10.79;22.0;200.0;not far-right;;;;;
Czech Republic;Full democracy;2017-10-21;2017.0;Freedom and Direct Democracy;Svoboda a prímá demokracie;SPD;10.64;22.0;200.0;far-right;1900.0;2100.0;1900.0;2100.0;1.0
Czech Republic;Full democracy;2017-10-21;2017.0;Czech Social Democratic Party;;;7.27;15.0;200.0;not far-right;;;;;
Czech Republic;Full democracy;2017-10-21;2017.0;Communist Party of Bohemia and Moravia;Komunistická strana Cech a Moravy;KSCM;7.76;15.0;200.0;not far-right;2100.0;2100.0;2100.0;2100.0;0.0
Czech Republic;Full democracy;2017-10-21;2017.0;Christian Democratic Union -- People's Party;;;5.8;10.0;200.0;not far-right;;;;;
Czech Republic;Full democracy;2017-10-21;2017.0;Tradition Responsibility Prosperity 09;;;5.31;7.0;200.0;not far-right;;;;;
Czech Republic;Full democracy;2017-10-21;2017.0;Mayors and Independents;;;5.18;6.0;200.0;not far-right;;;;;
Czech Republic;Full democracy;2017-10-21;2017.0;Green Party;;;1.46;0.0;200.0;not far-right;;;;;
Czech Republic;Full democracy;2017-10-21;2017.0;Party of Free Citizens;;;1.56;0.0;200.0;not far-right;;;;;
Italy;Flawed democracy;2018-03-04;2018.0;Five Star Movement;Movimento 5 Stelle;M5S;33.33;227.0;630.0;not far-right;2100.0;2100.0;2100.0;2100.0;1.0
Italy;Flawed democracy;2018-03-04;2018.0;(Northern) League;Lega (Nord);Lega;17.39;124.0;630.0;far-right;1900.0;2100.0;1900.0;2100.0;1.0
Italy;Flawed democracy;2018-03-04;2018.0;Democratic Party;;;18.76;112.0;630.0;not far-right;;;;;
Italy;Flawed democracy;2018-03-04;2018.0;Go Italy -- The People of Freedom;;;14.0;106.0;630.0;not far-right;;;;;
Italy;Flawed democracy;2018-03-04;2018.0;Brothers of Italy;Fratelli d'Italia;FdI;4.35;31.0;630.0;far-right;1900.0;2100.0;1900.0;2100.0;1.0
Italy;Flawed democracy;2018-03-04;2018.0;Left;;;3.39;14.0;630.0;not far-right;;;;;
Italy;Flawed democracy;2018-03-04;2018.0;Union / Centre;;;1.34;4.0;630.0;not far-right;;;;;
Italy;Flawed democracy;2018-03-04;2018.0;South Tyrol Peoples Party;;;0.41;4.0;630.0;not far-right;;;;;
Italy;Flawed democracy;2018-03-04;2018.0;Di Pietro’s list - Italy of Values;Lista Di Pietro - Italia dei Valori;IdV;0.54;2.0;630.0;not far-right;2100.0;2100.0;2100.0;2100.0;0.0
Italy;Flawed democracy;2018-03-04;2018.0;More Europe;;;2.76;2.0;630.0;not far-right;;;;;
Italy;Flawed democracy;2018-03-04;2018.0;Democratic Centre;;;;1.0;630.0;not far-right;;;;;
Italy;Flawed democracy;2018-03-04;2018.0;one seat;;;0.58;1.0;630.0;not far-right;;;;;
Italy;Flawed democracy;2018-03-04;2018.0;Associative Italians Abroad;;;0.33;1.0;630.0;not far-right;;;;;
Italy;Flawed democracy;2018-03-04;2018.0;South American Union Italian Emigrants;;;0.21;1.0;630.0;not far-right;;;;;
Italy;Flawed democracy;2018-03-04;2018.0;Communist Refoundation Party;Partito della Rifondazione Comunista;PRC;1.13;0.0;630.0;not far-right;2100.0;2100.0;2100.0;2100.0;0.0
Hungary;Flawed democracy;1990-04-08;1990.0;Independent Smallholders’ Party;Független Kisgazdapárt;FKgP;11.7;44.0;386.0;not far-right;2019.0;2100.0;2019.0;2100.0;0.0
Hungary;Flawed democracy;1994-05-29;1994.0;Independent Smallholders’ Party;Független Kisgazdapárt;FKgP;8.8;26.0;386.0;not far-right;2019.0;2100.0;2019.0;2100.0;0.0
Hungary;Flawed democracy;1998-05-24;1998.0;Independent Smallholders’ Party;Független Kisgazdapárt;FKgP;13.1;48.0;386.0;not far-right;2019.0;2100.0;2019.0;2100.0;0.0
Hungary;Flawed democracy;2018-04-08;2018.0;Independent Smallholders’ Party;Független Kisgazdapárt;FKgP;;1.0;199.0;not far-right;2019.0;2100.0;2019.0;2100.0;0.0
Hungary;Flawed democracy;2010-04-25;2010.0;Movement for a Better Hungary;Jobbik Magyarországért Mozgalom;Jobbik;16.67;47.0;386.0;far-right;1900.0;2018.0;1900.0;2018.0;0.0
Hungary;Flawed democracy;2014-04-06;2014.0;Movement for a Better Hungary;Jobbik Magyarországért Mozgalom;Jobbik;20.22;23.0;199.0;far-right;1900.0;2018.0;1900.0;2018.0;0.0
Hungary;Flawed democracy;2018-04-08;2018.0;Movement for a Better Hungary;Jobbik Magyarországért Mozgalom;Jobbik;19.06;26.0;199.0;far-right;1900.0;2018.0;1900.0;2018.0;0.0
Hungary;Flawed democracy;2022-04-03;2022.0;Movement for a Better Hungary;Jobbik Magyarországért Mozgalom;Jobbik;;10.0;199.0;not far-right;1900.0;2018.0;1900.0;2018.0;0.0
Hungary;Flawed democracy;2018-04-08;2018.0;Momentum Movement;;;3.06;0.0;199.0;not far-right;;;;;
Hungary;Flawed democracy;2022-04-03;2022.0;Momentum Movement;;;;10.0;199.0;not far-right;;;;;
Hungary;Flawed democracy;2018-04-08;2018.0;National Self-Government of Germans in Hungary;;;0.46;1.0;199.0;not far-right;;;;;
Hungary;Flawed democracy;2022-04-03;2022.0;National Self-Government of Germans in Hungary;;;;1.0;199.0;not far-right;;;;;
Hungary;Flawed democracy;1990-04-08;1990.0;no party affiliation;;;1.0;7.0;386.0;not far-right;;;;;
Slovenia;Flawed democracy;2018-06-03;2018.0;Slovenian Democratic Party;Slovenska Demokratska Stranka;SDS;24.92;25.0;90.0;far-right;2015.0;2100.0;2015.0;2100.0;1.0
Slovenia;Flawed democracy;2018-06-03;2018.0;List of Marjan Sarec;Lista Marjana Šarca;LMS;12.6;13.0;90.0;not far-right;2100.0;2100.0;2100.0;2100.0;0.0
Slovenia;Flawed democracy;2018-06-03;2018.0;United List -- Social Democrats;;;9.93;10.0;90.0;not far-right;;;;;
Slovenia;Flawed democracy;2018-06-03;2018.0;Modern Center Party;;;9.75;10.0;90.0;not far-right;;;;;
Slovenia;Flawed democracy;2018-06-03;2018.0;The Left;;;9.33;9.0;90.0;not far-right;;;;;
Slovenia;Flawed democracy;2018-06-03;2018.0;New Slovenia – Christian Democrats;Nova Slovenija – Krščanski Demokrati;N.Si;7.16;7.0;90.0;far-right;1900.0;2100.0;1900.0;2100.0;1.0
Slovenia;Flawed democracy;2018-06-03;2018.0;Alliance of Alenka Bratusek;;;5.11;5.0;90.0;not far-right;;;;;
Slovenia;Flawed democracy;2018-06-03;2018.0;Democratic Party of Pensioners of Slovenia;;;4.93;5.0;90.0;not far-right;;;;;
Slovenia;Flawed democracy;2018-06-03;2018.0;Slovenian National Party;Slovenska Nacionalna Stranka;SNS;4.17;4.0;90.0;far-right;1900.0;2100.0;1900.0;2100.0;0.0
Slovenia;Flawed democracy;2018-06-03;2018.0;Italian national community;;;;1.0;90.0;not far-right;;;;;
Slovenia;Flawed democracy;2018-06-03;2018.0;Hungarian national community;;;;1.0;90.0;not far-right;;;;;
Slovenia;Flawed democracy;2018-06-03;2018.0;Slovenian People's Party;;;2.62;0.0;90.0;not far-right;;;;;
Slovenia;Flawed democracy;2018-06-03;2018.0;Slovenian Pirate Party;;;2.15;0.0;90.0;not far-right;;;;;
Slovenia;Flawed democracy;2018-06-03;2018.0;Good Country;;;1.52;0.0;90.0;not far-right;;;;;
Slovenia;Flawed democracy;2018-06-03;2018.0;Greens of Slovenia;;;1.09;0.0;90.0;not far-right;;;;;
Sweden;Full democracy;2018-09-09;2018.0;Social Democrats;;;28.26;100.0;349.0;not far-right;;;;;
Sweden;Full democracy;2018-09-09;2018.0;Moderate Party;;;19.84;70.0;349.0;not far-right;;;;;
Sweden;Full democracy;2018-09-09;2018.0;Sweden Democrats;Sverigedemokraterna;SD;17.53;62.0;349.0;far-right;1900.0;2100.0;1900.0;2100.0;1.0
Sweden;Full democracy;2018-09-09;2018.0;Centre Party;;;8.61;31.0;349.0;not far-right;;;;;
Sweden;Full democracy;2018-09-09;2018.0;Left Party;Vänsterpartiet;V;8.0;28.0;349.0;not far-right;2100.0;2100.0;2100.0;2100.0;1.0
Sweden;Full democracy;2018-09-09;2018.0;Christian Democrats;;;6.32;22.0;349.0;not far-right;;;;;
Sweden;Full democracy;2018-09-09;2018.0;People's Party;;;5.49;20.0;349.0;not far-right;;;;;
Sweden;Full democracy;2018-09-09;2018.0;Greens;;;4.41;16.0;349.0;not far-right;;;;;
Sweden;Full democracy;2018-09-09;2018.0;Feminist Initiative;;;0.46;0.0;349.0;not far-right;;;;;
Latvia;Flawed democracy;2018-10-06;2018.0;Harmony;;;19.92;23.0;100.0;not far-right;;;;;
Latvia;Flawed democracy;2018-10-06;2018.0;New Conservative Party;;;13.67;16.0;100.0;not far-right;;;;;
Latvia;Flawed democracy;2018-10-06;2018.0;Who owns the state?;;;14.33;16.0;100.0;not far-right;;;;;
Latvia;Flawed democracy;2018-10-06;2018.0;National Alliance;Nacionālā Apvienība;;11.08;13.0;100.0;far-right;1900.0;2100.0;1900.0;2100.0;1.0
Latvia;Flawed democracy;2018-10-06;2018.0;Development/For!;;;12.04;13.0;100.0;not far-right;;;;;
Latvia;Flawed democracy;2018-10-06;2018.0;Green and Farmers' Union;;;9.97;11.0;100.0;not far-right;;;;;
Latvia;Flawed democracy;2018-10-06;2018.0;Unity;;;6.74;8.0;100.0;not far-right;;;;;
Latvia;Flawed democracy;2018-10-06;2018.0;For Human Rights in a United Latvia;;;3.22;0.0;100.0;not far-right;;;;;
Latvia;Flawed democracy;2018-10-06;2018.0;The Progressive;;;2.63;0.0;100.0;not far-right;;;;;
Latvia;Flawed democracy;2018-10-06;2018.0;Latvian Association of Regions;;;4.17;0.0;100.0;not far-right;;;;;
Luxembourg;Full democracy;2018-10-14;2018.0;Christian Social People's Party;;;27.08;21.0;60.0;not far-right;;;;;
Luxembourg;Full democracy;2018-10-14;2018.0;Democratic Party;;;16.4;12.0;60.0;not far-right;;;;;
Luxembourg;Full democracy;2018-10-14;2018.0;Luxembourg Socialist Workers' Party;;;15.72;10.0;60.0;not far-right;;;;;
Luxembourg;Full democracy;2018-10-14;2018.0;The Greens;;;14.1;9.0;60.0;not far-right;;;;;
Luxembourg;Full democracy;2018-10-14;2018.0;Action Committee Pensions | Alternative Democratic Reform Party;;;8.02;4.0;60.0;not far-right;;;;;
Luxembourg;Full democracy;2018-10-14;2018.0;Pirate Party Luxembourg;;;6.2;2.0;60.0;not far-right;;;;;
Luxembourg;Full democracy;2018-10-14;2018.0;The Left;Déi Lénk ;Dei Lenk;4.72;2.0;60.0;not far-right;2100.0;2100.0;2100.0;2100.0;1.0
Luxembourg;Full democracy;2018-10-14;2018.0;Communist Party of Luxembourg;Kommunistesch Partei Lëtzebuerg;KPL;1.07;0.0;60.0;not far-right;2100.0;2100.0;2100.0;2100.0;0.0
Estonia;Full democracy;2019-03-03;2019.0;Estonian Reform Party;;;28.9;34.0;101.0;not far-right;;;;;
Estonia;Full democracy;2019-03-03;2019.0;Estonian Centre Party;Eesti Keskerakond;EK;23.1;26.0;101.0;not far-right;2100.0;2100.0;2100.0;2100.0;1.0
Estonia;Full democracy;2019-03-03;2019.0;Conservative People’s Party of Estonia;Eesti Konservatiivne Rahvaerakond;EKRE;17.8;19.0;101.0;far-right;1900.0;2100.0;1900.0;2100.0;1.0
Estonia;Full democracy;2019-03-03;2019.0;Pro Patria and Res Publica Union;;;11.4;12.0;101.0;not far-right;;;;;
Estonia;Full democracy;2019-03-03;2019.0;Social Democratic Party | Moderates;;;9.8;10.0;101.0;not far-right;;;;;
Estonia;Full democracy;2019-03-03;2019.0;Estonia 200;;;4.4;0.0;101.0;not far-right;;;;;
Estonia;Full democracy;2019-03-03;2019.0;Estonian Greens;;;1.8;0.0;101.0;not far-right;;;;;
Estonia;Full democracy;2019-03-03;2019.0;Richness of Life;;;1.2;0.0;101.0;not far-right;;;;;
Estonia;Full democracy;2019-03-03;2019.0;Free Party;;;1.2;0.0;101.0;not far-right;;;;;
Finland;Full democracy;2019-04-14;2019.0;Social Democratic Party of Finland;;;17.7;40.0;200.0;not far-right;;;;;
Finland;Full democracy;2019-04-14;2019.0;Finns Party;Suomen Maaseudun Puolue | Perussuomalaiset;PS;17.5;39.0;200.0;far-right;1900.0;2100.0;2017.0;2100.0;1.0
Finland;Full democracy;2019-04-14;2019.0;National Coalition Party;;;17.0;38.0;200.0;not far-right;;;;;
Finland;Full democracy;2019-04-14;2019.0;Centre Party;;;13.8;31.0;200.0;not far-right;;;;;
Finland;Full democracy;2019-04-14;2019.0;Green League;;;11.5;20.0;200.0;not far-right;;;;;
Finland;Full democracy;2019-04-14;2019.0;Left Alliance;Demokraattinen Liitto | Vasemmistoliitto;VAS;8.2;16.0;200.0;not far-right;2100.0;2100.0;2100.0;2100.0;1.0
Finland;Full democracy;2019-04-14;2019.0;Swedish People's Party;;;4.5;9.0;200.0;not far-right;;;;;
Finland;Full democracy;2019-04-14;2019.0;Christian Democrats;;;3.9;5.0;200.0;not far-right;;;;;
Finland;Full democracy;2019-04-14;2019.0;Aland Coalition;;;0.38;1.0;200.0;not far-right;;;;;
Finland;Full democracy;2019-04-14;2019.0;Movement Now;Liike Nyt;Liik;2.25;1.0;200.0;not far-right;2100.0;2100.0;2100.0;2100.0;1.0
Finland;Full democracy;2019-04-14;2019.0;New Alternative | Blue Reform;;;0.97;0.0;200.0;not far-right;;;;;
Spain;Full democracy;2019-04-28;2019.0;Spanish Socialist Workers Party;;;28.68;123.0;350.0;not far-right;;;;;
Spain;Full democracy;2019-04-28;2019.0;People's Alliance-Party;;;16.7;66.0;350.0;not far-right;;;;;
Spain;Full democracy;2019-04-28;2019.0;Citizens -- Party of the Citizenry;;;15.86;57.0;350.0;not far-right;;;;;
Spain;Full democracy;2019-04-28;2019.0;We Can;Podemos;Podemos;11.05;33.0;350.0;not far-right;2100.0;2100.0;2100.0;2100.0;1.0
Spain;Full democracy;2019-04-28;2019.0;Voice;Vox;Vox;10.26;24.0;350.0;far-right;1900.0;2100.0;1900.0;2100.0;1.0
Spain;Full democracy;2019-04-28;2019.0;Republican Left of Catalonia;;;3.89;15.0;350.0;not far-right;;;;;
Spain;Full democracy;2019-04-28;2019.0;Democratic Convergence | Together for Catalonia;;;1.91;7.0;350.0;not far-right;;;;;
Spain;Full democracy;2019-04-28;2019.0;In Common We Can;;;2.36;7.0;350.0;not far-right;;;;;
Spain;Full democracy;2019-04-28;2019.0;Basque Nationalist Party;;;1.51;6.0;350.0;not far-right;;;;;
Spain;Full democracy;2019-04-28;2019.0;Basque Country Unite;Euskal Herria Bildu;EHB;0.99;4.0;350.0;not far-right;2100.0;2100.0;2100.0;2100.0;1.0
Spain;Full democracy;2019-04-28;2019.0;Canary Coalition;;;0.53;2.0;350.0;not far-right;;;;;
Spain;Full democracy;2019-04-28;2019.0;Sum Navarre;;;0.41;2.0;350.0;not far-right;;;;;
Spain;Full democracy;2019-04-28;2019.0;one seat;;;0.86;2.0;350.0;not far-right;;;;;
Spain;Full democracy;2019-04-28;2019.0;En Masse | Common Group of the Left;;;0.91;2.0;350.0;not far-right;;;;;
Spain;Full democracy;2019-04-28;2019.0;Animalist Party Against Mistreatment to Animals;;;1.25;0.0;350.0;not far-right;;;;;
Belgium;Flawed democracy;2019-05-26;2019.0;New Flemish Alliance;Nieuw-Vlaamse Alliantie;N-VA;16.03;25.0;150.0;far-right;2019.0;2025.0;2100.0;2100.0;1.0
Belgium;Flawed democracy;2019-05-26;2019.0;Socialist Party (Netherlands) [Francophone];;;9.46;20.0;150.0;not far-right;;;;;
Belgium;Flawed democracy;2019-05-26;2019.0;Flemish Interest;Vlaams Belang;VB;11.95;18.0;150.0;far-right;1900.0;2100.0;1900.0;2100.0;1.0
Belgium;Flawed democracy;2019-05-26;2019.0;Reformist Movement;;;7.56;14.0;150.0;not far-right;;;;;
Belgium;Flawed democracy;2019-05-26;2019.0;Confederated ecologists for the organisation of original struggles;;;6.14;13.0;150.0;not far-right;;;;;
Belgium;Flawed democracy;2019-05-26;2019.0;Party of Liberty and Progress | Flemish Liberals and Democrats;;;8.54;12.0;150.0;not far-right;;;;;
Belgium;Flawed democracy;2019-05-26;2019.0;Flemish Christian Peoples Party | Christian Democrats & Flemish;;;8.89;12.0;150.0;not far-right;;;;;
Belgium;Flawed democracy;2019-05-26;2019.0;Workers' Party of Belgium;Partij van de Arbeid – Parti du Travail;PVDA/PTB;8.62;12.0;150.0;not far-right;2100.0;2100.0;2100.0;2100.0;1.0
Belgium;Flawed democracy;2019-05-26;2019.0;Socialist Party (Netherlands);;;6.71;9.0;150.0;not far-right;;;;;
Belgium;Flawed democracy;2019-05-26;2019.0;Agalev -- Green;;;6.1;8.0;150.0;not far-right;;;;;
Belgium;Flawed democracy;2019-05-26;2019.0;Francophone Christian Social Party -- Humanist Democratic Centre;;;3.7;5.0;150.0;not far-right;;;;;
Belgium;Flawed democracy;2019-05-26;2019.0;Francophone Democratic Front;;;2.22;2.0;150.0;not far-right;;;;;
Belgium;Flawed democracy;2019-05-26;2019.0;People's Party;Parti populaire;PP;1.11;0.0;150.0;far-right;1900.0;2100.0;1900.0;2100.0;0.0
Denmark;Full democracy;2019-06-05;2019.0;Social Democrats;;;25.9;48.0;179.0;not far-right;;;;;
Denmark;Full democracy;2019-06-05;2019.0;Liberal Party;;;23.4;43.0;179.0;not far-right;;;;;
Denmark;Full democracy;2019-06-05;2019.0;Danish Social Liberal Party;;;8.6;16.0;179.0;not far-right;;;;;
Denmark;Full democracy;2019-06-05;2019.0;Danish People's Party;Dansk Folkeparti;DF;8.7;16.0;179.0;far-right;1900.0;2100.0;1900.0;2100.0;1.0
Denmark;Full democracy;2019-06-05;2019.0;Socialist People's Party;Socialistisk Folkeparti;SF;7.7;14.0;179.0;not far-right;2100.0;2100.0;2100.0;2100.0;1.0
Denmark;Full democracy;2019-06-05;2019.0;Red-Green Alliance;Enhedslisten – De Rød-Grønne;En-O;6.9;13.0;179.0;not far-right;2100.0;2100.0;2100.0;2100.0;1.0
Denmark;Full democracy;2019-06-05;2019.0;Conservatives;;;6.6;12.0;179.0;not far-right;;;;;
Denmark;Full democracy;2019-06-05;2019.0;The Alternative;;;3.0;5.0;179.0;not far-right;;;;;
Denmark;Full democracy;2019-06-05;2019.0;The New Right;Nye Borgerlige;NB;2.4;4.0;179.0;far-right;1900.0;2100.0;1900.0;2100.0;0.0
Denmark;Full democracy;2019-06-05;2019.0;New-Liberal Alliance;;;2.3;4.0;179.0;not far-right;;;;;
Denmark;Full democracy;2019-06-05;2019.0;Union Party (Faroe Islands);;;;1.0;179.0;not far-right;;;;;
Denmark;Full democracy;2019-06-05;2019.0;Social Democratic Party (Faroe Islands);;;;1.0;179.0;not far-right;;;;;
Denmark;Full democracy;2019-06-05;2019.0;Community of the People (Greenland);;;;1.0;179.0;not far-right;;;;;
Denmark;Full democracy;2019-06-05;2019.0;Forward (Greenland);;;;1.0;179.0;not far-right;;;;;
Denmark;Full democracy;2019-06-05;2019.0;Christian People's Party;;;1.7;0.0;179.0;not far-right;;;;;
Denmark;Full democracy;2019-06-05;2019.0;Hard Line;;;1.8;0.0;179.0;not far-right;;;;;
Greece;Full democracy;2019-07-07;2019.0;New Democracy;;;39.85;158.0;300.0;not far-right;;;;;
Greece;Full democracy;2019-07-07;2019.0;Coalition of the Radical Left;;;31.53;86.0;300.0;not far-right;;;;;
Greece;Full democracy;2019-07-07;2019.0;Panhellenic Socialist Movement;;;8.1;22.0;300.0;not far-right;;;;;
Greece;Full democracy;2019-07-07;2019.0;Communist Party of Greece;;;5.3;15.0;300.0;not far-right;;;;;
Greece;Full democracy;2019-07-07;2019.0;Greek Solution;Elliniki Lisi;EL;3.7;10.0;300.0;far-right;1900.0;2100.0;1900.0;2100.0;1.0
Greece;Full democracy;2019-07-07;2019.0;European Realistic Disobedience Front;European Realistic Disobedience Front;MeRa25;3.44;9.0;300.0;not far-right;2100.0;2100.0;2100.0;2100.0;0.0
Greece;Full democracy;2019-07-07;2019.0;Golden Dawn;Laikos Syndesmos – Chrysi Avgi;GD;2.93;0.0;300.0;far-right;1900.0;2100.0;1900.0;2100.0;0.0
Greece;Full democracy;2019-07-07;2019.0;Popular Unity | Course of Freedom;;;1.46;0.0;300.0;not far-right;;;;;
Greece;Full democracy;2019-07-07;2019.0;Union of Centrists;;;1.24;0.0;300.0;not far-right;;;;;
Austria;Full democracy;2019-09-29;2019.0;Austrian People's Party;;;37.5;71.0;183.0;not far-right;;;;;
Austria;Full democracy;2019-09-29;2019.0;Social Democratic Party of Austria;;;21.2;40.0;183.0;not far-right;;;;;
Austria;Full democracy;2019-09-29;2019.0;Freedom Party of Austria;Freiheitliche Partei Österreichs;FPÖ;16.2;31.0;183.0;far-right;1900.0;2100.0;1900.0;2100.0;1.0
Austria;Full democracy;2019-09-29;2019.0;The Greens -- The Green Alternative;;;13.9;26.0;183.0;not far-right;;;;;
Austria;Full democracy;2019-09-29;2019.0;NEOS -- The New Austria;;;8.1;15.0;183.0;not far-right;;;;;
Austria;Full democracy;2019-09-29;2019.0;NOW – Pilz List;JETZT - Liste Pilz;Pilz;1.9;0.0;183.0;not far-right;2100.0;2100.0;2100.0;2100.0;0.0
Portugal;Full democracy;2019-10-06;2019.0;Socialist Party (Netherlands);;;38.21;108.0;230.0;not far-right;;;;;
Portugal;Full democracy;2019-10-06;2019.0;Social Democratic Party;;;29.19;79.0;230.0;not far-right;;;;;
Portugal;Full democracy;2019-10-06;2019.0;Bloc of the Left;;;10.01;19.0;230.0;not far-right;;;;;
Portugal;Full democracy;2019-10-06;2019.0;Unified Democratic Coalition;;;6.66;12.0;230.0;not far-right;;;;;
Portugal;Full democracy;2019-10-06;2019.0;Democratic and Social Centre -- People's Party;;;4.44;5.0;230.0;not far-right;;;;;
Portugal;Full democracy;2019-10-06;2019.0;Party for Animals and Nature;;;3.49;4.0;230.0;not far-right;;;;;
Portugal;Full democracy;2019-10-06;2019.0;Livre;;;1.14;1.0;230.0;not far-right;;;;;
Portugal;Full democracy;2019-10-06;2019.0;Liberal Initiative;;;1.35;1.0;230.0;not far-right;;;;;
Portugal;Full democracy;2019-10-06;2019.0;Enough;Chega;Chega;1.35;1.0;230.0;far-right;1900.0;2100.0;1900.0;2100.0;1.0
Portugal;Full democracy;2019-10-06;2019.0;Alliance;;;0.81;0.0;230.0;not far-right;;;;;
Poland;Flawed democracy;2019-10-13;2019.0;Law and Justice;Prawo i Sprawiedliwosc;PiS;43.59;235.0;460.0;far-right;2005.0;2100.0;2015.0;2100.0;1.0
Poland;Flawed democracy;2019-10-13;2019.0;Civic Platform;;;27.4;134.0;460.0;not far-right;;;;;
Poland;Flawed democracy;2019-10-13;2019.0;Democratic Left Alliance;;;12.56;24.0;460.0;not far-right;;;;;
Poland;Flawed democracy;2019-10-13;2019.0;Polish People's Party;;;8.55;20.0;460.0;not far-right;;;;;
Poland;Flawed democracy;2019-10-13;2019.0;Spring;;;;19.0;460.0;not far-right;;;;;
Poland;Flawed democracy;2019-10-13;2019.0;Left Together;;;;6.0;460.0;not far-right;;;;;
Poland;Flawed democracy;2019-10-13;2019.0;Kukiz'15;;;;6.0;460.0;not far-right;;;;;
Poland;Flawed democracy;2019-10-13;2019.0;Coalition for the Renewal of the Republic – Freedom and Hope;Konfederacja Odnowy Rzeczypospolitej Wolnosc i Nadzieja;KORWiN;6.81;5.0;460.0;far-right;1900.0;2100.0;1900.0;2100.0;1.0
Poland;Flawed democracy;2019-10-13;2019.0;National Movement;Ruch Narodowy;RN;;5.0;460.0;far-right;1900.0;2100.0;1900.0;2100.0;1.0
Poland;Flawed democracy;2019-10-13;2019.0;no party affiliation;;;;3.0;460.0;not far-right;;;;;
Poland;Flawed democracy;2019-10-13;2019.0;Democratic | Freedom | Union;;;;1.0;460.0;not far-right;;;;;
Poland;Flawed democracy;2019-10-13;2019.0;German minority;;;0.17;1.0;460.0;not far-right;;;;;
Poland;Flawed democracy;2019-10-13;2019.0;one seat;;;;1.0;460.0;not far-right;;;;;
Poland;Flawed democracy;2019-10-13;2019.0;no seat;;;0.73;0.0;460.0;not far-right;;;;;
Spain;Full democracy;2019-11-10;2019.0;Spanish Socialist Workers Party;;;28.0;120.0;350.0;not far-right;;;;;
Spain;Full democracy;2019-11-10;2019.0;People's Alliance-Party;;;20.81;89.0;350.0;not far-right;;;;;
Spain;Full democracy;2019-11-10;2019.0;Voice;Vox;Vox;15.08;52.0;350.0;far-right;1900.0;2100.0;1900.0;2100.0;1.0
Spain;Full democracy;2019-11-10;2019.0;We Can;Podemos;Podemos;9.82;26.0;350.0;not far-right;2100.0;2100.0;2100.0;2100.0;1.0
Spain;Full democracy;2019-11-10;2019.0;Republican Left of Catalonia;;;3.61;13.0;350.0;not far-right;;;;;
Spain;Full democracy;2019-11-10;2019.0;Citizens -- Party of the Citizenry;;;6.8;10.0;350.0;not far-right;;;;;
Spain;Full democracy;2019-11-10;2019.0;Democratic Convergence | Together for Catalonia;;;2.19;8.0;350.0;not far-right;;;;;
Spain;Full democracy;2019-11-10;2019.0;In Common We Can;;;2.26;7.0;350.0;not far-right;;;;;
Spain;Full democracy;2019-11-10;2019.0;Basque Nationalist Party;;;1.56;6.0;350.0;not far-right;;;;;
Spain;Full democracy;2019-11-10;2019.0;Basque Country Unite;Euskal Herria Bildu;EHB;1.14;5.0;350.0;not far-right;2100.0;2100.0;2100.0;2100.0;1.0
Spain;Full democracy;2019-11-10;2019.0;Sum Navarre;;;0.41;2.0;350.0;not far-right;;;;;
Spain;Full democracy;2019-11-10;2019.0;Canary Coalition;;;0.51;2.0;350.0;not far-right;;;;;
Spain;Full democracy;2019-11-10;2019.0;En Masse | Common Group of the Left;;;0.78;2.0;350.0;not far-right;;;;;
Spain;Full democracy;2019-11-10;2019.0;Popular Unity Candidacy;Candidatura d'Unitat Popular;CUP;1.02;2.0;350.0;not far-right;2100.0;2100.0;2100.0;2100.0;0.0
Spain;Full democracy;2019-11-10;2019.0;Equo;;;1.46;2.0;350.0;not far-right;;;;;
Spain;Full democracy;2019-11-10;2019.0;one seat;;;0.37;2.0;350.0;not far-right;;;;;
Spain;Full democracy;2019-11-10;2019.0;Galician Nationalist Bloc;Bloque Nacionalista Galego;BNG;0.5;1.0;350.0;not far-right;2100.0;2100.0;2100.0;2100.0;1.0
Spain;Full democracy;2019-11-10;2019.0;Compromise | A la valenciana;;;0.73;1.0;350.0;not far-right;;;;;
Spain;Full democracy;2019-11-10;2019.0;Animalist Party Against Mistreatment to Animals;;;0.94;0.0;350.0;not far-right;;;;;
United Kingdom;Full democracy;2019-12-12;2019.0;Conservatives;;;43.63;365.0;650.0;not far-right;;;;;
United Kingdom;Full democracy;2019-12-12;2019.0;Labour;;;32.16;203.0;650.0;not far-right;;;;;
United Kingdom;Full democracy;2019-12-12;2019.0;Scottish National Party;;;3.88;48.0;650.0;not far-right;;;;;
United Kingdom;Full democracy;2019-12-12;2019.0;Liberals;;;11.55;11.0;650.0;not far-right;;;;;
United Kingdom;Full democracy;2019-12-12;2019.0;Democratic Unionist Party;Democratic Unionist Party;DUP;0.76;8.0;650.0;not far-right;2100.0;2100.0;2100.0;2100.0;1.0
United Kingdom;Full democracy;2019-12-12;2019.0;We Ourselves;;;0.57;7.0;650.0;not far-right;;;;;
United Kingdom;Full democracy;2019-12-12;2019.0;Plaid Cymru;;;0.48;4.0;650.0;not far-right;;;;;
United Kingdom;Full democracy;2019-12-12;2019.0;Social Democratic and Labour Party;;;0.37;2.0;650.0;not far-right;;;;;
United Kingdom;Full democracy;2019-12-12;2019.0;Green Party;;;2.7;1.0;650.0;not far-right;;;;;
United Kingdom;Full democracy;2019-12-12;2019.0;Alliance Party of Northern Ireland;;;0.42;1.0;650.0;not far-right;;;;;
United Kingdom;Full democracy;2019-12-12;2019.0;Brexit Party / Reform;Brexit Party / Reform;BRX / Reform;2.01;0.0;650.0;far-right;1900.0;2100.0;1900.0;2100.0;0.0
Ireland;Full democracy;2020-02-08;2020.0;Fianna Fail;;;22.18;38.0;160.0;not far-right;;;;;
Ireland;Full democracy;2020-02-08;2020.0;We Ourselves;Sinn Féin;SF;24.53;37.0;160.0;not far-right;2100.0;2100.0;2100.0;2100.0;1.0
Ireland;Full democracy;2020-02-08;2020.0;Fine Gael (Family of the Irish);;;20.86;35.0;160.0;not far-right;;;;;
Ireland;Full democracy;2020-02-08;2020.0;no party affiliation;;;12.2;19.0;160.0;not far-right;;;;;
Ireland;Full democracy;2020-02-08;2020.0;Green Party;;;7.13;12.0;160.0;not far-right;;;;;
Ireland;Full democracy;2020-02-08;2020.0;Labour Party;;;4.38;6.0;160.0;not far-right;;;;;
Ireland;Full democracy;2020-02-08;2020.0;Social Democrats ;;;2.9;6.0;160.0;not far-right;;;;;
Ireland;Full democracy;2020-02-08;2020.0;Solidarity -- People Before Profit;;;2.63;5.0;160.0;not far-right;;;;;
Ireland;Full democracy;2020-02-08;2020.0;Aontu;;;1.9;1.0;160.0;not far-right;;;;;
Ireland;Full democracy;2020-02-08;2020.0;Independents 4 Change;;;0.39;1.0;160.0;not far-right;;;;;
Ireland;Full democracy;2020-02-08;2020.0;no seat;;;0.25;0.0;160.0;not far-right;;;;;
Slovakia;Flawed democracy;2020-02-29;2020.0;Ordinary People and Independent;;;25.02;53.0;150.0;not far-right;;;;;
Slovakia;Flawed democracy;2020-02-29;2020.0;Direction -- Social Democracy;;;18.29;38.0;150.0;not far-right;;;;;
Slovakia;Flawed democracy;2020-02-29;2020.0;We are family;Sme Rodina;SR;8.24;17.0;150.0;far-right;1900.0;2100.0;1900.0;2100.0;0.0
Slovakia;Flawed democracy;2020-02-29;2020.0;Kotlebists – People’s Party Our Slovakia;Kotlebovci – Ludová Strana Naše Slovensko;L'SNS;7.97;17.0;150.0;far-right;1900.0;2100.0;1900.0;2100.0;0.0
Slovakia;Flawed democracy;2020-02-29;2020.0;Freedom and Solidarity;;;6.22;13.0;150.0;not far-right;;;;;
Slovakia;Flawed democracy;2020-02-29;2020.0;For the People;;;5.77;12.0;150.0;not far-right;;;;;
Slovakia;Flawed democracy;2020-02-29;2020.0;Progressive Slovakia;;;6.96;0.0;150.0;not far-right;;;;;
Slovakia;Flawed democracy;2020-02-29;2020.0;TOGETHER -- Civic Democracy;;;;0.0;150.0;not far-right;;;;;
Slovakia;Flawed democracy;2020-02-29;2020.0;Christian Democratic Movement;;;4.65;0.0;150.0;not far-right;;;;;
Slovakia;Flawed democracy;2020-02-29;2020.0;Hungarian Coalition;;;3.9;0.0;150.0;not far-right;;;;;
Slovakia;Flawed democracy;2020-02-29;2020.0;Slovak National Party;Slovenská Národná Strana;SNS;3.16;0.0;150.0;far-right;1900.0;2100.0;1900.0;2100.0;1.0
Slovakia;Flawed democracy;2020-02-29;2020.0;Most-Hid;;;2.05;0.0;150.0;not far-right;;;;;
Slovakia;Flawed democracy;2020-02-29;2020.0;Good Choice;;;3.06;0.0;150.0;not far-right;;;;;
Slovakia;Flawed democracy;2020-02-29;2020.0;Homeland;Vlasť;Vlast;2.93;0.0;150.0;far-right;1900.0;2100.0;1900.0;2100.0;0.0
Croatia;Flawed democracy;2020-07-05;2020.0;Croatian Democratic Union;Hrvatska Demokratska Zajednica;HDZ;37.26;66.0;151.0;not far-right;1900.0;2000.0;1900.0;2000.0;1.0
Croatia;Flawed democracy;2020-07-05;2020.0;Social Democratic Party of Croatia;;;23.88;41.0;151.0;not far-right;;;;;
Croatia;Flawed democracy;2020-07-05;2020.0;Homeland Movement;Domovinski Pokret;DP;10.89;16.0;151.0;far-right;1900.0;2100.0;1900.0;2100.0;1.0
Croatia;Flawed democracy;2020-07-05;2020.0;Bridge of Independent Lists;;;7.39;8.0;151.0;not far-right;;;;;
Croatia;Flawed democracy;2020-07-05;2020.0;We Can! -- Political Platform;;;6.99;7.0;151.0;not far-right;;;;;
Croatia;Flawed democracy;2020-07-05;2020.0;ethnic;;;1.76;5.0;151.0;not far-right;;;;;
Croatia;Flawed democracy;2020-07-05;2020.0;Intelligently;;;3.98;3.0;151.0;not far-right;;;;;
Croatia;Flawed democracy;2020-07-05;2020.0;Independent Democratic Serb Party;;;0.78;3.0;151.0;not far-right;;;;;
Croatia;Flawed democracy;2020-07-05;2020.0;Croatian People's Party -- Liberal Democrats;;;1.3;1.0;151.0;not far-right;;;;;
Croatia;Flawed democracy;2020-07-05;2020.0;People's Party -- Reformists ;;;1.01;1.0;151.0;not far-right;;;;;
Croatia;Flawed democracy;2020-07-05;2020.0;Human Shield ;;;2.26;0.0;151.0;not far-right;;;;;
Lithuania;Flawed democracy;2020-10-11;2020.0;Homeland Union;;;25.77;50.0;141.0;not far-right;;;;;
Lithuania;Flawed democracy;2020-10-11;2020.0;Lithuanian Peasant Union;;;18.07;32.0;141.0;not far-right;;;;;
Lithuania;Flawed democracy;2020-10-11;2020.0;Lithuanian Social Democratic Party;;;9.58;13.0;141.0;not far-right;;;;;
Lithuania;Flawed democracy;2020-10-11;2020.0;Liberals Movement of the Republic of Lithuania;;;7.04;13.0;141.0;not far-right;;;;;
Lithuania;Flawed democracy;2020-10-11;2020.0;Freedom Party;;;9.45;11.0;141.0;not far-right;;;;;
Lithuania;Flawed democracy;2020-10-11;2020.0;Labour Party;Darbo Partija;DP;9.77;10.0;141.0;not far-right;2100.0;2100.0;2100.0;2100.0;1.0
Lithuania;Flawed democracy;2020-10-11;2020.0;no party affiliation;;;;4.0;141.0;not far-right;;;;;
Lithuania;Flawed democracy;2020-10-11;2020.0;Election Action of Lithuania's Poles;;;4.97;3.0;141.0;not far-right;;;;;
Lithuania;Flawed democracy;2020-10-11;2020.0;Social Democratic Labour Party of Lithuania;;;3.28;3.0;141.0;not far-right;;;;;
Lithuania;Flawed democracy;2020-10-11;2020.0;Lithuanian Freedom Union (Liberals);;;2.06;1.0;141.0;not far-right;;;;;
Lithuania;Flawed democracy;2020-10-11;2020.0;Lithuanian Green Party;;;1.7;1.0;141.0;not far-right;;;;;
Lithuania;Flawed democracy;2020-10-11;2020.0;Lithuanian Centre Party;Lietuvos Centro Partija;LCP;2.36;0.0;141.0;not far-right;2100.0;2100.0;2100.0;2100.0;0.0
Lithuania;Flawed democracy;2020-10-11;2020.0;Recover the State! | National Alliance;;;2.21;0.0;141.0;not far-right;;;;;
Lithuania;Flawed democracy;2020-10-11;2020.0;The Way of Courage;Drasos Kelias;DK;1.18;0.0;141.0;not far-right;2100.0;2100.0;2100.0;2100.0;0.0
Netherlands;Full democracy;2021-03-17;2021.0;People's Party for Freedom and Democracy;;;21.87;34.0;150.0;not far-right;;;;;
Netherlands;Full democracy;2021-03-17;2021.0;Democrats 66;;;15.02;24.0;150.0;not far-right;;;;;
Netherlands;Full democracy;2021-03-17;2021.0;Party for Freedom;Partij voor de Vrijheid;PVV;10.79;17.0;150.0;far-right;1900.0;2100.0;1900.0;2100.0;1.0
Netherlands;Full democracy;2021-03-17;2021.0;Christian Democratic Appeal;;;9.5;15.0;150.0;not far-right;;;;;
Netherlands;Full democracy;2021-03-17;2021.0;Socialist Party (Netherlands);Socialistiese Partij;SP;5.98;9.0;150.0;not far-right;2100.0;2100.0;2100.0;2100.0;1.0
Netherlands;Full democracy;2021-03-17;2021.0;Labour Party;;;5.73;9.0;150.0;not far-right;;;;;
Netherlands;Full democracy;2021-03-17;2021.0;GreenLeft;;;5.16;8.0;150.0;not far-right;;;;;
Netherlands;Full democracy;2021-03-17;2021.0;Forum for Democracy;Forum voor Democratie;FVD;5.02;8.0;150.0;far-right;1900.0;2100.0;1900.0;2100.0;1.0
Netherlands;Full democracy;2021-03-17;2021.0;Party for the Animals;;;3.84;6.0;150.0;not far-right;;;;;
Netherlands;Full democracy;2021-03-17;2021.0;ChristianUnion;;;3.37;5.0;150.0;not far-right;;;;;
Netherlands;Full democracy;2021-03-17;2021.0;Political Reformed Party;;;2.07;3.0;150.0;not far-right;;;;;
Netherlands;Full democracy;2021-03-17;2021.0;Think;;;2.03;3.0;150.0;not far-right;;;;;
Netherlands;Full democracy;2021-03-17;2021.0;Volt Netherlands;;;2.42;3.0;150.0;not far-right;;;;;
Netherlands;Full democracy;2021-03-17;2021.0;Right Answer 21;Juiste Antwoord 21;JA21;2.37;3.0;150.0;far-right;1900.0;2100.0;1900.0;2100.0;1.0
Netherlands;Full democracy;2021-03-17;2021.0;50PLUS;;;1.02;1.0;150.0;not far-right;;;;;
Netherlands;Full democracy;2021-03-17;2021.0;Farmer-Citizen Movement;;;1.0;1.0;150.0;not far-right;;;;;
Netherlands;Full democracy;2021-03-17;2021.0;one seat;;;0.84;1.0;150.0;not far-right;;;;;
Netherlands;Full democracy;2021-03-17;2021.0;no seat;;;0.39;0.0;150.0;not far-right;;;;;
Bulgaria;Flawed democracy;2021-04-04;2021.0;Citizens for European Development of Bulgaria;Grazhdani za Evropeysko Razvitie na Bulgariya;GERB;26.18;75.0;240.0;not far-right;2100.0;2100.0;2100.0;2100.0;1.0
Bulgaria;Flawed democracy;2021-04-04;2021.0;There Is Such a People;Ima Takav Narod;ITN;17.66;51.0;240.0;not far-right;2100.0;2100.0;2100.0;2100.0;1.0
Bulgaria;Flawed democracy;2021-04-04;2021.0;Coalition for Bulgaria | Democratic Left;;;15.01;43.0;240.0;not far-right;;;;;
Bulgaria;Flawed democracy;2021-04-04;2021.0;Movement for Rights and Freedoms;;;10.51;30.0;240.0;not far-right;;;;;
Bulgaria;Flawed democracy;2021-04-04;2021.0;Democrats for a Strong Bulgaria | Democratic Bulgaria;;;9.45;27.0;240.0;not far-right;;;;;
Bulgaria;Flawed democracy;2021-04-04;2021.0;Stand up!;;;4.72;14.0;240.0;not far-right;;;;;
Bulgaria;Flawed democracy;2021-04-04;2021.0;Republicans for Bulgaria;;;1.3;0.0;240.0;not far-right;;;;;
Bulgaria;Flawed democracy;2021-04-04;2021.0;Revival;Vazrazhdane;Vazrazhdane;2.45;0.0;240.0;far-right;1900.0;2100.0;1900.0;2100.0;1.0
Bulgaria;Flawed democracy;2021-04-04;2021.0;National Front for the Salvation of Bulgaria;Natsionalen Front za Spasenie na Balgariya;NFSB;2.37;0.0;240.0;far-right;1900.0;2100.0;1900.0;2100.0;0.0
Bulgaria;Flawed democracy;2021-04-04;2021.0;Bulgarian National Unification | Bulgarian Summer;;;2.95;0.0;240.0;not far-right;;;;;
Bulgaria;Flawed democracy;2021-04-04;2021.0;Bulgarian National Movement;Balgarsko Natsionalno Dvizhenie;VMRO;3.64;0.0;240.0;far-right;1900.0;2100.0;1900.0;2100.0;0.0
Cyprus;Flawed democracy;2021-05-30;2021.0;Democratic Rally;;;27.77;17.0;56.0;not far-right;;;;;
Cyprus;Flawed democracy;2021-05-30;2021.0;Progressive Party of Working People;Anorthotikó Kómma Ergazómenou Laoú;AKEL;22.34;15.0;56.0;not far-right;2100.0;2100.0;2100.0;2100.0;1.0
Cyprus;Flawed democracy;2021-05-30;2021.0;Democratic Party;;;11.29;9.0;56.0;not far-right;;;;;
Cyprus;Flawed democracy;2021-05-30;2021.0;National Popular Front;Ethniko Laiko Metopo;ELAM;6.78;4.0;56.0;far-right;1900.0;2100.0;1900.0;2100.0;1.0
Cyprus;Flawed democracy;2021-05-30;2021.0;Movement for Social Democracy EDEK;;;6.72;4.0;56.0;not far-right;;;;;
Cyprus;Flawed democracy;2021-05-30;2021.0;Democratic Alignment;;;6.1;4.0;56.0;not far-right;;;;;
Cyprus;Flawed democracy;2021-05-30;2021.0;Ecological and Environmental Movement;;;4.41;3.0;56.0;not far-right;;;;;
Cyprus;Flawed democracy;2021-05-30;2021.0;Animal Party Cyprus;;;1.0;0.0;56.0;not far-right;;;;;
Cyprus;Flawed democracy;2021-05-30;2021.0;Solidarity;Allilegii;Allilegii;2.31;0.0;56.0;far-right;1900.0;2100.0;2100.0;2100.0;0.0
Cyprus;Flawed democracy;2021-05-30;2021.0;Movement of Hunters;Movement of Hunters;Hunters;3.27;0.0;56.0;far-right;1900.0;2100.0;1900.0;2100.0;0.0
Cyprus;Flawed democracy;2021-05-30;2021.0;Independents Movement;;;2.82;0.0;56.0;not far-right;;;;;
Cyprus;Flawed democracy;2021-05-30;2021.0;Awakening 2020;;;1.35;0.0;56.0;not far-right;;;;;
Cyprus;Flawed democracy;2021-05-30;2021.0;Famagusta for Cyprus;;;1.56;;56.0;not far-right;;;;;
Cyprus;Flawed democracy;2021-05-30;2021.0;People's Breath;;;1.28;;56.0;not far-right;;;;;
Bulgaria;Flawed democracy;2021-07-11;2021.0;There Is Such a People;Ima Takav Narod;ITN;24.08;65.0;240.0;not far-right;2100.0;2100.0;2100.0;2100.0;1.0
Bulgaria;Flawed democracy;2021-07-11;2021.0;Citizens for European Development of Bulgaria;Grazhdani za Evropeysko Razvitie na Bulgariya;GERB;23.51;63.0;240.0;not far-right;2100.0;2100.0;2100.0;2100.0;1.0
Bulgaria;Flawed democracy;2021-07-11;2021.0;Coalition for Bulgaria | Democratic Left;;;13.39;36.0;240.0;not far-right;;;;;
Bulgaria;Flawed democracy;2021-07-11;2021.0;Democrats for a Strong Bulgaria | Democratic Bulgaria;;;12.64;34.0;240.0;not far-right;;;;;
Bulgaria;Flawed democracy;2021-07-11;2021.0;Movement for Rights and Freedoms;;;10.71;29.0;240.0;not far-right;;;;;
Bulgaria;Flawed democracy;2021-07-11;2021.0;Stand up!;;;5.01;13.0;240.0;not far-right;;;;;
Bulgaria;Flawed democracy;2021-07-11;2021.0;Revival;Vazrazhdane;Vazrazhdane;3.01;0.0;240.0;far-right;1900.0;2100.0;1900.0;2100.0;1.0
Bulgaria;Flawed democracy;2021-07-11;2021.0;Bulgarian National Unification | Bulgarian Summer;;;1.82;0.0;240.0;not far-right;;;;;
Bulgaria;Flawed democracy;2021-07-11;2021.0;Bulgarian National Movement;Balgarsko Natsionalno Dvizhenie;VMRO;3.1;0.0;240.0;far-right;1900.0;2100.0;1900.0;2100.0;0.0
Norway;Full democracy;2021-09-13;2021.0;Norwegian Labour Party;;;26.3;48.0;169.0;not far-right;;;;;
Norway;Full democracy;2021-09-13;2021.0;Conservative Party;;;20.4;36.0;169.0;not far-right;;;;;
Norway;Full democracy;2021-09-13;2021.0;Centre Party;Senterpartiet;Sp;13.5;28.0;169.0;not far-right;2100.0;2100.0;2100.0;2100.0;1.0
Norway;Full democracy;2021-09-13;2021.0;Progress Party;Fremskrittspartiet;FrP;11.6;21.0;169.0;far-right;1900.0;2100.0;2100.0;2100.0;1.0
Norway;Full democracy;2021-09-13;2021.0;Socialist Left Party;Sosialistisk Venstreparti;SV;7.6;13.0;169.0;not far-right;2100.0;2100.0;2100.0;2100.0;1.0
Norway;Full democracy;2021-09-13;2021.0;Red Electoral Alliance;;;4.7;8.0;169.0;not far-right;;;;;
Norway;Full democracy;2021-09-13;2021.0;Liberal Party of Norway;;;4.6;8.0;169.0;not far-right;;;;;
Norway;Full democracy;2021-09-13;2021.0;Green Party;;;3.9;3.0;169.0;not far-right;;;;;
Norway;Full democracy;2021-09-13;2021.0;Christian Democratic Party;;;3.8;3.0;169.0;not far-right;;;;;
Norway;Full democracy;2021-09-13;2021.0;Patient Focus;Pasientfokus;PF;0.2;1.0;169.0;not far-right;2100.0;2100.0;2100.0;2100.0;1.0
Norway;Full democracy;2021-09-13;2021.0;Democrats;;;1.1;0.0;169.0;not far-right;;;;;
Germany;Full democracy;2021-09-26;2021.0;Social Democratic Party of Germany;;;25.74;206.0;736.0;not far-right;;;;;
Germany;Full democracy;2021-09-26;2021.0;Christian Democratic Union;;;18.9;152.0;736.0;not far-right;;;;;
Germany;Full democracy;2021-09-26;2021.0;Alliance 90 / Greens;;;14.75;118.0;736.0;not far-right;;;;;
Germany;Full democracy;2021-09-26;2021.0;Free Democratic Party;;;11.46;92.0;736.0;not far-right;;;;;
Germany;Full democracy;2021-09-26;2021.0;Alternative for Germany;Alternative für Deutschland;AfD;10.34;83.0;736.0;far-right;2015.0;2100.0;2015.0;2100.0;1.0
Germany;Full democracy;2021-09-26;2021.0;Christian Social Union;;;5.17;45.0;736.0;not far-right;;;;;
Germany;Full democracy;2021-09-26;2021.0;PDS | The Left;;;4.89;39.0;736.0;not far-right;;;;;
Germany;Full democracy;2021-09-26;2021.0;South Schleswig Voter League;;;0.12;1.0;736.0;not far-right;;;;;
Germany;Full democracy;2021-09-26;2021.0;Free Voters;;;2.43;0.0;736.0;not far-right;;;;;
Germany;Full democracy;2021-09-26;2021.0;The PARTY;;;0.99;0.0;736.0;not far-right;;;;;
Germany;Full democracy;2021-09-26;2021.0;Grassroots Democratic Party of Germany;;;1.36;0.0;736.0;not far-right;;;;;
Germany;Full democracy;2021-09-26;2021.0;Animal Protection Party;;;1.45;0.0;736.0;not far-right;;;;;
Czech Republic;Full democracy;2021-10-09;2021.0;Action of Dissatisfied Citizens 2011;;;27.13;72.0;200.0;not far-right;;;;;
Czech Republic;Full democracy;2021-10-09;2021.0;Civic Democratic Party;;;27.79;71.0;200.0;not far-right;;;;;
Czech Republic;Full democracy;2021-10-09;2021.0;Mayors and Independents;;;15.62;37.0;200.0;not far-right;;;;;
Czech Republic;Full democracy;2021-10-09;2021.0;Freedom and Direct Democracy;Svoboda a prímá demokracie;SPD;9.56;20.0;200.0;far-right;1900.0;2100.0;1900.0;2100.0;1.0
Czech Republic;Full democracy;2021-10-09;2021.0;Czech Social Democratic Party;;;4.66;0.0;200.0;not far-right;;;;;
Czech Republic;Full democracy;2021-10-09;2021.0;Communist Party of Bohemia and Moravia;Komunistická strana Cech a Moravy;KSCM;3.61;0.0;200.0;not far-right;2100.0;2100.0;2100.0;2100.0;0.0
Czech Republic;Full democracy;2021-10-09;2021.0;Oath;Prisaha;Prisaha;4.68;0.0;200.0;not far-right;2100.0;2100.0;2100.0;2100.0;0.0
Czech Republic;Full democracy;2021-10-09;2021.0;Free Bloc;Volný Blok;VB;1.33;0.0;200.0;far-right;1900.0;2100.0;1900.0;2100.0;0.0
Czech Republic;Full democracy;2021-10-09;2021.0;Tricolour Citizens' Movement;;;2.76;0.0;200.0;not far-right;;;;;
Czech Republic;Full democracy;2021-10-09;2021.0;Green Party;;;0.99;0.0;200.0;not far-right;;;;;
Bulgaria;Flawed democracy;2021-11-14;2021.0;We Continue the Change;;;25.67;67.0;240.0;not far-right;;;;;
Bulgaria;Flawed democracy;2021-11-14;2021.0;Citizens for European Development of Bulgaria;Grazhdani za Evropeysko Razvitie na Bulgariya;GERB;22.74;59.0;240.0;not far-right;2100.0;2100.0;2100.0;2100.0;1.0
Bulgaria;Flawed democracy;2021-11-14;2021.0;Movement for Rights and Freedoms;;;13.0;34.0;240.0;not far-right;;;;;
Bulgaria;Flawed democracy;2021-11-14;2021.0;Coalition for Bulgaria | Democratic Left;;;10.21;26.0;240.0;not far-right;;;;;
Bulgaria;Flawed democracy;2021-11-14;2021.0;There Is Such a People;Ima Takav Narod;ITN;9.52;25.0;240.0;not far-right;2100.0;2100.0;2100.0;2100.0;1.0
Bulgaria;Flawed democracy;2021-11-14;2021.0;Democrats for a Strong Bulgaria | Democratic Bulgaria;;;6.28;16.0;240.0;not far-right;;;;;
Bulgaria;Flawed democracy;2021-11-14;2021.0;Revival;Vazrazhdane;Vazrazhdane;4.86;13.0;240.0;far-right;1900.0;2100.0;1900.0;2100.0;1.0
Bulgaria;Flawed democracy;2021-11-14;2021.0;Stand up!;;;2.29;0.0;240.0;not far-right;;;;;
Bulgaria;Flawed democracy;2021-11-14;2021.0;Bulgarian National Movement;Balgarsko Natsionalno Dvizhenie;VMRO;1.08;0.0;240.0;far-right;1900.0;2100.0;1900.0;2100.0;0.0
Portugal;Full democracy;2022-01-30;2022.0;Socialist Party (Netherlands);;;42.5;120.0;230.0;not far-right;;;;;
Portugal;Full democracy;2022-01-30;2022.0;Social Democratic Party;;;28.41;72.0;230.0;not far-right;;;;;
Portugal;Full democracy;2022-01-30;2022.0;Enough;Chega;Chega;7.38;12.0;230.0;far-right;1900.0;2100.0;1900.0;2100.0;1.0
Portugal;Full democracy;2022-01-30;2022.0;Liberal Initiative;;;5.05;8.0;230.0;not far-right;;;;;
Portugal;Full democracy;2022-01-30;2022.0;Portuguese Communist Party;Partido Comunista Português;PCP;4.41;6.0;230.0;not far-right;2100.0;2100.0;2100.0;2100.0;1.0
Portugal;Full democracy;2022-01-30;2022.0;Bloc of the Left;;;4.52;5.0;230.0;not far-right;;;;;
Portugal;Full democracy;2022-01-30;2022.0;Democratic and Social Centre -- People's Party;;;1.65;3.0;230.0;not far-right;;;;;
Portugal;Full democracy;2022-01-30;2022.0;Popular Monarchist Party;;;0.51;2.0;230.0;not far-right;;;;;
Portugal;Full democracy;2022-01-30;2022.0;Livre;;;1.31;1.0;230.0;not far-right;;;;;
Portugal;Full democracy;2022-01-30;2022.0;Party for Animals and Nature;;;1.63;1.0;230.0;not far-right;;;;;
Portugal;Full democracy;2022-01-30;2022.0;no seat;;;0.43;0.0;230.0;not far-right;;;;;
Malta;Flawed democracy;2022-03-26;2022.0;Malta Labour Party;;;55.11;44.0;79.0;not far-right;;;;;
Malta;Flawed democracy;2022-03-26;2022.0;Nationalist Party;;;41.74;35.0;79.0;not far-right;;;;;
Malta;Flawed democracy;2022-03-26;2022.0;ADPD – The Green Party;;;1.61;0.0;79.0;not far-right;;;;;
Hungary;Flawed democracy;1998-05-24;1998.0;no party affiliation;;;2.3;1.0;386.0;not far-right;;;;;
Hungary;Flawed democracy;2010-04-25;2010.0;no party affiliation;;;;1.0;386.0;not far-right;;;;;
Hungary;Flawed democracy;2022-04-03;2022.0;no party affiliation;;;;1.0;199.0;not far-right;;;;;
Hungary;Flawed democracy;2006-04-09;2006.0;one seat;;;;1.0;386.0;not far-right;;;;;
Hungary;Flawed democracy;2014-04-06;2014.0;one seat;;;;1.0;199.0;not far-right;;;;;
Hungary;Flawed democracy;2022-04-03;2022.0;Our Homeland Movement;Mi Hazánk Mozgalom;MHM;5.88;6.0;199.0;far-right;1900.0;2100.0;1900.0;2100.0;1.0
Hungary;Flawed democracy;2026-04-12;2026.0;Our Homeland Movement;Mi Hazánk Mozgalom;MHM;5.63;6.0;199.0;far-right;1900.0;2100.0;1900.0;2100.0;1.0
Hungary;Flawed democracy;1990-04-08;1990.0;Patriotic Elections Coalition;;;1.9;0.0;386.0;not far-right;;;;;
Hungary;Flawed democracy;2010-04-25;2010.0;Politics Can Be Different;;;7.48;16.0;386.0;not far-right;;;;;
Hungary;Flawed democracy;2014-04-06;2014.0;Politics Can Be Different;;;5.34;5.0;199.0;not far-right;;;;;
Hungary;Flawed democracy;2018-04-08;2018.0;Politics Can Be Different;;;7.06;8.0;199.0;not far-right;;;;;
Hungary;Flawed democracy;2022-04-03;2022.0;Politics Can Be Different;;;;5.0;199.0;not far-right;;;;;
Hungary;Flawed democracy;1994-05-29;1994.0;Republican Party;;;2.55;0.0;386.0;not far-right;;;;;
Hungary;Flawed democracy;2026-04-12;2026.0;Respect and Freedom Party;;;53.18;141.0;199.0;not far-right;;;;;
Slovenia;Flawed democracy;2022-04-22;2022.0;Freedom Movement;;;34.45;41.0;90.0;not far-right;;;;;
Slovenia;Flawed democracy;2022-04-22;2022.0;Slovenian Democratic Party;Slovenska Demokratska Stranka;SDS;23.48;27.0;90.0;far-right;2015.0;2100.0;2015.0;2100.0;1.0
Slovenia;Flawed democracy;2022-04-22;2022.0;New Slovenia – Christian Democrats;Nova Slovenija – Krščanski Demokrati;N.Si;6.86;8.0;90.0;far-right;1900.0;2100.0;1900.0;2100.0;1.0
Slovenia;Flawed democracy;2022-04-22;2022.0;United List -- Social Democrats;;;6.69;7.0;90.0;not far-right;;;;;
Slovenia;Flawed democracy;2022-04-22;2022.0;The Left;;;4.46;5.0;90.0;not far-right;;;;;
Slovenia;Flawed democracy;2022-04-22;2022.0;Italian national community;;;;1.0;90.0;not far-right;;;;;
Slovenia;Flawed democracy;2022-04-22;2022.0;Hungarian national community;;;;1.0;90.0;not far-right;;;;;
Slovenia;Flawed democracy;2022-04-22;2022.0;List of Marjan Sarec;Lista Marjana Šarca;LMS;3.72;0.0;90.0;not far-right;2100.0;2100.0;2100.0;2100.0;0.0
Slovenia;Flawed democracy;2022-04-22;2022.0;Vesna – the Green Party;;;1.35;0.0;90.0;not far-right;;;;;
Slovenia;Flawed democracy;2022-04-22;2022.0;Slovenian National Party;Slovenska Nacionalna Stranka;SNS;1.49;0.0;90.0;far-right;1900.0;2100.0;1900.0;2100.0;0.0
Slovenia;Flawed democracy;2022-04-22;2022.0;Our Country;;;1.5;0.0;90.0;not far-right;;;;;
Slovenia;Flawed democracy;2022-04-22;2022.0;Slovenian Pirate Party;;;1.63;0.0;90.0;not far-right;;;;;
Slovenia;Flawed democracy;2022-04-22;2022.0;Good Country;;;1.7;0.0;90.0;not far-right;;;;;
Slovenia;Flawed democracy;2022-04-22;2022.0;Slovenian People's Party;;;3.72;0.0;90.0;not far-right;;;;;
Slovenia;Flawed democracy;2022-04-22;2022.0;Resni.ca;;;2.86;0.0;90.0;not far-right;;;;;
Slovenia;Flawed democracy;2022-04-22;2022.0;Alliance of Alenka Bratusek;;;2.61;0.0;90.0;not far-right;;;;;
Slovenia;Flawed democracy;2022-04-22;2022.0;Healthy Society Movement;;;1.76;0.0;90.0;not far-right;;;;;
France;Flawed democracy;2022-06-19;2022.0;The Republic Onwards! | Renaissance;;;25.75;245.0;577.0;not far-right;;;;;
France;Flawed democracy;2022-06-19;2022.0;Unbowed France;;;25.66;131.0;577.0;not far-right;;;;;
France;Flawed democracy;2022-06-19;2022.0;National Front / Rally;Front National / Rassemblement National;FN / RN;18.68;89.0;577.0;far-right;1900.0;2100.0;1900.0;2100.0;1.0
France;Flawed democracy;2022-06-19;2022.0;Union for a Popular Movement | The Republicans;;;10.42;61.0;577.0;not far-right;;;;;
France;Flawed democracy;2022-06-19;2022.0;other left;;;3.14;22.0;577.0;not far-right;;;;;
France;Flawed democracy;2022-06-19;2022.0;other right;;;2.33;10.0;577.0;not far-right;;;;;
France;Flawed democracy;2022-06-19;2022.0;no party affiliation;;;1.28;10.0;577.0;not far-right;;;;;
France;Flawed democracy;2022-06-19;2022.0;other centre;;;1.25;4.0;577.0;not far-right;;;;;
France;Flawed democracy;2022-06-19;2022.0;Union of Democrats and Independents;;;0.87;3.0;577.0;not far-right;;;;;
France;Flawed democracy;2022-06-19;2022.0;others;;;0.85;1.0;577.0;not far-right;;;;;
France;Flawed democracy;2022-06-19;2022.0;one seat;;;0.9;1.0;577.0;not far-right;;;;;
France;Flawed democracy;2022-06-19;2022.0;other far-left;;;1.17;0.0;577.0;not far-right;;;;;
France;Flawed democracy;2022-06-19;2022.0;Ecologist Party;;;2.67;0.0;577.0;not far-right;;;;;
France;Flawed democracy;2022-06-19;2022.0;Reconquest;Reconquete;Reconquete;4.24;0.0;577.0;far-right;1900.0;2100.0;1900.0;2100.0;0.0
Sweden;Full democracy;2022-09-11;2022.0;Social Democrats;;;30.33;107.0;349.0;not far-right;;;;;
Sweden;Full democracy;2022-09-11;2022.0;Sweden Democrats;Sverigedemokraterna;SD;20.54;73.0;349.0;far-right;1900.0;2100.0;1900.0;2100.0;1.0
Sweden;Full democracy;2022-09-11;2022.0;Moderate Party;;;19.1;68.0;349.0;not far-right;;;;;
Sweden;Full democracy;2022-09-11;2022.0;Centre Party;;;6.71;24.0;349.0;not far-right;;;;;
Sweden;Full democracy;2022-09-11;2022.0;Left Party;Vänsterpartiet;V;6.75;24.0;349.0;not far-right;2100.0;2100.0;2100.0;2100.0;1.0
Sweden;Full democracy;2022-09-11;2022.0;Christian Democrats;;;5.34;19.0;349.0;not far-right;;;;;
Sweden;Full democracy;2022-09-11;2022.0;Greens;;;5.08;18.0;349.0;not far-right;;;;;
Sweden;Full democracy;2022-09-11;2022.0;People's Party;;;4.61;16.0;349.0;not far-right;;;;;
Sweden;Full democracy;2022-09-11;2022.0;no seat;;;0.44;0.0;349.0;not far-right;;;;;
Italy;Flawed democracy;2022-09-25;2022.0;Brothers of Italy;Fratelli d'Italia;FdI;26.0;118.0;400.0;far-right;1900.0;2100.0;1900.0;2100.0;1.0
Italy;Flawed democracy;2022-09-25;2022.0;Democratic Party;;;19.07;69.0;400.0;not far-right;;;;;
Italy;Flawed democracy;2022-09-25;2022.0;(Northern) League;Lega (Nord);Lega;8.77;66.0;400.0;far-right;1900.0;2100.0;1900.0;2100.0;1.0
Italy;Flawed democracy;2022-09-25;2022.0;Five Star Movement;Movimento 5 Stelle;M5S;15.43;52.0;400.0;not far-right;2100.0;2100.0;2100.0;2100.0;1.0
Italy;Flawed democracy;2022-09-25;2022.0;Go Italy -- The People of Freedom;;;8.11;44.0;400.0;not far-right;;;;;
Italy;Flawed democracy;2022-09-25;2022.0;Italy Alive;;;7.79;21.0;400.0;not far-right;;;;;
Italy;Flawed democracy;2022-09-25;2022.0;Italian Democratic Socialists | Party;;;3.63;11.0;400.0;not far-right;;;;;
Italy;Flawed democracy;2022-09-25;2022.0;Union / Centre;;;0.91;9.0;400.0;not far-right;;;;;
Italy;Flawed democracy;2022-09-25;2022.0;More Europe;;;2.83;3.0;400.0;not far-right;;;;;
Italy;Flawed democracy;2022-09-25;2022.0;South Tyrol Peoples Party;;;0.42;3.0;400.0;not far-right;;;;;
Italy;Flawed democracy;2022-09-25;2022.0;others;;;;3.0;400.0;not far-right;;;;;
Italy;Flawed democracy;2022-09-25;2022.0;one seat;;;0.76;1.0;400.0;not far-right;;;;;
Italy;Flawed democracy;2022-09-25;2022.0;Italexit for Italy;;;1.9;0.0;400.0;not far-right;;;;;
Italy;Flawed democracy;2022-09-25;2022.0;Sovereign and Popular Italy;;;1.24;0.0;400.0;not far-right;;;;;
Italy;Flawed democracy;2022-09-25;2022.0;Communist Refoundation Party;Partito della Rifondazione Comunista;PRC;1.43;0.0;400.0;not far-right;2100.0;2100.0;2100.0;2100.0;0.0
Latvia;Flawed democracy;2022-10-01;2022.0;Unity;;;18.97;26.0;100.0;not far-right;;;;;
Latvia;Flawed democracy;2022-10-01;2022.0;Green and Farmers' Union;;;12.44;16.0;100.0;not far-right;;;;;
Latvia;Flawed democracy;2022-10-01;2022.0;Latvian Green Party;;;11.01;15.0;100.0;not far-right;;;;;
Latvia;Flawed democracy;2022-10-01;2022.0;National Alliance;Nacionālā Apvienība;;9.29;13.0;100.0;far-right;1900.0;2100.0;1900.0;2100.0;1.0
Latvia;Flawed democracy;2022-10-01;2022.0;For Stability!;Stabilitāte!;ST!;6.8;11.0;100.0;not far-right;2100.0;2100.0;2100.0;2100.0;1.0
Latvia;Flawed democracy;2022-10-01;2022.0;The Progressive;;;6.16;10.0;100.0;not far-right;;;;;
Latvia;Flawed democracy;2022-10-01;2022.0;Latvia First;Latvija Pirmajā Vietā;LPV;6.24;9.0;100.0;not far-right;2100.0;2100.0;2100.0;2100.0;1.0
Latvia;Flawed democracy;2022-10-01;2022.0;For Human Rights in a United Latvia;;;3.63;0.0;100.0;not far-right;;;;;
Latvia;Flawed democracy;2022-10-01;2022.0;Harmony;;;4.81;0.0;100.0;not far-right;;;;;
Latvia;Flawed democracy;2022-10-01;2022.0;Republic;;;1.76;0.0;100.0;not far-right;;;;;
Latvia;Flawed democracy;2022-10-01;2022.0;Development/For!;;;4.97;0.0;100.0;not far-right;;;;;
Latvia;Flawed democracy;2022-10-01;2022.0;New Conservative Party;;;3.09;0.0;100.0;not far-right;;;;;
Latvia;Flawed democracy;2022-10-01;2022.0;For Each and Every One;Katram un Katrai;KuK;3.67;0.0;100.0;not far-right;2100.0;2100.0;2100.0;2100.0;0.0
Latvia;Flawed democracy;2022-10-01;2022.0;People's Servants for Latvia;;;1.0;0.0;100.0;not far-right;;;;;
Latvia;Flawed democracy;2022-10-01;2022.0;Sovereign Power;Suverēnā Vara;SV;3.24;0.0;100.0;not far-right;2100.0;2100.0;2100.0;2100.0;0.0
Latvia;Flawed democracy;2022-10-01;2022.0;Power of the People;;;1.13;0.0;100.0;not far-right;;;;;
Bulgaria;Flawed democracy;2022-10-02;2022.0;Citizens for European Development of Bulgaria;Grazhdani za Evropeysko Razvitie na Bulgariya;GERB;25.33;67.0;240.0;not far-right;2100.0;2100.0;2100.0;2100.0;1.0
Bulgaria;Flawed democracy;2022-10-02;2022.0;We Continue the Change;;;20.2;53.0;240.0;not far-right;;;;;
Bulgaria;Flawed democracy;2022-10-02;2022.0;Movement for Rights and Freedoms;;;13.75;36.0;240.0;not far-right;;;;;
Bulgaria;Flawed democracy;2022-10-02;2022.0;Revival;Vazrazhdane;Vazrazhdane;10.18;27.0;240.0;far-right;1900.0;2100.0;1900.0;2100.0;1.0
Bulgaria;Flawed democracy;2022-10-02;2022.0;Bulgarian Socialist Party;Balgarska Sotsialisticheska Partiya;BSP;9.3;25.0;240.0;far-right;1900.0;2100.0;2100.0;2100.0;0.0
Bulgaria;Flawed democracy;2022-10-02;2022.0;Yes, Bulgaria!;;;7.45;20.0;240.0;not far-right;;;;;
Bulgaria;Flawed democracy;2022-10-02;2022.0;Bulgarian Rise;Bulgarski Vazhod;BV;4.63;12.0;240.0;far-right;1900.0;2100.0;2100.0;2100.0;0.0
Bulgaria;Flawed democracy;2022-10-02;2022.0;There Is Such a People;Ima Takav Narod;ITN;3.83;0.0;240.0;not far-right;2100.0;2100.0;2100.0;2100.0;1.0
Bulgaria;Flawed democracy;2022-10-02;2022.0;Stand up!;;;1.01;0.0;240.0;not far-right;;;;;
Denmark;Full democracy;2022-11-01;2022.0;Social Democrats;;;27.5;50.0;179.0;not far-right;;;;;
Denmark;Full democracy;2022-11-01;2022.0;Liberal Party;;;13.3;23.0;179.0;not far-right;;;;;
Denmark;Full democracy;2022-11-01;2022.0;Moderates;;;9.3;16.0;179.0;not far-right;;;;;
Denmark;Full democracy;2022-11-01;2022.0;Socialist People's Party;Socialistisk Folkeparti;SF;8.3;15.0;179.0;not far-right;2100.0;2100.0;2100.0;2100.0;1.0
Denmark;Full democracy;2022-11-01;2022.0;New-Liberal Alliance;;;7.9;14.0;179.0;not far-right;;;;;
Denmark;Full democracy;2022-11-01;2022.0;Denmark Democrats;Danmarksdemokraterne;DD;8.1;14.0;179.0;far-right;1900.0;2100.0;1900.0;2100.0;1.0
Denmark;Full democracy;2022-11-01;2022.0;Conservatives;;;5.5;10.0;179.0;not far-right;;;;;
Denmark;Full democracy;2022-11-01;2022.0;Red-Green Alliance;Enhedslisten – De Rød-Grønne;En-O;5.1;9.0;179.0;not far-right;2100.0;2100.0;2100.0;2100.0;1.0
Denmark;Full democracy;2022-11-01;2022.0;Danish Social Liberal Party;;;3.8;7.0;179.0;not far-right;;;;;
Denmark;Full democracy;2022-11-01;2022.0;The New Right;Nye Borgerlige;NB;3.7;6.0;179.0;far-right;1900.0;2100.0;1900.0;2100.0;0.0
Denmark;Full democracy;2022-11-01;2022.0;The Alternative;;;3.3;6.0;179.0;not far-right;;;;;
Denmark;Full democracy;2022-11-01;2022.0;Danish People's Party;Dansk Folkeparti;DF;2.6;5.0;179.0;far-right;1900.0;2100.0;1900.0;2100.0;1.0
Denmark;Full democracy;2022-11-01;2022.0;Community of the People (Greenland);;;;1.0;179.0;not far-right;;;;;
Denmark;Full democracy;2022-11-01;2022.0;Forward (Greenland);;;;1.0;179.0;not far-right;;;;;
Denmark;Full democracy;2022-11-01;2022.0;Union Party (Faroe Islands);;;;1.0;179.0;not far-right;;;;;
Denmark;Full democracy;2022-11-01;2022.0;Social Democratic Party (Faroe Islands);;;;1.0;179.0;not far-right;;;;;
Denmark;Full democracy;2022-11-01;2022.0;no seat;;;0.9;0.0;179.0;not far-right;;;;;
Estonia;Full democracy;2023-03-05;2023.0;Estonian Reform Party;;;31.2;37.0;101.0;not far-right;;;;;
Estonia;Full democracy;2023-03-05;2023.0;Conservative People’s Party of Estonia;Eesti Konservatiivne Rahvaerakond;EKRE;16.1;17.0;101.0;far-right;1900.0;2100.0;1900.0;2100.0;1.0
Estonia;Full democracy;2023-03-05;2023.0;Estonian Centre Party;Eesti Keskerakond;EK;15.3;16.0;101.0;not far-right;2100.0;2100.0;2100.0;2100.0;1.0
Estonia;Full democracy;2023-03-05;2023.0;Estonia 200;;;13.3;14.0;101.0;not far-right;;;;;
Estonia;Full democracy;2023-03-05;2023.0;Social Democratic Party | Moderates;;;9.3;9.0;101.0;not far-right;;;;;
Estonia;Full democracy;2023-03-05;2023.0;Pro Patria and Res Publica Union;;;8.2;8.0;101.0;not far-right;;;;;
Estonia;Full democracy;2023-03-05;2023.0;Estonian Greens;;;1.0;0.0;101.0;not far-right;;;;;
Estonia;Full democracy;2023-03-05;2023.0;Estonian United Left Party;;;2.4;0.0;101.0;not far-right;;;;;
Estonia;Full democracy;2023-03-05;2023.0;the Right;;;2.3;0.0;101.0;not far-right;;;;;
Bulgaria;Flawed democracy;2023-04-02;2023.0;Citizens for European Development of Bulgaria;Grazhdani za Evropeysko Razvitie na Bulgariya;GERB;25.39;69.0;240.0;not far-right;2100.0;2100.0;2100.0;2100.0;1.0
Bulgaria;Flawed democracy;2023-04-02;2023.0;We Continue the Change;;;23.54;64.0;240.0;not far-right;;;;;
Bulgaria;Flawed democracy;2023-04-02;2023.0;Revival;Vazrazhdane;Vazrazhdane;13.58;37.0;240.0;far-right;1900.0;2100.0;1900.0;2100.0;1.0
Bulgaria;Flawed democracy;2023-04-02;2023.0;Movement for Rights and Freedoms;;;13.18;36.0;240.0;not far-right;;;;;
Bulgaria;Flawed democracy;2023-04-02;2023.0;Bulgarian Socialist Party;Balgarska Sotsialisticheska Partiya;BSP;8.56;23.0;240.0;far-right;1900.0;2100.0;2100.0;2100.0;0.0
Bulgaria;Flawed democracy;2023-04-02;2023.0;There Is Such a People;Ima Takav Narod;ITN;3.94;11.0;240.0;not far-right;2100.0;2100.0;2100.0;2100.0;1.0
Bulgaria;Flawed democracy;2023-04-02;2023.0;Bulgarian Rise;Bulgarski Vazhod;BV;2.93;0.0;240.0;far-right;1900.0;2100.0;2100.0;2100.0;0.0
Bulgaria;Flawed democracy;2023-04-02;2023.0;Stand up!;;;2.14;0.0;240.0;not far-right;;;;;
Finland;Full democracy;2023-04-02;2023.0;National Coalition Party;;;20.8;48.0;200.0;not far-right;;;;;
Finland;Full democracy;2023-04-02;2023.0;Finns Party;Suomen Maaseudun Puolue | Perussuomalaiset;PS;20.1;46.0;200.0;far-right;1900.0;2100.0;2017.0;2100.0;1.0
Finland;Full democracy;2023-04-02;2023.0;Social Democratic Party of Finland;;;19.9;43.0;200.0;not far-right;;;;;
Finland;Full democracy;2023-04-02;2023.0;Centre Party;;;11.3;23.0;200.0;not far-right;;;;;
Finland;Full democracy;2023-04-02;2023.0;Green League;;;7.0;13.0;200.0;not far-right;;;;;
Finland;Full democracy;2023-04-02;2023.0;Left Alliance;Demokraattinen Liitto | Vasemmistoliitto;VAS;7.1;11.0;200.0;not far-right;2100.0;2100.0;2100.0;2100.0;1.0
Finland;Full democracy;2023-04-02;2023.0;Swedish People's Party;;;4.3;9.0;200.0;not far-right;;;;;
Finland;Full democracy;2023-04-02;2023.0;Christian Democrats;;;4.2;5.0;200.0;not far-right;;;;;
Finland;Full democracy;2023-04-02;2023.0;Movement Now;Liike Nyt;Liik;2.4;1.0;200.0;not far-right;2100.0;2100.0;2100.0;2100.0;1.0
Finland;Full democracy;2023-04-02;2023.0;Aland Coalition;;;0.37;1.0;200.0;not far-right;;;;;
Finland;Full democracy;2023-04-02;2023.0;no seat;;;0.5;0.0;200.0;not far-right;;;;;
Greece;Full democracy;2023-05-21;2023.0;New Democracy;;;40.8;146.0;300.0;not far-right;;;;;
Greece;Full democracy;2023-05-21;2023.0;Coalition of the Radical Left;;;20.7;71.0;300.0;not far-right;;;;;
Greece;Full democracy;2023-05-21;2023.0;Panhellenic Socialist Movement;;;11.5;41.0;300.0;not far-right;;;;;
Greece;Full democracy;2023-05-21;2023.0;Communist Party of Greece;;;7.2;26.0;300.0;not far-right;;;;;
Greece;Full democracy;2023-05-21;2023.0;Greek Solution;Elliniki Lisi;EL;4.45;16.0;300.0;far-right;1900.0;2100.0;1900.0;2100.0;1.0
Greece;Full democracy;2023-05-21;2023.0;Popular Unity | Course of Freedom;;;2.9;0.0;300.0;not far-right;;;;;
Greece;Full democracy;2023-05-21;2023.0;European Realistic Disobedience Front;European Realistic Disobedience Front;MeRa25;2.63;0.0;300.0;not far-right;2100.0;2100.0;2100.0;2100.0;0.0
Greece;Full democracy;2023-05-21;2023.0;Democratic Patriotic Movement 'Victory';;;2.9;0.0;300.0;not far-right;;;;;
Greece;Full democracy;2023-06-25;2023.0;New Democracy;;;40.56;158.0;300.0;not far-right;;;;;
Greece;Full democracy;2023-06-25;2023.0;Coalition of the Radical Left;;;17.83;47.0;300.0;not far-right;;;;;
Greece;Full democracy;2023-06-25;2023.0;Panhellenic Socialist Movement;;;11.84;32.0;300.0;not far-right;;;;;
Greece;Full democracy;2023-06-25;2023.0;Communist Party of Greece;;;7.69;21.0;300.0;not far-right;;;;;
Greece;Full democracy;2023-06-25;2023.0;Spartans;Σπαρτιάτες;Spartans;4.68;12.0;300.0;far-right;1900.0;2100.0;1900.0;2100.0;0.0
Greece;Full democracy;2023-06-25;2023.0;Greek Solution;Elliniki Lisi;EL;4.44;12.0;300.0;far-right;1900.0;2100.0;1900.0;2100.0;1.0
Greece;Full democracy;2023-06-25;2023.0;Democratic Patriotic Movement 'Victory';;;3.7;10.0;300.0;not far-right;;;;;
Greece;Full democracy;2023-06-25;2023.0;Popular Unity | Course of Freedom;;;3.17;8.0;300.0;not far-right;;;;;
Greece;Full democracy;2023-06-25;2023.0;European Realistic Disobedience Front;European Realistic Disobedience Front;MeRa25;2.5;0.0;300.0;not far-right;2100.0;2100.0;2100.0;2100.0;0.0
Spain;Full democracy;2023-07-23;2023.0;People's Party;;;33.06;137.0;350.0;not far-right;;;;;
Spain;Full democracy;2023-07-23;2023.0;Spanish Socialist Workers' Party;;;31.68;121.0;350.0;not far-right;;;;;
Spain;Full democracy;2023-07-23;2023.0;Vox;;;12.38;33.0;350.0;not far-right;;;;;
Spain;Full democracy;2023-07-23;2023.0;Unite;Sumar;SMR;12.33;31.0;350.0;not far-right;2100.0;2100.0;2100.0;2100.0;1.0
Spain;Full democracy;2023-07-23;2023.0;Republican Left of Catalonia;;;1.89;7.0;350.0;not far-right;;;;;
Spain;Full democracy;2023-07-23;2023.0;Together for Catalonia;;;1.6;7.0;350.0;not far-right;;;;;
Spain;Full democracy;2023-07-23;2023.0;Basque Country Gather;;;1.36;6.0;350.0;not far-right;;;;;
Spain;Full democracy;2023-07-23;2023.0;Basque Nationalist Party;;;1.12;5.0;350.0;not far-right;;;;;
Spain;Full democracy;2023-07-23;2023.0;Galician Nationalist Bloc;Bloque Nacionalista Galego;BNG;0.62;1.0;350.0;not far-right;2100.0;2100.0;2100.0;2100.0;1.0
Spain;Full democracy;2023-07-23;2023.0;Canarian Coalition;;;0.47;1.0;350.0;not far-right;;;;;
Spain;Full democracy;2023-07-23;2023.0;Navarrese People's Union;;;0.21;1.0;350.0;not far-right;;;;;
Slovakia;Flawed democracy;2023-09-30;2023.0;Direction – Social Democracy;;;22.95;42.0;150.0;not far-right;;;;;
Slovakia;Flawed democracy;2023-09-30;2023.0;Progressive Slovakia;;;17.96;32.0;150.0;not far-right;;;;;
Slovakia;Flawed democracy;2023-09-30;2023.0;Voice – Social Democracy;;;14.7;27.0;150.0;not far-right;;;;;
Slovakia;Flawed democracy;2023-09-30;2023.0;OĽaNO and Friends;;;8.9;16.0;150.0;not far-right;;;;;
Slovakia;Flawed democracy;2023-09-30;2023.0;Christian Democratic Movement;;;6.82;12.0;150.0;not far-right;;;;;
Slovakia;Flawed democracy;2023-09-30;2023.0;Freedom and Solidarity;;;6.32;11.0;150.0;not far-right;;;;;
Slovakia;Flawed democracy;2023-09-30;2023.0;Slovak National Party;Slovenská Národná Strana;SNS;5.63;10.0;150.0;far-right;1900.0;2100.0;1900.0;2100.0;1.0
Luxembourg;Full democracy;2023-10-08;2023.0;Christian Social People's Party;;;29.22;21.0;60.0;not far-right;;;;;
Luxembourg;Full democracy;2023-10-08;2023.0;Luxembourg Socialist Workers' Party;;;18.92;11.0;60.0;not far-right;;;;;
Luxembourg;Full democracy;2023-10-08;2023.0;Democratic Party;;;18.7;14.0;60.0;not far-right;;;;;
Luxembourg;Full democracy;2023-10-08;2023.0;Alternative Democratic Reform Party;Alternativ Demokratesch Reformpartei;ADR;9.27;5.0;60.0;far-right;2022.0;2100.0;2100.0;2100.0;1.0
Luxembourg;Full democracy;2023-10-08;2023.0;The Greens;;;8.55;4.0;60.0;not far-right;;;;;
Luxembourg;Full democracy;2023-10-08;2023.0;Pirate Party Luxembourg;;;6.74;3.0;60.0;not far-right;;;;;
Luxembourg;Full democracy;2023-10-08;2023.0;The Left;Déi Lénk ;Dei Lenk;3.93;2.0;60.0;not far-right;2100.0;2100.0;2100.0;2100.0;1.0
Poland;Flawed democracy;2023-10-15;2023.0;United Right;;;35.39;194.0;460.0;not far-right;;;;;
Poland;Flawed democracy;2023-10-15;2023.0;Civic Coalition;;;30.7;157.0;460.0;not far-right;;;;;
Poland;Flawed democracy;2023-10-15;2023.0;Third Way;;;14.41;65.0;460.0;not far-right;;;;;
Poland;Flawed democracy;2023-10-15;2023.0;The Left;;;8.61;26.0;460.0;not far-right;;;;;
Poland;Flawed democracy;2023-10-15;2023.0;Confederation Freedom and Independence;Konfederacja Wolność i Niepodległość;Konfederacja;7.17;18.0;460.0;far-right;1900.0;2100.0;1900.0;2100.0;1.0
Netherlands;Full democracy;2023-11-22;2023.0;Party for Freedom;Partij voor de Vrijheid;PVV;23.49;37.0;150.0;far-right;1900.0;2100.0;1900.0;2100.0;1.0
Netherlands;Full democracy;2023-11-22;2023.0;Green Left - Labour Party;;;15.75;25.0;150.0;not far-right;;;;;
Netherlands;Full democracy;2023-11-22;2023.0;People's Party for Freedom and Democracy;;;15.24;24.0;150.0;not far-right;;;;;
Netherlands;Full democracy;2023-11-22;2023.0;New Social Contract;;;12.88;20.0;150.0;not far-right;;;;;
Netherlands;Full democracy;2023-11-22;2023.0;Democrats 66;;;6.29;9.0;150.0;not far-right;;;;;
Netherlands;Full democracy;2023-11-22;2023.0;Farmer–Citizen Movement;BoerBurgerBeweging;BBB;4.65;7.0;150.0;far-right;1900.0;2100.0;2100.0;2100.0;1.0
Netherlands;Full democracy;2023-11-22;2023.0;Christian Democratic Appeal;;;3.31;5.0;150.0;not far-right;;;;;
Netherlands;Full democracy;2023-11-22;2023.0;Socialist Party (Netherlands);Socialistiese Partij;SP;3.15;5.0;150.0;not far-right;2100.0;2100.0;2100.0;2100.0;1.0
Netherlands;Full democracy;2023-11-22;2023.0;Denk;;;2.37;3.0;150.0;not far-right;;;;;
Netherlands;Full democracy;2023-11-22;2023.0;Party for the Animals;;;2.25;3.0;150.0;not far-right;;;;;
Netherlands;Full democracy;2023-11-22;2023.0;Forum for Democracy;Forum voor Democratie;FVD;2.23;3.0;150.0;far-right;1900.0;2100.0;1900.0;2100.0;1.0
Netherlands;Full democracy;2023-11-22;2023.0;Reformed Political Party;;;2.08;3.0;150.0;not far-right;;;;;
Netherlands;Full democracy;2023-11-22;2023.0;Christian Union;;;2.04;3.0;150.0;not far-right;;;;;
Netherlands;Full democracy;2023-11-22;2023.0;Volt Netherlands;;;1.71;2.0;150.0;not far-right;;;;;
Netherlands;Full democracy;2023-11-22;2023.0;JA21;;;0.68;1.0;150.0;not far-right;;;;;
Portugal;Full democracy;2024-03-10;2024.0;Total Democratic Alliance;;;28.83;80.0;230.0;not far-right;;;;;
Portugal;Full democracy;2024-03-10;2024.0;Socialist Party (Netherlands);;;27.98;78.0;230.0;not far-right;;;;;
Portugal;Full democracy;2024-03-10;2024.0;Chega!;;;18.06;50.0;230.0;not far-right;;;;;
Portugal;Full democracy;2024-03-10;2024.0;Liberal Initiative;;;4.94;8.0;230.0;not far-right;;;;;
Portugal;Full democracy;2024-03-10;2024.0;Left Bloc;Bloco de Esquerda;BE;4.36;5.0;230.0;not far-right;2100.0;2100.0;2100.0;2100.0;1.0
Portugal;Full democracy;2024-03-10;2024.0;Unitary Democratic Coalition;;;3.17;4.0;230.0;not far-right;;;;;
Portugal;Full democracy;2024-03-10;2024.0;FREE;;;3.16;4.0;230.0;not far-right;;;;;
Portugal;Full democracy;2024-03-10;2024.0;People-Animals-Nature;;;1.95;1.0;230.0;not far-right;;;;;
Croatia;Flawed democracy;2024-04-17;2024.0;Croatian Democratic Union;Hrvatska Demokratska Zajednica;HDZ;34.42;61.0;151.0;not far-right;1900.0;2000.0;1900.0;2000.0;1.0
Croatia;Flawed democracy;2024-04-17;2024.0;Rivers of Justice;;;25.4;42.0;151.0;not far-right;;;;;
Croatia;Flawed democracy;2024-04-17;2024.0;Homeland Movement;Domovinski Pokret;DP;9.56;14.0;151.0;far-right;1900.0;2100.0;1900.0;2100.0;1.0
Croatia;Flawed democracy;2024-04-17;2024.0;We Can! -- Political Platform;;;9.1;10.0;151.0;not far-right;;;;;
Croatia;Flawed democracy;2024-04-17;2024.0;Croatian Sovereignists;;;8.02;11.0;151.0;not far-right;;;;;
Croatia;Flawed democracy;2024-04-17;2024.0;Our Croatia;;;2.25;2.0;151.0;not far-right;;;;;
Croatia;Flawed democracy;2024-04-17;2024.0;Focus–Republic;;;2.25;1.0;151.0;not far-right;;;;;
Croatia;Flawed democracy;2024-04-17;2024.0;Independent Platform of the North;;;1.22;2.0;151.0;not far-right;;;;;
Bulgaria;Flawed democracy;2024-06-09;2024.0;GERB–SDS;;;23.99;68.0;240.0;not far-right;;;;;
Bulgaria;Flawed democracy;2024-06-09;2024.0;Movement for Rights and Freedoms;;;16.56;47.0;240.0;not far-right;;;;;
Bulgaria;Flawed democracy;2024-06-09;2024.0;We Continue the Change – Democratic Bulgaria;;;13.92;39.0;240.0;not far-right;;;;;
Bulgaria;Flawed democracy;2024-06-09;2024.0;Revival;Vazrazhdane;Vazrazhdane;13.38;38.0;240.0;far-right;1900.0;2100.0;1900.0;2100.0;1.0
Bulgaria;Flawed democracy;2024-06-09;2024.0;BSP – United Left;;;6.85;19.0;240.0;not far-right;;;;;
Bulgaria;Flawed democracy;2024-06-09;2024.0;There Is Such a People;Ima Takav Narod;ITN;5.79;16.0;240.0;not far-right;2100.0;2100.0;2100.0;2100.0;1.0
Bulgaria;Flawed democracy;2024-06-09;2024.0;Greatness;Velichie;Velichie;4.52;13.0;240.0;far-right;1900.0;2100.0;2100.0;2100.0;1.0
Bulgaria;Flawed democracy;2024-06-09;2024.0;Morality, Unity, Honour;;;2.89;0.0;240.0;not far-right;;;;;
United Kingdom;Full democracy;2024-07-04;2024.0;Labour Party;;;33.7;411.0;650.0;not far-right;;;;;
United Kingdom;Full democracy;2024-07-04;2024.0;Conservative Party;;;23.7;121.0;650.0;not far-right;;;;;
United Kingdom;Full democracy;2024-07-04;2024.0;Liberal Democrats;;;12.2;72.0;650.0;not far-right;;;;;
United Kingdom;Full democracy;2024-07-04;2024.0;Scottish National Party;;;2.5;9.0;650.0;not far-right;;;;;
United Kingdom;Full democracy;2024-07-04;2024.0;We Ourselves;;;0.7;7.0;650.0;not far-right;;;;;
United Kingdom;Full democracy;2024-07-04;2024.0;Independent;;;2.0;6.0;650.0;not far-right;;;;;
United Kingdom;Full democracy;2024-07-04;2024.0;Brexit Party / Reform;Brexit Party / Reform;BRX / Reform;14.3;5.0;650.0;far-right;1900.0;2100.0;1900.0;2100.0;0.0
United Kingdom;Full democracy;2024-07-04;2024.0;Democratic Unionist Party;Democratic Unionist Party;DUP;0.6;5.0;650.0;not far-right;2100.0;2100.0;2100.0;2100.0;1.0
United Kingdom;Full democracy;2024-07-04;2024.0;Green Party of England and Wales;;;6.7;4.0;650.0;not far-right;;;;;
United Kingdom;Full democracy;2024-07-04;2024.0;Plaid Cymru;;;0.7;4.0;650.0;not far-right;;;;;
United Kingdom;Full democracy;2024-07-04;2024.0;Social Democratic and Labour Party;;;0.3;2.0;650.0;not far-right;;;;;
United Kingdom;Full democracy;2024-07-04;2024.0;Alliance Party of Northern Ireland;;;0.4;1.0;650.0;not far-right;;;;;
United Kingdom;Full democracy;2024-07-04;2024.0;Ulster Unionist Party;;;0.3;1.0;650.0;not far-right;;;;;
United Kingdom;Full democracy;2024-07-04;2024.0;Traditional Unionist Voice;;;0.2;1.0;650.0;not far-right;;;;;
United Kingdom;Full democracy;2024-07-04;2024.0;Speaker;;;0.1;1.0;650.0;not far-right;;;;;
France;Flawed democracy;2024-07-07;2024.0;National Front / Rally and allies;;;33.21;142.0;577.0;not far-right;;;;;
France;Flawed democracy;2024-07-07;2024.0;New Popular Front;;;28.21;180.0;577.0;not far-right;;;;;
France;Flawed democracy;2024-07-07;2024.0;Together for the Republic;;;21.28;159.0;577.0;not far-right;;;;;
France;Flawed democracy;2024-07-07;2024.0;The Republicans;Les Républicains;LR;6.57;39.0;577.0;far-right;1900.0;2100.0;2100.0;2100.0;1.0
France;Flawed democracy;2024-07-07;2024.0;Miscellaneous right;;;3.6;27.0;577.0;not far-right;;;;;
France;Flawed democracy;2024-07-07;2024.0;Miscellaneous left;;;1.53;12.0;577.0;not far-right;;;;;
France;Flawed democracy;2024-07-07;2024.0;Miscellaneous centre;;;1.22;6.0;577.0;not far-right;;;;;
Belgium;Flawed democracy;2024-07-09;2024.0;New Flemish Alliance;Nieuw-Vlaamse Alliantie;N-VA;16.71;24.0;150.0;far-right;2019.0;2025.0;2100.0;2100.0;1.0
Belgium;Flawed democracy;2024-07-09;2024.0;Flemish Interest;Vlaams Belang;VB;13.77;20.0;150.0;far-right;1900.0;2100.0;1900.0;2100.0;1.0
Belgium;Flawed democracy;2024-07-09;2024.0;Reformist Movement;;;10.26;20.0;150.0;not far-right;;;;;
Belgium;Flawed democracy;2024-07-09;2024.0;Workers' Party of Belgium;Partij van de Arbeid – Parti du Travail;PVDA/PTB;9.86;15.0;150.0;not far-right;2100.0;2100.0;2100.0;2100.0;1.0
Belgium;Flawed democracy;2024-07-09;2024.0;Forward;;;8.11;13.0;150.0;not far-right;;;;;
Belgium;Flawed democracy;2024-07-09;2024.0;Socialist Party (Netherlands) [Francophone];;;8.04;16.0;150.0;not far-right;;;;;
Belgium;Flawed democracy;2024-07-09;2024.0;Christian Democratic and Flemish;;;7.98;11.0;150.0;not far-right;;;;;
Belgium;Flawed democracy;2024-07-09;2024.0;The Committed Ones;;;6.77;14.0;150.0;not far-right;;;;;
Belgium;Flawed democracy;2024-07-09;2024.0;Open Flemish Liberals and Democrats;;;5.45;7.0;150.0;not far-right;;;;;
Belgium;Flawed democracy;2024-07-09;2024.0;Green;;;4.65;6.0;150.0;not far-right;;;;;
Belgium;Flawed democracy;2024-07-09;2024.0;Confederated ecologists for the organisation of original struggles;;;2.93;3.0;150.0;not far-right;;;;;
Belgium;Flawed democracy;2024-07-09;2024.0;Federal Democratic Independents;;;1.2;1.0;150.0;not far-right;;;;;
Austria;Full democracy;2024-09-29;2024.0;Freedom Party of Austria;Freiheitliche Partei Österreichs;FPÖ;28.85;57.0;183.0;far-right;1900.0;2100.0;1900.0;2100.0;1.0
Austria;Full democracy;2024-09-29;2024.0;Austrian People's Party;;;26.27;51.0;183.0;not far-right;;;;;
Austria;Full democracy;2024-09-29;2024.0;Social Democratic Party of Austria;;;21.14;41.0;183.0;not far-right;;;;;
Austria;Full democracy;2024-09-29;2024.0;NEOS -- The New Austria;;;9.14;18.0;183.0;not far-right;;;;;
Austria;Full democracy;2024-09-29;2024.0;The Greens -- The Green Alternative;;;8.24;16.0;183.0;not far-right;;;;;
Austria;Full democracy;2024-09-29;2024.0;Communist Party of Austria Plus;Kommunistische Partei Österreichs Plus;KPÖ Plus;2.39;0.0;183.0;not far-right;2100.0;2100.0;2100.0;2100.0;0.0
Austria;Full democracy;2024-09-29;2024.0;The Beer Party;;;2.02;0.0;183.0;not far-right;;;;;
Lithuania;Flawed democracy;2024-10-13;2024.0;Lithuanian Social Democratic Party;;;19.7;52.0;141.0;not far-right;;;;;
Lithuania;Flawed democracy;2024-10-13;2024.0;Homeland Union – Lithuanian Christian Democrats;;;18.35;28.0;141.0;not far-right;;;;;
Lithuania;Flawed democracy;2024-10-13;2024.0;Dawn of Nemunas;Nemuno Aušra;;15.26;20.0;141.0;far-right;1900.0;2100.0;1900.0;2100.0;1.0
Lithuania;Flawed democracy;2024-10-13;2024.0;"Union of Democrats ""For Lithuania""";;;9.4;14.0;141.0;not far-right;;;;;
Lithuania;Flawed democracy;2024-10-13;2024.0;Liberals Movement of the Republic of Lithuania;;;7.85;12.0;141.0;not far-right;;;;;
Lithuania;Flawed democracy;2024-10-13;2024.0;Lithuanian Farmers and Greens Union;;;7.16;8.0;141.0;not far-right;;;;;
Lithuania;Flawed democracy;2024-10-13;2024.0;Electoral Action of Poles in Lithuania – Christian Families Alliance;;;3.96;3.0;141.0;not far-right;;;;;
Lithuania;Flawed democracy;2024-10-13;2024.0;National Alliance;Nacionalinis susivienijimas;NS;2.93;1.0;141.0;far-right;1900.0;2100.0;2100.0;2100.0;1.0
Lithuania;Flawed democracy;2024-10-13;2024.0;Freedom and Justice;;;0.77;1.0;141.0;not far-right;;;;;
Bulgaria;Flawed democracy;2024-10-27;2024.0;GERB–SDS;;;25.52;69.0;240.0;not far-right;;;;;
Bulgaria;Flawed democracy;2024-10-27;2024.0;We Continue the Change – Democratic Bulgaria;;;13.74;37.0;240.0;not far-right;;;;;
Bulgaria;Flawed democracy;2024-10-27;2024.0;Revival;Vazrazhdane;Vazrazhdane;12.92;35.0;240.0;far-right;1900.0;2100.0;1900.0;2100.0;1.0
Bulgaria;Flawed democracy;2024-10-27;2024.0;Movement for Rights and Freedoms – A New Beginning;;;11.17;30.0;240.0;not far-right;;;;;
Bulgaria;Flawed democracy;2024-10-27;2024.0;BSP – United Left;;;7.32;20.0;240.0;not far-right;;;;;
Bulgaria;Flawed democracy;2024-10-27;2024.0;Alliance for Rights and Freedoms;;;7.23;19.0;240.0;not far-right;;;;;
Bulgaria;Flawed democracy;2024-10-27;2024.0;There Is Such a People;Ima Takav Narod;ITN;6.56;18.0;240.0;not far-right;2100.0;2100.0;2100.0;2100.0;1.0
Bulgaria;Flawed democracy;2024-10-27;2024.0;Morality, Unity, Honour;;;4.44;12.0;240.0;not far-right;;;;;
Bulgaria;Flawed democracy;2024-10-27;2024.0;Greatness;Velichie;Velichie;3.87;0.0;240.0;far-right;1900.0;2100.0;2100.0;2100.0;1.0
Ireland;Full democracy;2024-11-29;2024.0;Fianna Fáil;;;21.86;48.0;174.0;not far-right;;;;;
Ireland;Full democracy;2024-11-29;2024.0;We Ourselves;Sinn Féin;SF;19.01;39.0;174.0;not far-right;2100.0;2100.0;2100.0;2100.0;1.0
Ireland;Full democracy;2024-11-29;2024.0;Fine Gael;;;20.8;38.0;174.0;not far-right;;;;;
Ireland;Full democracy;2024-11-29;2024.0;Independent;;;13.2;16.0;174.0;not far-right;;;;;
Ireland;Full democracy;2024-11-29;2024.0;Labour;;;4.65;11.0;174.0;not far-right;;;;;
Ireland;Full democracy;2024-11-29;2024.0;Social Democrats;;;4.81;11.0;174.0;not far-right;;;;;
Ireland;Full democracy;2024-11-29;2024.0;Independent Ireland;Independent Ireland;Independent Ireland;3.55;4.0;174.0;not far-right;2100.0;2100.0;2100.0;2100.0;1.0
Ireland;Full democracy;2024-11-29;2024.0;PBP–Solidarity;;;2.84;3.0;174.0;not far-right;;;;;
Ireland;Full democracy;2024-11-29;2024.0;Aontú;;;3.91;2.0;174.0;not far-right;;;;;
Ireland;Full democracy;2024-11-29;2024.0;Green;;;3.04;1.0;174.0;not far-right;;;;;
Ireland;Full democracy;2024-11-29;2024.0;100% Redress;;;0.31;1.0;174.0;not far-right;;;;;
Germany;Full democracy;2025-02-23;2025.0;Christian Democratic Union;;;22.55;164.0;630.0;not far-right;;;;;
Germany;Full democracy;2025-02-23;2025.0;Alternative for Germany;Alternative für Deutschland;AfD;20.8;152.0;630.0;far-right;2015.0;2100.0;2015.0;2100.0;1.0
Germany;Full democracy;2025-02-23;2025.0;Social Democratic Party;;;16.41;120.0;630.0;not far-right;;;;;
Germany;Full democracy;2025-02-23;2025.0;Alliance 90/The Greens;;;11.61;85.0;630.0;not far-right;;;;;
Germany;Full democracy;2025-02-23;2025.0;The Left;PDS / Die Linke;Linke;8.77;64.0;630.0;not far-right;2100.0;2100.0;2100.0;2100.0;1.0
Germany;Full democracy;2025-02-23;2025.0;Christian Social Union;;;5.97;44.0;630.0;not far-right;;;;;
Germany;Full democracy;2025-02-23;2025.0;Sahra Wagenknecht Alliance;Bündnis Sahra Wagenknecht;BSW;4.98;0.0;630.0;not far-right;2100.0;2100.0;2100.0;2100.0;0.0
Germany;Full democracy;2025-02-23;2025.0;Free Democratic Party;;;4.33;0.0;630.0;not far-right;;;;;
Germany;Full democracy;2025-02-23;2025.0;Free Voters;;;1.55;0.0;630.0;not far-right;;;;;
Germany;Full democracy;2025-02-23;2025.0;South Schleswig Voters' Association;;;0.15;1.0;630.0;not far-right;;;;;
Portugal;Full democracy;2025-05-18;2025.0;Total AD – PSD/CDS Coalition;;;31.78;91.0;230.0;not far-right;;;;;
Portugal;Full democracy;2025-05-18;2025.0;Socialist;;;22.83;58.0;230.0;not far-right;;;;;
Portugal;Full democracy;2025-05-18;2025.0;CHEGA;;;22.76;60.0;230.0;not far-right;;;;;
Portugal;Full democracy;2025-05-18;2025.0;Liberal Initiative;;;5.36;9.0;230.0;not far-right;;;;;
Portugal;Full democracy;2025-05-18;2025.0;LIVRE;;;4.07;6.0;230.0;not far-right;;;;;
Portugal;Full democracy;2025-05-18;2025.0;Unitary Democratic Coalition;;;2.91;3.0;230.0;not far-right;;;;;
Portugal;Full democracy;2025-05-18;2025.0;Left Bloc;Bloco de Esquerda;BE;1.99;1.0;230.0;not far-right;2100.0;2100.0;2100.0;2100.0;1.0
Portugal;Full democracy;2025-05-18;2025.0;People–Animals–Nature;;;1.38;1.0;230.0;not far-right;;;;;
Portugal;Full democracy;2025-05-18;2025.0;National Democratic Alternative;;;1.29;0.0;230.0;not far-right;;;;;
Portugal;Full democracy;2025-05-18;2025.0;Together for the People;;;0.33;1.0;230.0;not far-right;;;;;
Norway;Full democracy;2025-09-08;2025.0;Labour Party;;;28.02;53.0;169.0;not far-right;;;;;
Norway;Full democracy;2025-09-08;2025.0;Progress Party;Fremskrittspartiet;FrP;23.85;47.0;169.0;far-right;1900.0;2100.0;2100.0;2100.0;1.0
Norway;Full democracy;2025-09-08;2025.0;Conservative Party;;;14.65;24.0;169.0;not far-right;;;;;
Norway;Full democracy;2025-09-08;2025.0;Socialist Left Party;Sosialistisk Venstreparti;SV;5.63;9.0;169.0;not far-right;2100.0;2100.0;2100.0;2100.0;1.0
Norway;Full democracy;2025-09-08;2025.0;Centre Party;Senterpartiet;Sp;5.59;9.0;169.0;not far-right;2100.0;2100.0;2100.0;2100.0;1.0
Norway;Full democracy;2025-09-08;2025.0;Red Party;Rødt;Rodt;5.32;9.0;169.0;not far-right;2100.0;2100.0;2100.0;2100.0;1.0
Norway;Full democracy;2025-09-08;2025.0;Green Party;;;4.74;8.0;169.0;not far-right;;;;;
Norway;Full democracy;2025-09-08;2025.0;Christian Democratic Party;;;4.2;7.0;169.0;not far-right;;;;;
Norway;Full democracy;2025-09-08;2025.0;Liberal Party;;;3.69;3.0;169.0;not far-right;;;;;
Czech Republic;Full democracy;2025-10-04;2025.0;Action of Dissatisfied Citizens 2011;;;34.52;80.0;200.0;not far-right;;;;;
Czech Republic;Full democracy;2025-10-04;2025.0;Civic Democratic Party;;;23.36;52.0;200.0;not far-right;;;;;
Czech Republic;Full democracy;2025-10-04;2025.0;Mayors and Independents;;;11.23;22.0;200.0;not far-right;;;;;
Czech Republic;Full democracy;2025-10-04;2025.0;Freedom and Direct Democracy;Svoboda a prímá demokracie;SPD;7.78;15.0;200.0;far-right;1900.0;2100.0;1900.0;2100.0;1.0
Czech Republic;Full democracy;2025-10-04;2025.0;Oath;Prisaha;Prisaha;1.08;0.0;200.0;not far-right;2100.0;2100.0;2100.0;2100.0;0.0
Czech Republic;Full democracy;2025-10-04;2025.0;Czech Pirate Party;;;8.97;18.0;200.0;not far-right;;;;;
Czech Republic;Full democracy;2025-10-04;2025.0;Motorists for Themselves;Motoristé Sobe;AUTO;6.77;13.0;200.0;far-right;1900.0;2100.0;2100.0;2100.0;1.0
Czech Republic;Full democracy;2025-10-04;2025.0;Stačilo!;;;4.31;0.0;200.0;not far-right;;;;;
Netherlands;Full democracy;2025-10-29;2025.0;Christian Democratic Appeal;;;11.79;18.0;150.0;not far-right;;;;;
Netherlands;Full democracy;2025-10-29;2025.0;People's Party for Freedom and Democracy;;;14.24;22.0;150.0;not far-right;;;;;
Netherlands;Full democracy;2025-10-29;2025.0;Democrats 66;;;16.94;26.0;150.0;not far-right;;;;;
Netherlands;Full democracy;2025-10-29;2025.0;GreenLeft - Labour Party;;;12.79;20.0;150.0;not far-right;;;;;
Netherlands;Full democracy;2025-10-29;2025.0;50PLUS;;;1.43;2.0;150.0;not far-right;;;;;
Netherlands;Full democracy;2025-10-29;2025.0;Socialist Party (Netherlands);Socialistiese Partij;SP;1.89;3.0;150.0;not far-right;2100.0;2100.0;2100.0;2100.0;1.0
Netherlands;Full democracy;2025-10-29;2025.0;JA21;;;5.95;9.0;150.0;not far-right;;;;;
Netherlands;Full democracy;2025-10-29;2025.0;Party for Freedom;Partij voor de Vrijheid;PVV;16.66;26.0;150.0;far-right;1900.0;2100.0;1900.0;2100.0;1.0
Netherlands;Full democracy;2025-10-29;2025.0;Forum for Democracy;Forum voor Democratie;FVD;4.54;7.0;150.0;far-right;1900.0;2100.0;1900.0;2100.0;1.0
Netherlands;Full democracy;2025-10-29;2025.0;Farmer–Citizen Movement;BoerBurgerBeweging;BBB;2.65;7.0;150.0;far-right;1900.0;2100.0;2100.0;2100.0;1.0
Netherlands;Full democracy;2025-10-29;2025.0;Denk;;;2.37;3.0;150.0;not far-right;;;;;
Netherlands;Full democracy;2025-10-29;2025.0;Reformed Political Party;;;2.25;3.0;150.0;not far-right;;;;;
Netherlands;Full democracy;2025-10-29;2025.0;Party for the Animals;;;2.08;3.0;150.0;not far-right;;;;;
Netherlands;Full democracy;2025-10-29;2025.0;Christian Union;;;1.9;3.0;150.0;not far-right;;;;;
Netherlands;Full democracy;2025-10-29;2025.0;Volt Netherlands;;;1.1;1.0;150.0;not far-right;;;;;
Slovenia;Flawed democracy;2026-03-10;2026.0;Freedom Movement;;;28.66;29.0;90.0;not far-right;;;;;
Slovenia;Flawed democracy;2026-03-10;2026.0;Slovenian Democratic Party;Slovenska Demokratska Stranka;SDS;27.88;28.0;90.0;far-right;2015.0;2100.0;2015.0;2100.0;1.0
Slovenia;Flawed democracy;2026-03-10;2026.0;New Slovenia – Christian Democrats;Nova Slovenija – Krščanski Demokrati;N.Si;9.26;9.0;90.0;far-right;1900.0;2100.0;1900.0;2100.0;1.0
Slovenia;Flawed democracy;2026-03-10;2026.0;Social Democrats;;;6.71;6.0;90.0;not far-right;;;;;
Slovenia;Flawed democracy;2026-03-10;2026.0;The Left -- Vesna;;;5.69;5.0;90.0;not far-right;;;;;
Slovenia;Flawed democracy;2026-03-10;2026.0;Democrats;;;6.69;6.0;90.0;not far-right;;;;;
Slovenia;Flawed democracy;2026-03-10;2026.0;Slovenian National Party;Slovenska Nacionalna Stranka;SNS;2.24;0.0;90.0;far-right;1900.0;2100.0;1900.0;2100.0;0.0
Slovenia;Flawed democracy;2026-03-10;2026.0;Slovenian Pirate Party;;;2.36;0.0;90.0;not far-right;;;;;
Slovenia;Flawed democracy;2026-03-10;2026.0;Resni.ca;;;5.49;5.0;90.0;not far-right;;;;;
Slovenia;Flawed democracy;2026-03-10;2026.0;Prerod – Party of Vladimir Prebilič;;;3.05;0.0;90.0;not far-right;;;;;
Denmark;Full democracy;2026-03-24;2026.0;Social Democrats;;;21.85;38.0;179.0;not far-right;;;;;
Denmark;Full democracy;2026-03-24;2026.0;Liberal Party;;;10.14;18.0;179.0;not far-right;;;;;
Denmark;Full democracy;2026-03-24;2026.0;Moderates;;;7.68;14.0;179.0;not far-right;;;;;
Denmark;Full democracy;2026-03-24;2026.0;Socialist People's Party;Socialistisk Folkeparti;SF;11.59;20.0;179.0;not far-right;2100.0;2100.0;2100.0;2100.0;1.0
Denmark;Full democracy;2026-03-24;2026.0;New-Liberal Alliance;;;9.37;16.0;179.0;not far-right;;;;;
Denmark;Full democracy;2026-03-24;2026.0;Denmark Democrats;Danmarksdemokraterne;DD;5.75;10.0;179.0;far-right;1900.0;2100.0;1900.0;2100.0;1.0
Denmark;Full democracy;2026-03-24;2026.0;Conservatives;;;7.59;13.0;179.0;not far-right;;;;;
Denmark;Full democracy;2026-03-24;2026.0;Red-Green Alliance;Enhedslisten – De Rød-Grønne;En-O;6.34;11.0;179.0;not far-right;2100.0;2100.0;2100.0;2100.0;1.0
Denmark;Full democracy;2026-03-24;2026.0;Danish Social Liberal Party;;;5.82;10.0;179.0;not far-right;;;;;
Denmark;Full democracy;2026-03-24;2026.0;Citizens' Party;Borgernes Parti;BP;2.13;4.0;179.0;far-right;1900.0;2100.0;1900.0;2100.0;1.0
Denmark;Full democracy;2026-03-24;2026.0;The Alternative;;;2.58;5.0;179.0;not far-right;;;;;
Denmark;Full democracy;2026-03-24;2026.0;Danish People's Party;Dansk Folkeparti;DF;9.1;16.0;179.0;far-right;1900.0;2100.0;1900.0;2100.0;1.0
Denmark;Full democracy;2026-03-24;2026.0;Community of the People (Greenland);;;;1.0;179.0;not far-right;;;;;
Denmark;Full democracy;2026-03-24;2026.0;Point of Orientation (Greenland);;;;1.0;179.0;not far-right;;;;;
Denmark;Full democracy;2026-03-24;2026.0;Union Party (Faroe Islands);;;;1.0;179.0;not far-right;;;;;
Denmark;Full democracy;2026-03-24;2026.0;Social Democratic Party (Faroe Islands);;;;1.0;179.0;not far-right;;;;;
Hungary;Flawed democracy;1990-04-08;1990.0;Social Democratic Party;;;3.6;0.0;386.0;not far-right;;;;;
Hungary;Flawed democracy;2022-04-03;2022.0;Solution Movement ;;;1.04;0.0;199.0;not far-right;;;;;
Hungary;Flawed democracy;2014-04-06;2014.0;Together -- Party for a New Era;;;;3.0;199.0;not far-right;;;;;
Hungary;Flawed democracy;2018-04-08;2018.0;Together -- Party for a New Era;;;0.66;1.0;199.0;not far-right;;;;;
Bulgaria;Flawed democracy;2026-04-19;2026.0;Progressive Bulgaria;Прогресивна България;PB;43.91;131.0;240.0;not far-right;2100.0;2100.0;2100.0;2100.0;1.0
Bulgaria;Flawed democracy;2026-04-19;2026.0;GERB–SDS;;;13.18;39.0;240.0;not far-right;;;;;
Bulgaria;Flawed democracy;2026-04-19;2026.0;We Continue the Change – Democratic Bulgaria;;;12.42;37.0;240.0;not far-right;;;;;
Bulgaria;Flawed democracy;2026-04-19;2026.0;Movement for Rights and Freedoms – A New Beginning;;;7.01;21.0;240.0;not far-right;;;;;
Bulgaria;Flawed democracy;2026-04-19;2026.0;Revival;Vazrazhdane;Vazrazhdane;4.19;12.0;240.0;far-right;1900.0;2100.0;1900.0;2100.0;1.0
Cyprus;Flawed democracy;2026-05-24;2026.0;Democratic Rally;;;27.15;17.0;56.0;not far-right;;;;;
Cyprus;Flawed democracy;2026-05-24;2026.0;Progressive Party of Working People;Anorthotikó Kómma Ergazómenou Laoú;AKEL;23.86;15.0;56.0;not far-right;2100.0;2100.0;2100.0;2100.0;1.0
Cyprus;Flawed democracy;2026-05-24;2026.0;National Popular Front;Ethniko Laiko Metopo;ELAM;10.9;8.0;56.0;far-right;1900.0;2100.0;1900.0;2100.0;1.0
Cyprus;Flawed democracy;2026-05-24;2026.0;Democratic Party;;;10.0;8.0;56.0;not far-right;;;;;
Cyprus;Flawed democracy;2026-05-24;2026.0;Citizens for Cyprus;;;5.83;4.0;56.0;not far-right;;;;;
Cyprus;Flawed democracy;2026-05-24;2026.0;Direct Democracy Cyprus;;;5.42;4.0;56.0;not far-right;;;;;
Cyprus;Flawed democracy;2026-05-24;2026.0;Movement for Social Democracy EDEK;;;3.25;0.0;56.0;not far-right;;;;;
Cyprus;Flawed democracy;2026-05-24;2026.0;Movement of Hunters;Movement of Hunters;Hunters;3.2;0.0;56.0;far-right;1900.0;2100.0;1900.0;2100.0;0.0
Cyprus;Flawed democracy;2026-05-24;2026.0;Democratic Alignment;;;3.14;0.0;56.0;not far-right;;;;;
Cyprus;Flawed democracy;2026-05-24;2026.0;Volt Cyprus;;;3.09;0.0;56.0;not far-right;;;;;
Cyprus;Flawed democracy;2026-05-24;2026.0;Ecological and Environmental Movement;;;1.95;0.0;56.0;not far-right;;;;;
Malta;Flawed democracy;2026-05-30;2026.0;Malta Labour Party;;;51.77;42.0;79.0;not far-right;;;;;
Malta;Flawed democracy;2026-05-30;2026.0;Nationalist Party;;;44.68;37.0;79.0;not far-right;;;;;
Malta;Flawed democracy;2026-05-30;2026.0;ADPD – The Green Party;;;1.31;0.0;79.0;not far-right;;;;;
Malta;Flawed democracy;2026-05-30;2026.0;Momentum;;;1.54;0.0;79.0;not far-right;;;;;
Austria;;1990-10-07;;;Other;;1.7000000000000028;;;other;;;;;
Austria;;1994-10-09;;;Other;;0.7000000000000028;;;other;;;;;
Austria;;1995-12-17;;;Other;;0.29999999999999716;;;other;;;;;
Austria;;1999-10-03;;;Other;;0.8999999999999915;;;other;;;;;
Austria;;2002-11-24;;;Other;;0.7299999999999898;;;other;;;;;
Austria;;2006-10-01;;;Other;;0.4000000000000199;;;other;;;;;
Austria;;2008-09-28;;;Other;;2.239999999999995;;;other;;;;;
Austria;;2013-09-29;;;Other;;1.1000000000000085;;;other;;;;;
Austria;;2017-10-15;;;Other;;1.0999999999999943;;;other;;;;;
Austria;;2019-09-29;;;Other;;1.1999999999999886;;;other;;;;;
Austria;;2024-09-29;;;Other;;1.9500000000000028;;;other;;;;;
Belgium;;1991-11-24;;;Other;;1.2099999999999937;;;other;;;;;
Belgium;;1995-05-21;;;Other;;3.3700000000000045;;;other;;;;;
Belgium;;1999-06-13;;;Other;;2.6100000000000136;;;other;;;;;
Belgium;;2003-05-18;;;Other;;4.429999999999993;;;other;;;;;
Belgium;;2007-06-10;;;Other;;2.0;;;other;;;;;
Belgium;;2010-06-13;;;Other;;3.280000000000001;;;other;;;;;
Belgium;;2014-05-25;;;Other;;3.0400000000000063;;;other;;;;;
Belgium;;2019-05-26;;;Other;;2.970000000000013;;;other;;;;;
Belgium;;2024-07-09;;;Other;;4.269999999999982;;;other;;;;;
Bulgaria;;1991-10-13;;;Other;;7.3700000000000045;;;other;;;;;
Bulgaria;;1994-12-18;;;Other;;5.959999999999994;;;other;;;;;
Bulgaria;;1997-04-19;;;Other;;7.550000000000011;;;other;;;;;
Bulgaria;;2001-06-18;;;Other;;5.710000000000008;;;other;;;;;
Bulgaria;;2005-06-25;;;Other;;3.4099999999999966;;;other;;;;;
Bulgaria;;2009-07-05;;;Other;;1.5999999999999943;;;other;;;;;
Bulgaria;;2013-05-12;;;Other;;4.741;;;other;;;;;
Bulgaria;;2014-10-05;;;Other;;4.230000000000004;;;other;;;;;
Bulgaria;;2017-03-26;;;Other;;1.4399999999999977;;;other;;;;;
Bulgaria;;2021-04-04;;;Other;;3.759999999999991;;;other;;;;;
Bulgaria;;2021-07-11;;;Other;;2.730000000000004;;;other;;;;;
Bulgaria;;2021-11-14;;;Other;;4.349999999999994;;;other;;;;;
Bulgaria;;2022-10-02;;;Other;;4.319999999999979;;;other;;;;;
Bulgaria;;2023-04-02;;;Other;;6.740000000000009;;;other;;;;;
Bulgaria;;2024-06-09;;;Other;;12.100000000000009;;;other;;;;;
Bulgaria;;2024-10-27;;;Other;;7.230000000000004;;;other;;;;;
Bulgaria;;2026-04-19;;;Other;;19.290000000000006;;;other;;;;;
Croatia;;1992-08-02;;;Other;;9.75;;;other;;;;;
Croatia;;1995-10-29;;;Other;;11.019999999999996;;;other;;;;;
Croatia;;2000-01-03;;;Other;;7.40000000000002;;;other;;;;;
Croatia;;2003-11-23;;;Other;;8.599999999999994;;;other;;;;;
Croatia;;2007-11-25;;;Other;;7.999999999999986;;;other;;;;;
Croatia;;2011-12-04;;;Other;;16.940000000000012;;;other;;;;;
Croatia;;2015-11-08;;;Other;;4.0;;;other;;;;;
Croatia;;2016-09-11;;;Other;;7.909999999999997;;;other;;;;;
Croatia;;2020-07-05;;;Other;;2.499999999999986;;;other;;;;;
Croatia;;2024-04-17;;;Other;;7.780000000000001;;;other;;;;;
Cyprus;;1991-05-19;;;Other;;0.6999999999999886;;;other;;;;;
Cyprus;;1996-05-26;;;Other;;0.20000000000000284;;;other;;;;;
Cyprus;;2001-05-27;;;Other;;0.20000000000000284;;;other;;;;;
Cyprus;;2006-05-21;;;Other;;1.2199999999999989;;;other;;;;;
Cyprus;;2011-05-22;;;Other;;1.1899999999999977;;;other;;;;;
Cyprus;;2016-05-22;;;Other;;2.0400000000000063;;;other;;;;;
Cyprus;;2021-05-30;;;Other;;1.0;;;other;;;;;
Cyprus;;2026-05-24;;;Other;;2.2099999999999937;;;other;;;;;
Czech Republic;;1990-06-09;;;Other;;1.7699999999999818;;;other;;;;;
Czech Republic;;1992-06-06;;;Other;;1.1599999999999966;;;other;;;;;
Czech Republic;;1996-06-01;;;Other;;1.8199999999999932;;;other;;;;;
Czech Republic;;1998-06-20;;;Other;;1.789999999999992;;;other;;;;;
Czech Republic;;2002-06-15;;;Other;;7.409999999999997;;;other;;;;;
Czech Republic;;2006-06-03;;;Other;;3.8999999999999915;;;other;;;;;
Czech Republic;;2010-05-29;;;Other;;2.8799999999999955;;;other;;;;;
Czech Republic;;2013-10-25;;;Other;;2.8000000000000114;;;other;;;;;
Czech Republic;;2017-10-21;;;Other;;3.269999999999996;;;other;;;;;
Czech Republic;;2021-10-09;;;Other;;1.8700000000000045;;;other;;;;;
Czech Republic;;2025-10-04;;;Other;;1.980000000000004;;;other;;;;;
Denmark;;1990-12-12;;;Other;;1.7000000000000028;;;other;;;;;
Denmark;;1994-09-21;;;Other;;0.10000000000000853;;;other;;;;;
Denmark;;1998-03-11;;;Other;;0.09999999999999432;;;other;;;;;
Denmark;;2005-02-08;;;Other;;0.29999999999999716;;;other;;;;;
Denmark;;2011-09-15;;;Other;;0.12000000000000455;;;other;;;;;
Denmark;;2019-06-05;;;Other;;1.0;;;other;;;;;
Denmark;;2022-11-01;;;Other;;0.6999999999999886;;;other;;;;;
Denmark;;2026-03-24;;;Other;;0.060000000000016485;;;other;;;;;
Estonia;;1992-09-20;;;Other;;6.38000000000001;;;other;;;;;
Estonia;;1995-03-05;;;Other;;2.730000000000004;;;other;;;;;
Estonia;;1999-03-07;;;Other;;2.3300000000000125;;;other;;;;;
Estonia;;2003-03-02;;;Other;;1.6999999999999886;;;other;;;;;
Estonia;;2007-03-04;;;Other;;0.6999999999999886;;;other;;;;;
Estonia;;2011-03-06;;;Other;;4.6000000000000085;;;other;;;;;
Estonia;;2015-03-01;;;Other;;0.8599999999999852;;;other;;;;;
Estonia;;2019-03-03;;;Other;;0.3999999999999915;;;other;;;;;
Estonia;;2023-03-05;;;Other;;0.8999999999999915;;;other;;;;;
Finland;;1991-03-17;;;Other;;1.9299999999999926;;;other;;;;;
Finland;;1995-03-19;;;Other;;2.3900000000000006;;;other;;;;;
Finland;;1999-03-21;;;Other;;2.700000000000017;;;other;;;;;
Finland;;2003-03-16;;;Other;;1.5999999999999943;;;other;;;;;
Finland;;2007-03-18;;;Other;;1.1999999999999744;;;other;;;;;
Finland;;2011-04-17;;;Other;;1.1999999999999886;;;other;;;;;
Finland;;2015-04-19;;;Other;;1.0499999999999972;;;other;;;;;
Finland;;2019-04-14;;;Other;;2.3000000000000114;;;other;;;;;
Finland;;2023-04-02;;;Other;;2.0299999999999727;;;other;;;;;
France;;1993-03-28;;;Other;;0.7599999999999909;;;other;;;;;
France;;1997-06-01;;;Other;;0.09999999999999432;;;other;;;;;
France;;2002-06-16;;;Other;;1.6199999999999903;;;other;;;;;
France;;2007-06-17;;;Other;;3.029999999999987;;;other;;;;;
France;;2012-06-17;;;Other;;1.4800000000000324;;;other;;;;;
France;;2017-06-18;;;Other;;3.1099999999999994;;;other;;;;;
France;;2022-06-19;;;Other;;0.7900000000000063;;;other;;;;;
France;;2024-07-07;;;Other;;4.3799999999999955;;;other;;;;;
Germany;;1990-12-02;;;Other;;2.0999999999999943;;;other;;;;;
Germany;;1994-10-16;;;Other;;1.5999999999999943;;;other;;;;;
Germany;;1998-09-27;;;Other;;3.0;;;other;;;;;
Germany;;2002-09-22;;;Other;;2.4000000000000057;;;other;;;;;
Germany;;2005-09-18;;;Other;;2.4000000000000057;;;other;;;;;
Germany;;2009-09-27;;;Other;;2.5;;;other;;;;;
Germany;;2013-09-22;;;Other;;2.799999999999997;;;other;;;;;
Germany;;2017-09-24;;;Other;;3.1000000000000085;;;other;;;;;
Germany;;2021-09-26;;;Other;;2.4000000000000057;;;other;;;;;
Germany;;2025-02-23;;;Other;;2.8799999999999955;;;other;;;;;
Greece;;1989-06-18;;;Other;;1.980000000000004;;;other;;;;;
Greece;;1989-11-05;;;Other;;0.9599999999999937;;;other;;;;;
Greece;;1990-04-08;;;Other;;2.0;;;other;;;;;
Greece;;1993-10-10;;;Other;;1.299999999999983;;;other;;;;;
Greece;;1996-09-22;;;Other;;2.289999999999992;;;other;;;;;
Greece;;2000-04-09;;;Other;;2.0600000000000023;;;other;;;;;
Greece;;2004-03-07;;;Other;;0.9499999999999886;;;other;;;;;
Greece;;2007-09-16;;;Other;;2.019999999999996;;;other;;;;;
Greece;;2009-10-04;;;Other;;2.3100000000000023;;;other;;;;;
Greece;;2012-05-06;;;Other;;5.489999999999995;;;other;;;;;
Greece;;2012-06-17;;;Other;;2.8100000000000023;;;other;;;;;
Greece;;2015-01-25;;;Other;;1.5699999999999932;;;other;;;;;
Greece;;2015-09-20;;;Other;;3.549999999999997;;;other;;;;;
Greece;;2019-07-07;;;Other;;2.450000000000003;;;other;;;;;
Greece;;2023-05-21;;;Other;;6.920000000000002;;;other;;;;;
Greece;;2023-06-25;;;Other;;3.5900000000000034;;;other;;;;;
Hungary;;1990-04-08;;;Other;;0.5999999999999943;;;other;;;;;
Hungary;;1994-05-29;;;Other;;2.750000000000014;;;other;;;;;
Hungary;;1998-05-24;;;Other;;1.4210854715202004e-14;;;other;;;;;
Hungary;;2002-04-21;;;Other;;0.8800000000000097;;;other;;;;;
Hungary;;2006-04-09;;;Other;;1.0999999999999943;;;other;;;;;
Hungary;;2010-04-25;;;Other;;1.6400000000000006;;;other;;;;;
Hungary;;2014-04-06;;;Other;;3.4399999999999977;;;other;;;;;
Hungary;;2018-04-08;;;Other;;1.4100000000000108;;;other;;;;;
Hungary;;2026-04-12;;;Other;;1.4799999999999898;;;other;;;;;
Ireland;;1989-06-15;;;Other;;3.3200000000000074;;;other;;;;;
Ireland;;1992-11-25;;;Other;;6.640000000000015;;;other;;;;;
Ireland;;1997-06-06;;;Other;;8.049999999999997;;;other;;;;;
Ireland;;2002-05-17;;;Other;;9.430000000000007;;;other;;;;;
Ireland;;2007-05-24;;;Other;;5.990000000000009;;;other;;;;;
Ireland;;2011-02-25;;;Other;;0.36000000000001364;;;other;;;;;
Ireland;;2016-02-26;;;Other;;0.6399999999999721;;;other;;;;;
Ireland;;2020-02-08;;;Other;;0.6499999999999915;;;other;;;;;
Ireland;;2024-11-29;;;Other;;2.019999999999996;;;other;;;;;
Italy;;1992-04-05;;;Other;;2.7800000000000153;;;other;;;;;
Italy;;1994-03-27;;;Other;;2.700000000000003;;;other;;;;;
Italy;;1996-04-21;;;Other;;2.1200000000000045;;;other;;;;;
Italy;;2001-05-13;;;Other;;1.259999999999991;;;other;;;;;
Italy;;2006-04-09;;;Other;;3.7299999999999898;;;other;;;;;
Italy;;2008-04-13;;;Other;;1.65000000000002;;;other;;;;;
Italy;;2013-02-25;;;Other;;0.950000000000017;;;other;;;;;
Italy;;2018-03-04;;;Other;;1.480000000000004;;;other;;;;;
Italy;;2022-09-25;;;Other;;1.7099999999999937;;;other;;;;;
Latvia;;1993-06-06;;;Other;;5.730000000000018;;;other;;;;;
Latvia;;1995-10-01;;;Other;;1.5700000000000074;;;other;;;;;
Latvia;;1998-10-03;;;Other;;3.779999999999987;;;other;;;;;
Latvia;;2002-10-05;;;Other;;2.8999999999999915;;;other;;;;;
Latvia;;2006-10-07;;;Other;;3.0500000000000114;;;other;;;;;
Latvia;;2010-10-02;;;Other;;4.25;;;other;;;;;
Latvia;;2011-09-17;;;Other;;3.470000000000013;;;other;;;;;
Latvia;;2014-10-04;;;Other;;2.719999999999999;;;other;;;;;
Latvia;;2018-10-06;;;Other;;2.230000000000004;;;other;;;;;
Latvia;;2022-10-01;;;Other;;1.789999999999992;;;other;;;;;
Lithuania;;1990-03-10;;;Other;;100.0;;;other;;;;;
Lithuania;;1992-11-15;;;Other;;2.219999999999999;;;other;;;;;
Lithuania;;1996-10-20;;;Other;;3.8299999999999983;;;other;;;;;
Lithuania;;2000-10-08;;;Other;;1.3599999999999994;;;other;;;;;
Lithuania;;2004-10-24;;;Other;;1.8899999999999864;;;other;;;;;
Lithuania;;2008-10-12;;;Other;;2.469999999999999;;;other;;;;;
Lithuania;;2012-10-14;;;Other;;6.920000000000002;;;other;;;;;
Lithuania;;2016-10-09;;;Other;;0.8500000000000085;;;other;;;;;
Lithuania;;2020-10-11;;;Other;;2.559999999999988;;;other;;;;;
Lithuania;;2024-10-13;;;Other;;14.620000000000019;;;other;;;;;
Luxembourg;;1989-06-18;;;Other;;1.539999999999992;;;other;;;;;
Luxembourg;;1994-06-12;;;Other;;2.239999999999995;;;other;;;;;
Luxembourg;;1999-06-13;;;Other;;0.6400000000000006;;;other;;;;;
Luxembourg;;2004-06-13;;;Other;;0.0799999999999983;;;other;;;;;
Luxembourg;;2009-06-07;;;Other;;0.8200000000000074;;;other;;;;;
Luxembourg;;2018-10-14;;;Other;;6.689999999999998;;;other;;;;;
Luxembourg;;2023-10-08;;;Other;;4.670000000000002;;;other;;;;;
Malta;;1992-02-22;;;Other;;0.03999999999999204;;;other;;;;;
Malta;;1996-10-26;;;Other;;0.04000000000000625;;;other;;;;;
Malta;;1998-09-05;;;Other;;0.010000000000005116;;;other;;;;;
Malta;;2003-04-12;;;Other;;0.01999999999999602;;;other;;;;;
Malta;;2008-03-08;;;Other;;0.5600000000000023;;;other;;;;;
Malta;;2013-03-09;;;Other;;0.030000000000001137;;;other;;;;;
Malta;;2017-06-03;;;Other;;0.45000000000000284;;;other;;;;;
Malta;;2022-03-26;;;Other;;1.5400000000000063;;;other;;;;;
Malta;;2026-05-30;;;Other;;0.6999999999999886;;;other;;;;;
Netherlands;;1989-09-06;;;Other;;0.8599999999999994;;;other;;;;;
Netherlands;;1994-05-03;;;Other;;1.4099999999999966;;;other;;;;;
Netherlands;;1998-05-06;;;Other;;2.489999999999995;;;other;;;;;
Netherlands;;2002-05-15;;;Other;;0.29000000000000625;;;other;;;;;
Netherlands;;2003-01-22;;;Other;;0.8100000000000023;;;other;;;;;
Netherlands;;2006-11-22;;;Other;;0.5999999999999943;;;other;;;;;
Netherlands;;2010-06-09;;;Other;;0.5400000000000063;;;other;;;;;
Netherlands;;2012-09-12;;;Other;;0.6299999999999955;;;other;;;;;
Netherlands;;2017-03-15;;;Other;;1.0000000000000142;;;other;;;;;
Netherlands;;2021-03-17;;;Other;;1.579999999999984;;;other;;;;;
Netherlands;;2023-11-22;;;Other;;1.8799999999999812;;;other;;;;;
Netherlands;;2025-10-29;;;Other;;1.4199999999999875;;;other;;;;;
Norway;;1989-09-11;;;Other;;1.9000000000000057;;;other;;;;;
Norway;;1993-09-13;;;Other;;1.5999999999999943;;;other;;;;;
Norway;;1997-09-16;;;Other;;1.1999999999999886;;;other;;;;;
Norway;;2001-09-10;;;Other;;2.3999999999999915;;;other;;;;;
Norway;;2005-09-12;;;Other;;1.8999999999999915;;;other;;;;;
Norway;;2009-09-14;;;Other;;1.3000000000000114;;;other;;;;;
Norway;;2013-09-09;;;Other;;2.799999999999997;;;other;;;;;
Norway;;2017-09-11;;;Other;;1.4999999999999858;;;other;;;;;
Norway;;2021-09-13;;;Other;;2.299999999999997;;;other;;;;;
Norway;;2025-09-08;;;Other;;4.310000000000002;;;other;;;;;
Poland;;1989-06-18;;;Other;;100.0;;;other;;;;;
Poland;;1991-10-27;;;Other;;8.310000000000002;;;other;;;;;
Poland;;1993-09-19;;;Other;;1.1300000000000097;;;other;;;;;
Poland;;1997-09-21;;;Other;;0.45700000000000784;;;other;;;;;
Poland;;2001-09-23;;;Other;;0.5600000000000165;;;other;;;;;
Poland;;2005-09-25;;;Other;;1.9499999999999886;;;other;;;;;
Poland;;2007-10-19;;;Other;;1.289999999999992;;;other;;;;;
Poland;;2011-10-09;;;Other;;0.8700000000000045;;;other;;;;;
Poland;;2015-10-25;;;Other;;0.6800000000000068;;;other;;;;;
Poland;;2019-10-13;;;Other;;0.18999999999998352;;;other;;;;;
Poland;;2023-10-15;;;Other;;3.719999999999999;;;other;;;;;
Portugal;;1991-10-06;;;Other;;2.3600000000000136;;;other;;;;;
Portugal;;1995-10-01;;;Other;;1.9300000000000068;;;other;;;;;
Portugal;;1999-10-10;;;Other;;1.1299999999999955;;;other;;;;;
Portugal;;2002-03-17;;;Other;;1.0;;;other;;;;;
Portugal;;2005-02-20;;;Other;;1.3300000000000125;;;other;;;;;
Portugal;;2009-09-27;;;Other;;2.2700000000000102;;;other;;;;;
Portugal;;2011-06-05;;;Other;;2.3700000000000045;;;other;;;;;
Portugal;;2015-10-04;;;Other;;3.6700000000000017;;;other;;;;;
Portugal;;2019-10-06;;;Other;;3.3499999999999943;;;other;;;;;
Portugal;;2022-01-30;;;Other;;2.1999999999999886;;;other;;;;;
Portugal;;2024-03-10;;;Other;;7.549999999999997;;;other;;;;;
Portugal;;2025-05-18;;;Other;;5.299999999999983;;;other;;;;;
Slovakia;;1990-06-09;;;Other;;1.4800000000000182;;;other;;;;;
Slovakia;;1992-06-06;;;Other;;3.8899999999999864;;;other;;;;;
Slovakia;;1994-10-01;;;Other;;1.1099999999999994;;;other;;;;;
Slovakia;;1998-09-26;;;Other;;1.7199999999999989;;;other;;;;;
Slovakia;;2002-09-21;;;Other;;4.809999999999974;;;other;;;;;
Slovakia;;2006-06-17;;;Other;;3.2299999999999898;;;other;;;;;
Slovakia;;2010-06-12;;;Other;;3.5500000000000114;;;other;;;;;
Slovakia;;2012-03-10;;;Other;;4.859999999999999;;;other;;;;;
Slovakia;;2016-03-06;;;Other;;4.180000000000007;;;other;;;;;
Slovakia;;2020-02-29;;;Other;;1.779999999999987;;;other;;;;;
Slovakia;;2023-09-30;;;Other;;16.72;;;other;;;;;
Slovenia;;1990-04-12;;;Other;;1.9000000000000057;;;other;;;;;
Slovenia;;1992-12-06;;;Other;;4.719999999999999;;;other;;;;;
Slovenia;;1996-11-10;;;Other;;4.639999999999972;;;other;;;;;
Slovenia;;2000-10-15;;;Other;;2.8499999999999943;;;other;;;;;
Slovenia;;2004-10-03;;;Other;;3.0600000000000165;;;other;;;;;
Slovenia;;2008-09-21;;;Other;;2.4399999999999977;;;other;;;;;
Slovenia;;2011-12-04;;;Other;;3.2299999999999898;;;other;;;;;
Slovenia;;2014-07-13;;;Other;;2.239999999999995;;;other;;;;;
Slovenia;;2018-06-03;;;Other;;4.719999999999985;;;other;;;;;
Slovenia;;2022-04-22;;;Other;;1.7199999999999847;;;other;;;;;
Slovenia;;2026-03-10;;;Other;;1.970000000000013;;;other;;;;;
Spain;;1989-10-29;;;Other;;4.980000000000018;;;other;;;;;
Spain;;1993-06-06;;;Other;;4.010000000000005;;;other;;;;;
Spain;;1996-03-03;;;Other;;1.6899999999999835;;;other;;;;;
Spain;;2000-03-12;;;Other;;2.9200000000000017;;;other;;;;;
Spain;;2004-03-14;;;Other;;2.509999999999991;;;other;;;;;
Spain;;2008-03-09;;;Other;;3.049999999999983;;;other;;;;;
Spain;;2011-11-20;;;Other;;6.670000000000002;;;other;;;;;
Spain;;2015-12-20;;;Other;;3.09999999999998;;;other;;;;;
Spain;;2016-06-26;;;Other;;2.0300000000000153;;;other;;;;;
Spain;;2019-04-28;;;Other;;2.8300000000000125;;;other;;;;;
Spain;;2019-11-10;;;Other;;2.010000000000005;;;other;;;;;
Spain;;2023-07-23;;;Other;;3.279999999999987;;;other;;;;;
Sweden;;1991-09-15;;;Other;;1.0999999999999943;;;other;;;;;
Sweden;;1994-09-18;;;Other;;0.9000000000000057;;;other;;;;;
Sweden;;1998-09-20;;;Other;;1.6500000000000057;;;other;;;;;
Sweden;;2002-09-15;;;Other;;1.6599999999999966;;;other;;;;;
Sweden;;2006-09-17;;;Other;;2.799999999999997;;;other;;;;;
Sweden;;2010-09-19;;;Other;;0.7699999999999818;;;other;;;;;
Sweden;;2014-09-14;;;Other;;0.9699999999999989;;;other;;;;;
Sweden;;2018-09-09;;;Other;;1.0799999999999983;;;other;;;;;
Sweden;;2022-09-11;;;Other;;1.0999999999999943;;;other;;;;;
United Kingdom;;1992-04-09;;;Other;;0.7999999999999972;;;other;;;;;
United Kingdom;;1997-05-01;;;Other;;1.9599999999999937;;;other;;;;;
United Kingdom;;2001-06-07;;;Other;;2.5;;;other;;;;;
United Kingdom;;2005-05-05;;;Other;;2.299999999999997;;;other;;;;;
United Kingdom;;2010-05-06;;;Other;;1.8600000000000136;;;other;;;;;
United Kingdom;;2015-05-07;;;Other;;0.37999999999998124;;;other;;;;;
United Kingdom;;2017-06-08;;;Other;;1.0799999999999983;;;other;;;;;
United Kingdom;;2019-12-12;;;Other;;1.4699999999999847;;;other;;;;;
United Kingdom;;2024-07-04;;;Other;;1.59999999999998;;;other;;;;;
