country_name_short;country_name;election_type;election_date;vote_share;seats;seats_total;party_name_short_x;party_name_x;party_name_english;left_right;country_id;election_id;previous_parliament_election_id;previous_cabinet_id;party_id;party_name_y;party_name_short_y;farright;farright_start;farright_end;parlgov_id;far_right;election_year
ITA;Italy;parliament;1994-03-27;46.4;;630.0;CeD;Centro-destra;Centre Right;7.4;26.0;146.0;605.0;801.0;67.0;Il Popolo della Libertà;PDL;0.0;2100.0;2100.0;67.0;non far-right;1994
ITA;Italy;parliament;1994-03-27;34.3;;630.0;CeS;Centro-sinistra;Centre Left;3.3;26.0;146.0;605.0;801.0;1048.0;;;;;;;non far-right;1994
ITA;Italy;parliament;1994-03-27;0.1;1.0;630.0;UV;Union Valdôtaine;Valdotanian Union;;26.0;146.0;605.0;801.0;974.0;;;;;;;non far-right;1994
ITA;Italy;parliament;1994-03-27;0.2;1.0;630.0;LAM;Lega d'Azione Meridionale;Southern Action League;8.7;26.0;146.0;605.0;801.0;436.0;Lega d'Azione Meridionale;LAM;1.0;1900.0;2100.0;436.0;far-right;1994
ITA;Italy;parliament;1994-03-27;;1.0;630.0;one-seat;one seat;one seat;;26.0;146.0;605.0;801.0;2302.0;;;;;;;non far-right;1994
ITA;Italy;parliament;1994-03-27;;2.0;630.0;PLD;Polo Liberal-Democratico;Liberal Democratic Pole;6.0;26.0;146.0;605.0;801.0;671.0;;;;;;;non far-right;1994
ITA;Italy;parliament;1994-03-27;0.6;3.0;630.0;SVP;Südtiroler Volkspartei;South Tyrol Peoples Party;5.4;26.0;146.0;605.0;801.0;1030.0;;;;;;;non far-right;1994
ITA;Italy;parliament;1994-03-27;;4.0;630.0;UdCe;Unione Democratica di Centro;Democratic Union of the Centre;6.0;26.0;146.0;605.0;801.0;397.0;;;;;;;non far-right;1994
ITA;Italy;parliament;1994-03-27;;5.0;630.0;CS;Cristiano Sociali;Social Christians;6.2;26.0;146.0;605.0;801.0;1431.0;;;;;;;non far-right;1994
ITA;Italy;parliament;1994-03-27;;6.0;630.0;R;Radicali;Radicals;3.9732;26.0;146.0;605.0;801.0;1296.0;;;;;;;non far-right;1994
ITA;Italy;parliament;1994-03-27;;10.0;630.0;none;senzo partito;no party affiliation;;26.0;146.0;605.0;801.0;1552.0;;;;;;;non far-right;1994
ITA;Italy;parliament;1994-03-27;;11.0;630.0;FdV;Federazione dei Verdi;Federation of the Greens;2.3725;26.0;146.0;605.0;801.0;910.0;;;;;;;non far-right;1994
ITA;Italy;parliament;1994-03-27;;14.0;630.0;PSI;Partito Socialista Italiano;Italian Socialist Party;3.7722;26.0;146.0;605.0;801.0;1475.0;;;;;;;non far-right;1994
ITA;Italy;parliament;1994-03-27;;29.0;630.0;CCD;Centro Cristiano Democratico;Christian Democratic Centre;5.9067;26.0;146.0;605.0;801.0;99.0;;;;;;;non far-right;1994
ITA;Italy;parliament;1994-03-27;;39.0;630.0;PRC;Partito della Rifondazione Comunista;Communist Refoundation Party;0.8849;26.0;146.0;605.0;801.0;1321.0;Partito della Rifondazione Comunista;PRC;0.0;2100.0;2100.0;1321.0;non far-right;1994
ITA;Italy;parliament;1994-03-27;15.7;46.0;630.0;PPI;Partito Popolare Italiano;Italian People's Party;4.6267;26.0;146.0;605.0;801.0;142.0;;;;;;;non far-right;1994
ITA;Italy;parliament;1994-03-27;;99.0;630.0;FI-PdL;Forza Italia – Il Popolo della Libertà;Go Italy -- The People of Freedom;7.1459;26.0;146.0;605.0;801.0;596.0;Forza Italia (1994-2009);FI1;0.0;2100.0;2100.0;596.0;non far-right;1994
ITA;Italy;parliament;1994-03-27;;109.0;630.0;DS;Democratici di Sinistra;Democrats of the Left;2.6277;26.0;146.0;605.0;801.0;809.0;;;;;;;non far-right;1994
ITA;Italy;parliament;1994-03-27;;109.0;630.0;AN;Alleanza Nazionale;National Alliance;8.0871;26.0;146.0;605.0;801.0;373.0;Alleanza Nazionale;AN;1.0;1900.0;2100.0;373.0;far-right;1994
ITA;Italy;parliament;1994-03-27;;117.0;630.0;LN;Lega Nord;North League;7.8007;26.0;146.0;605.0;801.0;1436.0;Lega (Nord);Lega;1.0;1900.0;2100.0;1436.0;far-right;1994
ITA;Italy;parliament;1994-03-27;;6.0;630.0;Rete;Movimento per la Democrazia – La Rete;Movement for Democracy -- The Net;6.2;26.0;146.0;605.0;801.0;366.0;La Rete;LR;0.0;2100.0;2100.0;366.0;non far-right;1994
ITA;Italy;parliament;1994-03-27;;18.0;630.0;AD;Alleanza Democratica;Democratic Alliance;5.0;26.0;146.0;605.0;801.0;896.0;;;;;;;non far-right;1994
NLD;Netherlands;parliament;1994-05-03;19.96;31.0;150.0;VVD;Volkspartij voor Vrijheid en Democratie;People's Party for Freedom and Democracy;7.3482;8.0;570.0;627.0;148.0;1409.0;;;;;;;non far-right;1994
NLD;Netherlands;parliament;1994-05-03;22.23;34.0;150.0;CDA;Christen Democratisch Appèl;Christian Democratic Appeal;5.9376;8.0;570.0;627.0;148.0;235.0;;;;;;;non far-right;1994
NLD;Netherlands;parliament;1994-05-03;1.77;3.0;150.0;RPF;Reformatorische Politieke Federati;Reformatory Political Federation;8.2963;8.0;570.0;627.0;148.0;212.0;;;;;;;non far-right;1994
NLD;Netherlands;parliament;1994-05-03;15.49;24.0;150.0;D66;Democraten 66;Democrats 66;4.5066;8.0;570.0;627.0;148.0;345.0;;;;;;;non far-right;1994
NLD;Netherlands;parliament;1994-05-03;0.87;1.0;150.0;one-seat;one seat;one seat;;8.0;570.0;627.0;148.0;2288.0;;;;;;;non far-right;1994
NLD;Netherlands;parliament;1994-05-03;23.97;37.0;150.0;PvdA;Partij van de Arbeid;Labour Party;3.6118;8.0;570.0;627.0;148.0;742.0;;;;;;;non far-right;1994
NLD;Netherlands;parliament;1994-05-03;1.73;2.0;150.0;SGP;Staatkundig Gereformeerde Partij;Political Reformed Party;8.7531;8.0;570.0;627.0;148.0;1251.0;;;;;;;non far-right;1994
NLD;Netherlands;parliament;1994-05-03;3.63;6.0;150.0;AOV|VSP;Algemeen Ouderen Verbond | Verenigde Senioren Partij;General Senior Union | United Seniors Party;;8.0;570.0;627.0;148.0;112.0;;;;;;;non far-right;1994
NLD;Netherlands;parliament;1994-05-03;3.47;5.0;150.0;GL;GroenLinks;GreenLeft;2.0454;8.0;570.0;627.0;148.0;756.0;;;;;;;non far-right;1994
NLD;Netherlands;parliament;1994-05-03;2.46;3.0;150.0;CD;Centrum Democraten;Centre Democrats;9.4097;8.0;570.0;627.0;148.0;209.0;Centrum Democraten;CD;1.0;1900.0;2100.0;209.0;far-right;1994
NLD;Netherlands;parliament;1994-05-03;0.36;0.0;150.0;CP;Centrumpartij;Centre Party;8.7;8.0;570.0;627.0;148.0;275.0;;;;;;;non far-right;1994
NLD;Netherlands;parliament;1994-05-03;1.32;2.0;150.0;SP;Socialistiese Partij;Socialist Party;1.3682;8.0;570.0;627.0;148.0;357.0;Socialistiese Partij;SP;0.0;2100.0;2100.0;357.0;non far-right;1994
NLD;Netherlands;parliament;1994-05-03;1.33;2.0;150.0;GPV;Gereformeerd Politiek Verbond;Reformed Political League;8.1444;8.0;570.0;627.0;148.0;625.0;;;;;;;non far-right;1994
HUN;Hungary;parliament;1994-05-29;0.6;1.0;386.0;VP;Vállalkozók Pártja Egyesület;Entrepreneurs' Party;6.0;39.0;620.0;257.0;13.0;1203.0;;;;;;;non far-right;1994
HUN;Hungary;parliament;1994-05-29;19.7;69.0;386.0;SzDSz;Szabad Demokraták Szövetsége;Alliance of Free Democrats;3.9659;39.0;620.0;257.0;13.0;1426.0;;;;;;;non far-right;1994
HUN;Hungary;parliament;1994-05-29;11.7;38.0;386.0;MDF;Magyar Demokrata Fórum;Hungarian Democratic Forum;6.4826;39.0;620.0;257.0;13.0;546.0;;;;;;;non far-right;1994
HUN;Hungary;parliament;1994-05-29;8.8;26.0;386.0;FKgP;Független Kisgazda Párt;Independent Small Holders Party;9.0186;39.0;620.0;257.0;13.0;870.0;Független Kisgazdapárt;FKgP;1.0;2019.0;2100.0;870.0;non far-right;1994
HUN;Hungary;parliament;1994-05-29;7.0;22.0;386.0;KDNP;Kereszténydemokrata Néppárt;Christian Democratic People's Party;7.4;39.0;620.0;257.0;13.0;434.0;;;;;;;non far-right;1994
HUN;Hungary;parliament;1994-05-29;2.55;0.0;386.0;KP;Köztársaság Párt;Republican Party;;39.0;620.0;257.0;13.0;2588.0;;;;;;;non far-right;1994
HUN;Hungary;parliament;1994-05-29;3.2;0.0;386.0;MMP;Magyar Munkáspárt;Hungarian Workers' Party;0.6316;39.0;620.0;257.0;13.0;1202.0;Magyar Munkáspárt;MMP;0.0;2100.0;2100.0;1202.0;non far-right;1994
HUN;Hungary;parliament;1994-05-29;1.6;0.0;386.0;MIEP;Magyar Igazság és Élet Pártja;Hungarian Justice and Life Party;9.6065;39.0;620.0;257.0;13.0;95.0;Magyar Igazság és Élet Pártja;MIÉP;1.0;1900.0;2100.0;95.0;far-right;1994
HUN;Hungary;parliament;1994-05-29;33.0;209.0;386.0;MSZP;Magyar Szocialista Párt;Hungarian Socialist Party;2.8743;39.0;620.0;257.0;13.0;1591.0;;;;;;;non far-right;1994
HUN;Hungary;parliament;1994-05-29;2.1;1.0;386.0;ASZ;Agrárszövetség;Agrarian Alliance;5.3;39.0;620.0;257.0;13.0;1183.0;;;;;;;non far-right;1994
HUN;Hungary;parliament;1994-05-29;7.0;20.0;386.0;Fi-MPSz;Fidesz – Magyar Polgári Szövetség;Fidesz -- Hungarian Civic Union;6.5432;39.0;620.0;257.0;13.0;921.0;Fidesz;Fidesz;1.0;2010.0;2100.0;921.0;non far-right;1994
LUX;Luxembourg;parliament;1994-06-12;2.76;0.0;60.0;NB;National Bewegong;National Movement;8.7;7.0;306.0;526.0;418.0;374.0;National Bewegong;NB;1.0;1900.0;2100.0;374.0;far-right;1994
LUX;Luxembourg;parliament;1994-06-12;29.71;21.0;60.0;CSV;Chrëschtlech Sozial Vollekspartei;Christian Social People's Party;6.4474;7.0;306.0;526.0;418.0;1234.0;;;;;;;non far-right;1994
LUX;Luxembourg;parliament;1994-06-12;26.69;17.0;60.0;LSAP;Lëtzebuerger Sozialistesch Aarbechterpartei;Luxembourg Socialist Workers' Party;3.2895;7.0;306.0;526.0;418.0;701.0;;;;;;;non far-right;1994
LUX;Luxembourg;parliament;1994-06-12;18.35;12.0;60.0;DP;Demokratesch Partei;Democratic Party;6.5789;7.0;306.0;526.0;418.0;967.0;;;;;;;non far-right;1994
LUX;Luxembourg;parliament;1994-06-12;10.17;5.0;60.0;Greng;Déi Gréng;The Greens;2.5;7.0;306.0;526.0;418.0;310.0;;;;;;;non far-right;1994
LUX;Luxembourg;parliament;1994-06-12;8.16;5.0;60.0;AR|ADR;Aktiounskomitee Rente | Alternativ Demokratesch Reformpartei;Action Committee Pensions | Alternative Democratic Reform Party;8.8158;7.0;306.0;526.0;418.0;1582.0;Alternativ Demokratesch Reformpartei;ADR;1.0;2022.0;2100.0;1582.0;non far-right;1994
LUX;Luxembourg;parliament;1994-06-12;1.92;0.0;60.0;KPL;Kommunistesch Partei Lëtzebuerg;Communist Party of Luxembourg;1.3;7.0;306.0;526.0;418.0;151.0;Kommunistesch Partei Lëtzebuerg;KPL;0.0;2100.0;2100.0;151.0;non far-right;1994
SWE;Sweden;parliament;1994-09-18;1.2;0.0;349.0;NyD;Ny Demokrati;New Democracy;8.9944;35.0;412.0;472.0;779.0;951.0;Ny Demokrati;NyD;0.0;2100.0;2100.0;951.0;non far-right;1994
SWE;Sweden;parliament;1994-09-18;6.2;22.0;349.0;V;Vänsterpartiet (kommunisterna);Left Party (Communists);1.5464;35.0;412.0;472.0;779.0;882.0;Vänsterpartiet;V;0.0;2100.0;2100.0;882.0;non far-right;1994
SWE;Sweden;parliament;1994-09-18;4.1;15.0;349.0;KD;Kristdemokraterna;Christian Democrats;7.195;35.0;412.0;472.0;779.0;282.0;;;;;;;non far-right;1994
SWE;Sweden;parliament;1994-09-18;45.3;161.0;349.0;SAP;Socialdemokraterna;Social Democrats;3.4447;35.0;412.0;472.0;779.0;904.0;;;;;;;non far-right;1994
SWE;Sweden;parliament;1994-09-18;22.4;80.0;349.0;M;Moderaterna;Moderate Party;7.8907;35.0;412.0;472.0;779.0;657.0;;;;;;;non far-right;1994
SWE;Sweden;parliament;1994-09-18;7.7;27.0;349.0;C;Centerpartiet;Centre Party;5.8084;35.0;412.0;472.0;779.0;1461.0;;;;;;;non far-right;1994
SWE;Sweden;parliament;1994-09-18;7.2;26.0;349.0;FP;Folkpartiet;People's Party;6.2906;35.0;412.0;472.0;779.0;892.0;;;;;;;non far-right;1994
SWE;Sweden;parliament;1994-09-18;5.0;18.0;349.0;MP;Miljöpartiet de Gröna;Greens;3.3789;35.0;412.0;472.0;779.0;1154.0;;;;;;;non far-right;1994
DNK;Denmark;parliament;1994-09-21;7.3;13.0;179.0;SF;Socialistisk Folkeparti;Socialist Peoples Party;2.1347;21.0;89.0;157.0;740.0;1644.0;Socialistisk Folkeparti;SF;0.0;2100.0;2100.0;1644.0;non far-right;1994
DNK;Denmark;parliament;1994-09-21;2.8;5.0;179.0;CD;Centrumdemokraterne;Centre Democrats;5.5609;21.0;89.0;157.0;740.0;1324.0;;;;;;;non far-right;1994
DNK;Denmark;parliament;1994-09-21;34.6;62.0;179.0;Sd;Socialdemokraterne;Social Democrats;3.8011;21.0;89.0;157.0;740.0;1629.0;;;;;;;non far-right;1994
DNK;Denmark;parliament;1994-09-21;23.3;42.0;179.0;V;Venstre;Liberal Party;7.292;21.0;89.0;157.0;740.0;1605.0;;;;;;;non far-right;1994
DNK;Denmark;parliament;1994-09-21;1.8;0.0;179.0;KrF;Kristeligt Folkeparti;Christian People's Party;5.6982;21.0;89.0;157.0;740.0;1331.0;;;;;;;non far-right;1994
DNK;Denmark;parliament;1994-09-21;;1.0;179.0;etc;others;others;;21.0;89.0;157.0;740.0;2576.0;;;;;;;non far-right;1994
DNK;Denmark;parliament;1994-09-21;;1.0;179.0;Sbf;Sambandsflokkurin;Union Party (Faroe Islands);7.4;21.0;89.0;157.0;740.0;1892.0;;;;;;;non far-right;1994
DNK;Denmark;parliament;1994-09-21;;1.0;179.0;FF;Hin føroyski fólkaflokkurin – radikalt sjálvstýri;People's Party (Faroe Islands);7.4;21.0;89.0;157.0;740.0;2574.0;;;;;;;non far-right;1994
DNK;Denmark;parliament;1994-09-21;;1.0;179.0;At;Atassut;Solidarity (Greenland);6.0;21.0;89.0;157.0;740.0;2575.0;;;;;;;non far-right;1994
DNK;Denmark;parliament;1994-09-21;1.0;1.0;179.0;none;ingen;no party affiliation;;21.0;89.0;157.0;740.0;1128.0;;;;;;;non far-right;1994
DNK;Denmark;parliament;1994-09-21;3.1;6.0;179.0;En-O;Enhedslisten – De Rød-Grønne;Red-Green Alliance;0.8912;21.0;89.0;157.0;740.0;306.0;Enhedslisten – De Rød-Grønne;En-O;0.0;2100.0;2100.0;306.0;non far-right;1994
DNK;Denmark;parliament;1994-09-21;4.6;8.0;179.0;RV;Det Radikale Venstre;Danish Social Liberal Party;4.8736;21.0;89.0;157.0;740.0;211.0;;;;;;;non far-right;1994
DNK;Denmark;parliament;1994-09-21;6.4;11.0;179.0;FrP;Fremskridtspartiet;Progress Party;9.0259;21.0;89.0;157.0;740.0;978.0;Fremskridtspartiet;FrP;0.0;2100.0;2100.0;978.0;non far-right;1994
DNK;Denmark;parliament;1994-09-21;15.0;27.0;179.0;KF;Konservative;Conservatives;7.2186;21.0;89.0;157.0;740.0;590.0;;;;;;;non far-right;1994
SVK;Slovakia;parliament;1994-10-01;;9.0;150.0;S-E;Spolužitie – Együttélés;Coexistence;7.4;1.0;119.0;294.0;817.0;2248.0;;;;;;;non far-right;1994
SVK;Slovakia;parliament;1994-10-01;5.4;9.0;150.0;SNS;Slovenská národná strana;Slovak National Party;7.0198;1.0;119.0;294.0;817.0;1072.0;Slovenská Národná Strana;SNS;1.0;1900.0;2100.0;1072.0;far-right;1994
SVK;Slovakia;parliament;1994-10-01;10.42;18.0;150.0;SV;Spoločná voľba;Common Choice;1.3;1.0;119.0;294.0;817.0;527.0;;;;;;;non far-right;1994
SVK;Slovakia;parliament;1994-10-01;10.08;17.0;150.0;KDH;Kresťanskodemokratické hnutie;Christian Democratic Movement;7.1082;1.0;119.0;294.0;817.0;1432.0;;;;;;;non far-right;1994
SVK;Slovakia;parliament;1994-10-01;;7.0;150.0;MKDM;Maďarské kresťanskodemokratické hnutie – Magyar kereszténydemokrata mozgalom;Hungarian Christian Democratic Movement;6.6667;1.0;119.0;294.0;817.0;2247.0;;;;;;;non far-right;1994
SVK;Slovakia;parliament;1994-10-01;7.35;13.0;150.0;ZRS;Združenie robotníkov Slovenska;Association of Workers of Slovakia;1.3;1.0;119.0;294.0;817.0;1563.0;Združenie Robotníkov Slovenska;ZRS;0.0;2100.0;2100.0;1563.0;non far-right;1994
SVK;Slovakia;parliament;1994-10-01;;1.0;150.0;MOS;Maďarská občianska strana – Magyar polgári párt;Hungarian Civic Party;6.0;1.0;119.0;294.0;817.0;2246.0;;;;;;;non far-right;1994
SVK;Slovakia;parliament;1994-10-01;10.19;;150.0;MK;Maďarskej koalície – Magyar koalíció;Hungarian Coalition;6.5005;1.0;119.0;294.0;817.0;559.0;;;;;;;non far-right;1994
SVK;Slovakia;parliament;1994-10-01;2.72;0.0;150.0;KSS;Komunistická strana Slovenska;Communist Party of Slovakia;0.5275;1.0;119.0;294.0;817.0;44.0;Komunistická Strana Slovenska;KSS;0.0;2100.0;2100.0;44.0;non far-right;1994
SVK;Slovakia;parliament;1994-10-01;2.06;0.0;150.0;KSU;Krest’anská sociálna únia Slovenska;Christian Social Union;6.6667;1.0;119.0;294.0;817.0;936.0;;;;;;;non far-right;1994
SVK;Slovakia;parliament;1994-10-01;1.33;0.0;150.0;NS;Nové Slovensko;New Slovakia;;1.0;119.0;294.0;817.0;2237.0;;;;;;;non far-right;1994
SVK;Slovakia;parliament;1994-10-01;1.32;0.0;150.0;SPK;Strana proti korupcii, za poriadok, prácu a peniaze pre všetkých slušných obcanov;Party against Corruption, for Order, Labour and Money for all Decent Citizens;;1.0;119.0;294.0;817.0;2238.0;;;;;;;non far-right;1994
SVK;Slovakia;parliament;1994-10-01;1.05;0.0;150.0;HZPCS;Hnutie za prosperujúce Cesko a Slovensko;Movement for a Prosperous Czechia and Slovakia;;1.0;119.0;294.0;817.0;2239.0;;;;;;;non far-right;1994
SVK;Slovakia;parliament;1994-10-01;3.43;0.0;150.0;DS;Demokratická strana;Democratic Party;6.2;1.0;119.0;294.0;817.0;1000.0;;;;;;;non far-right;1994
SVK;Slovakia;parliament;1994-10-01;34.97;61.0;150.0;HZDS;Hnutie za demokratické Slovensko;Movement for a Democratic Slovakia;4.8914;1.0;119.0;294.0;817.0;1142.0;Hnutie za Demokratické Slovensko;HZDS / ĽS-HZDS;0.0;2100.0;2100.0;1142.0;non far-right;1994
SVK;Slovakia;parliament;1994-10-01;8.57;15.0;150.0;DUS;Demokratická únia;Democratic Union;6.0;1.0;119.0;294.0;817.0;1495.0;;;;;;;non far-right;1994
AUT;Austria;parliament;1994-10-09;34.9;65.0;183.0;SPO;Sozialdemokratische Partei Österreichs;Social Democratic Party of Austria;3.7293;59.0;66.0;325.0;524.0;973.0;;;;;;;non far-right;1994
AUT;Austria;parliament;1994-10-09;0.9;0.0;183.0;Nein;Nein – Bürgerinitiative gegen die EU Mitgliedschaft;No -- Citizens' Initiative against EU membership;;59.0;66.0;325.0;524.0;1744.0;;;;;;;non far-right;1994
AUT;Austria;parliament;1994-10-09;6.0;11.0;183.0;LIF;Liberales Forum;Liberal Forum;4.8806;59.0;66.0;325.0;524.0;955.0;;;;;;;non far-right;1994
AUT;Austria;parliament;1994-10-09;7.3;13.0;183.0;Gruene;Die Grünen – Die Grüne Alternative;The Greens -- The Green Alternative;2.4604;59.0;66.0;325.0;524.0;1429.0;;;;;;;non far-right;1994
AUT;Austria;parliament;1994-10-09;22.5;42.0;183.0;FPO;Freiheitliche Partei Österreichs;Freedom Party of Austria;8.3494;59.0;66.0;325.0;524.0;50.0;Freiheitliche Partei Österreichs;FPÖ;1.0;1900.0;2100.0;50.0;far-right;1994
AUT;Austria;parliament;1994-10-09;27.7;52.0;183.0;OVP;Österreichische Volkspartei;Austrian People's Party;6.4733;59.0;66.0;325.0;524.0;1013.0;;;;;;;non far-right;1994
DEU;Germany;parliament;1994-10-16;4.4;30.0;672.0;PDS|Li;PDS | Die Linke;PDS | The Left;1.2152;54.0;595.0;445.0;862.0;791.0;PDS / Die Linke;Linke;0.0;2100.0;2100.0;791.0;non far-right;1994
DEU;Germany;parliament;1994-10-16;1.9;0.0;672.0;Rep;Die Republikaner;The Republicans;9.2752;54.0;595.0;445.0;862.0;524.0;Republikaner;Republikaner;1.0;1900.0;2100.0;524.0;far-right;1994
DEU;Germany;parliament;1994-10-16;7.3;49.0;672.0;B90/Gru;Bündnis 90 / Die Grünen;Alliance 90 / Greens;2.9308;54.0;595.0;445.0;862.0;772.0;;;;;;;non far-right;1994
DEU;Germany;parliament;1994-10-16;7.3;50.0;672.0;CSU;Christlich Soziale Union;Christian Social Union;7.2871;54.0;595.0;445.0;862.0;1180.0;;;;;;;non far-right;1994
DEU;Germany;parliament;1994-10-16;34.2;244.0;672.0;CDU;Christlich Demokratische Union;Christian Democratic Union;6.2503;54.0;595.0;445.0;862.0;808.0;;;;;;;non far-right;1994
DEU;Germany;parliament;1994-10-16;36.4;252.0;672.0;SPD;Sozialdemokratische Partei Deutschlands;Social Democratic Party of Germany;3.6451;54.0;595.0;445.0;862.0;558.0;;;;;;;non far-right;1994
DEU;Germany;parliament;1994-10-16;6.9;47.0;672.0;FDP;Freie Demokratische Partei;Free Democratic Party;5.9233;54.0;595.0;445.0;862.0;543.0;;;;;;;non far-right;1994
BGR;Bulgaria;parliament;1994-12-18;1.43;0.0;240.0;PS;Patriotichen Suyuz;Patriotic Union;7.4;10.0;355.0;32.0;109.0;2177.0;;;;;;;non far-right;1994
BGR;Bulgaria;parliament;1994-12-18;1.49;0.0;240.0;SNI;"Suyuz ""Nov izbor""";"""New Choice"" Union";6.0;10.0;355.0;32.0;109.0;2176.0;;;;;;;non far-right;1994
BGR;Bulgaria;parliament;1994-12-18;1.41;0.0;240.0;FTB;Federatsiya Tsarstvo Balgariya;Kingdom of Bulgaria Confederation;;10.0;355.0;32.0;109.0;800.0;;;;;;;non far-right;1994
BGR;Bulgaria;parliament;1994-12-18;1.51;0.0;240.0;KPB;Komunisticheska Partiya na Balgariya;Communist Party of Bulgaria;0.3684;10.0;355.0;32.0;109.0;1570.0;;;;;;;non far-right;1994
BGR;Bulgaria;parliament;1994-12-18;3.79;0.0;240.0;DAR;Demokratichna Alternativa za Republikata;Democratic Alternative for the Republic;3.3;10.0;355.0;32.0;109.0;2170.0;;;;;;;non far-right;1994
BGR;Bulgaria;parliament;1994-12-18;4.73;13.0;240.0;BBB;Balgarski Biznes Blok;Bulgarian Business Bloc;6.6784;10.0;355.0;32.0;109.0;599.0;;;;;;;non far-right;1994
BGR;Bulgaria;parliament;1994-12-18;5.44;15.0;240.0;DPS;Dvizhenie za Prava i Svobodi;Movement for Rights and Freedoms;4.5828;10.0;355.0;32.0;109.0;1286.0;;;;;;;non far-right;1994
BGR;Bulgaria;parliament;1994-12-18;6.51;18.0;240.0;ZNS;Zemedelski Naroden Suyuz;Agrarian People's Union;5.5263;10.0;355.0;32.0;109.0;353.0;;;;;;;non far-right;1994
BGR;Bulgaria;parliament;1994-12-18;43.5;125.0;240.0;KzB|DL;Koalitsiya za Balgariya | Demokratichna Levitsa;Coalition for Bulgaria | Democratic Left;2.8982;10.0;355.0;32.0;109.0;1160.0;;;;;;;non far-right;1994
BGR;Bulgaria;parliament;1994-12-18;24.23;69.0;240.0;SDS;Suyuz na Demokratichnite Sili;Union of Democratic Forces;6.1111;10.0;355.0;32.0;109.0;423.0;;;;;;;non far-right;1994
EST;Estonia;parliament;1995-03-05;14.17;16.0;101.0;EK;Eesti Keskerakond;Estonian Centre Party;3.9562;75.0;600.0;670.0;4.0;1137.0;Eesti Keskerakond;EK;0.0;2100.0;2100.0;1137.0;non far-right;1995
EST;Estonia;parliament;1995-03-05;16.19;19.0;101.0;ERe;Eesti Reformierakond;Estonian Reform Party;7.8969;75.0;600.0;670.0;4.0;113.0;;;;;;;non far-right;1995
EST;Estonia;parliament;1995-03-05;2.27;0.0;101.0;ESDTP|EVP;Eesti [Sotsiaal] Demokraatlikuks Tööparteiks | Eesti Vasakpartei;Estonian [Social] Democratic Labour Party | Estonian Left Party;1.3;75.0;600.0;670.0;4.0;2416.0;;;;;;;non far-right;1995
EST;Estonia;parliament;1995-03-05;1.51;0.0;101.0;ETE;Eesti Talurahva Erakond;Estonian Farmers Party;5.3;75.0;600.0;670.0;4.0;1796.0;;;;;;;non far-right;1995
EST;Estonia;parliament;1995-03-05;2.57;0.0;101.0;TEE;Tuleviku Eesti | Iseseisvuspartei;Future Estonia | Independence;8.7;75.0;600.0;670.0;4.0;1794.0;;;;;;;non far-right;1995
EST;Estonia;parliament;1995-03-05;3.61;0.0;101.0;EKo;Eesti Kodanik;Estonian Citizens;8.7;75.0;600.0;670.0;4.0;1064.0;Eesti Kodanik;EKo;1.0;1900.0;2100.0;1064.0;far-right;1995
EST;Estonia;parliament;1995-03-05;5.0;5.0;101.0;VKR;Vabariiklaste ja Konservatiivide Rahvaerakond;People's Party of Republicans and Conservatives;7.4;75.0;600.0;670.0;4.0;1395.0;;;;;;;non far-right;1995
EST;Estonia;parliament;1995-03-05;7.86;8.0;101.0;RKI;"Rahvuslik Koonderakond ""Isamaa""";"National Coalition Party ""Pro Patria""";7.4;75.0;600.0;670.0;4.0;243.0;;;;;;;non far-right;1995
EST;Estonia;parliament;1995-03-05;5.87;6.0;101.0;K-EUR;Konstitutsioonierakond – Eestimaa Ühendatud Rahvapartei;Constitution Party -- Estonian United People's Party;2.0282;75.0;600.0;670.0;4.0;1590.0;;;;;;;non far-right;1995
EST;Estonia;parliament;1995-03-05;5.99;6.0;101.0;SDE|M;Sotsiaaldemokraatlik Erakond | Mõõdukad;Social Democratic Party | Moderates;4.1915;75.0;600.0;670.0;4.0;1448.0;;;;;;;non far-right;1995
EST;Estonia;parliament;1995-03-05;32.23;41.0;101.0;EKK;Eesti Koonderakond;Estonian Coalition Party;7.2222;75.0;600.0;670.0;4.0;486.0;;;;;;;non far-right;1995
FIN;Finland;parliament;1995-03-19;19.8;44.0;200.0;KESK;Keskusta;Centre Party;5.8027;67.0;24.0;602.0;206.0;94.0;;;;;;;non far-right;1995
FIN;Finland;parliament;1995-03-19;28.3;63.0;200.0;SSDP;Suomen Sosialidemokraattinen Puolue – Finlands Socialdemokratiska Parti;Social Democratic Party of Finland;3.5595;67.0;24.0;602.0;206.0;395.0;;;;;;;non far-right;1995
FIN;Finland;parliament;1995-03-19;17.9;39.0;200.0;KOK;Kansallinen Kokoomus – Samlingspartiet;National Coalition Party;7.2451;67.0;24.0;602.0;206.0;1118.0;;;;;;;non far-right;1995
FIN;Finland;parliament;1995-03-19;11.2;22.0;200.0;DL|VAS;Demokraattinen Liitto – Demokratiska Förbundet | Vasemmistoliitto – Vänsterförbundet;Democratic Union | Left Alliance;2.1843;67.0;24.0;602.0;206.0;1292.0;Demokraattinen Liitto | Vasemmistoliitto;VAS;0.0;2100.0;2100.0;1292.0;non far-right;1995
FIN;Finland;parliament;1995-03-19;5.1;11.0;200.0;RKP-SFP;Ruotsalainen Kansanpuolue – Svenska Folkepartiet i Finland;Swedish People's Party;6.3906;67.0;24.0;602.0;206.0;585.0;;;;;;;non far-right;1995
FIN;Finland;parliament;1995-03-19;6.5;9.0;200.0;VIHR;Vihreä Liitto – Gröna Förbundet;Green League;3.6465;67.0;24.0;602.0;206.0;1062.0;;;;;;;non far-right;1995
FIN;Finland;parliament;1995-03-19;3.0;7.0;200.0;KD;Kristillisdemokraatit – Kristdemokraterna;Christian Democrats;7.1884;67.0;24.0;602.0;206.0;1463.0;;;;;;;non far-right;1995
FIN;Finland;parliament;1995-03-19;0.4;1.0;200.0;AS;Åländsk Samling;Aland Coalition;;67.0;24.0;602.0;206.0;66.0;;;;;;;non far-right;1995
FIN;Finland;parliament;1995-03-19;1.3;1.0;200.0;SP|P;Suomen Puolue | Perussuomalaiset;Finnish Party | True Finns;6.6331;67.0;24.0;602.0;206.0;200.0;Suomen Maaseudun Puolue | Perussuomalaiset;PS;1.0;1900.0;2100.0;200.0;far-right;1995
FIN;Finland;parliament;1995-03-19;1.01;0.0;200.0;VSL;Vapaan Suomen Liitto – Självständighetspartiet;League for Free Finland;;67.0;24.0;602.0;206.0;979.0;;;;;;;non far-right;1995
FIN;Finland;parliament;1995-03-19;0.3;1.0;200.0;Eko;Ekologinen puolue – Ekologiska partiet;Ecological Party;4.75;67.0;24.0;602.0;206.0;1105.0;;;;;;;non far-right;1995
FIN;Finland;parliament;1995-03-19;2.8;2.0;200.0;NSP;Nuorsuomalaiset – Ungfinnarna;Young Finns;6.0;67.0;24.0;602.0;206.0;1009.0;;;;;;;non far-right;1995
BEL;Belgium;parliament;1995-05-21;4.67;5.0;150.0;VU;Volksunie;People's Union;6.5321;64.0;332.0;418.0;624.0;290.0;;;;;;;non far-right;1995
BEL;Belgium;parliament;1995-05-21;4.01;6.0;150.0;Ecolo;Écologistes Confédérés pour l'organisation de luttes originales;Confederated ecologists for the organisation of original struggles;2.641;64.0;332.0;418.0;624.0;161.0;;;;;;;non far-right;1995
BEL;Belgium;parliament;1995-05-21;7.83;11.0;150.0;VB;Vlaams Blok | Vlaams Belang;Flemish Block | Flemish Interest;9.6622;64.0;332.0;418.0;624.0;993.0;Vlaams Belang;VB;1.0;1900.0;2100.0;993.0;far-right;1995
BEL;Belgium;parliament;1995-05-21;12.6;20.0;150.0;SP;Socialistische Partij;Socialist Party;3.2459;64.0;332.0;418.0;624.0;1029.0;;;;;;;non far-right;1995
BEL;Belgium;parliament;1995-05-21;7.73;12.0;150.0;PSC-CDH;Parti Social Chrétien – Centre Democrate Humaniste;Francophone Christian Social Party -- Humanist Democratic Centre;5.4974;64.0;332.0;418.0;624.0;1192.0;;;;;;;non far-right;1995
BEL;Belgium;parliament;1995-05-21;10.26;18.0;150.0;PRL;Parti Réformateur Libéral;Liberal Reformist Party;6.8551;64.0;332.0;418.0;624.0;454.0;;;;;;;non far-right;1995
BEL;Belgium;parliament;1995-05-21;4.43;5.0;150.0;AGL-Gr;Agalev – Groen;Agalev -- Green;2.5762;64.0;332.0;418.0;624.0;1594.0;;;;;;;non far-right;1995
BEL;Belgium;parliament;1995-05-21;2.28;2.0;150.0;FN;Front National;National Front;9.655;64.0;332.0;418.0;624.0;171.0;Front National;FN;1.0;1900.0;2100.0;171.0;far-right;1995
BEL;Belgium;parliament;1995-05-21;0.6;0.0;150.0;PA-PTB;Partij van de Arbeid – Parti du Travail de Belgique;Workers' Party of Belgium;1.3;64.0;332.0;418.0;624.0;256.0;Partij van de Arbeid – Parti du Travail;PVDA/PTB;0.0;2100.0;2100.0;256.0;non far-right;1995
BEL;Belgium;parliament;1995-05-21;17.2;29.0;150.0;CVP|CD&V;Christelijke Volkspartij | Christen-Democratisch en Vlaams;Flemish Christian Peoples Party | Christian Democrats & Flemish;5.7667;64.0;332.0;418.0;624.0;723.0;;;;;;;non far-right;1995
BEL;Belgium;parliament;1995-05-21;13.15;21.0;150.0;PVV|VLD;Partij voor Vrijheid en Vooruitgang | Vlaamse Liberalen en Democraten;Party of Liberty and Progress | Flemish Liberals and Democrats;7.0053;64.0;332.0;418.0;624.0;1110.0;;;;;;;non far-right;1995
BEL;Belgium;parliament;1995-05-21;11.87;21.0;150.0;PS;Parti Socialiste;Socialist Party [Francophone];2.9307;64.0;332.0;418.0;624.0;1378.0;;;;;;;non far-right;1995
LVA;Latvia;parliament;1995-10-01;1.25;0.0;100.0;LKPP;Latvijas Krievu pilsoņu partija;Latvia's Party of Russian Citizens;;55.0;534.0;564.0;201.0;1083.0;;;;;;;non far-right;1995
LVA;Latvia;parliament;1995-10-01;5.58;5.0;100.0;LSP;Latvijas Sociālistiskā partija;Socialist Party of Latvia;1.25;55.0;534.0;564.0;201.0;309.0;Latvijas Socialistiska Partija;LSP;0.0;2100.0;2100.0;309.0;non far-right;1995
LVA;Latvia;parliament;1995-10-01;5.55;6.0;100.0;TSP;Tautas Saskaņas Partija;National Harmony Party;1.864;55.0;534.0;564.0;201.0;32.0;;;;;;;non far-right;1995
LVA;Latvia;parliament;1995-10-01;7.15;8.0;100.0;LVP;Latvijas Vienības Partija;Latvian Unity Party;1.3;55.0;534.0;564.0;201.0;1042.0;Latvijas Vienibas Partija;LVP;0.0;2100.0;2100.0;1042.0;non far-right;1995
LVA;Latvia;parliament;1995-10-01;6.32;8.0;100.0;LNNK;Latvijas Nacionālās Neatkarības Kustība;Latvian National Independence Movement;8.375;55.0;534.0;564.0;201.0;1557.0;;;;;;;non far-right;1995
LVA;Latvia;parliament;1995-10-01;6.36;8.0;100.0;KDS;Kristīgi demokrātiskā savienība;Christian Democratic Union;6.2;55.0;534.0;564.0;201.0;239.0;;;;;;;non far-right;1995
LVA;Latvia;parliament;1995-10-01;11.94;14.0;100.0;TB;Tēvzemei un Brīvībai;For Fatherland and Freedom;8.7;55.0;534.0;564.0;201.0;203.0;Tevzemei un Brivibai / LNNK;TB / LNNK;1.0;1900.0;2100.0;203.0;far-right;1995
PRT;Portugal;parliament;1995-10-01;44.61;112.0;230.0;PS;Partido Socialista;Socialist Party;4.0492;63.0;216.0;90.0;282.0;725.0;;;;;;;non far-right;1995
LVA;Latvia;parliament;1995-10-01;14.65;17.0;100.0;LC;Latvijas Ceļš;Latvian Way;6.125;55.0;534.0;564.0;201.0;526.0;;;;;;;non far-right;1995
LVA;Latvia;parliament;1995-10-01;15.15;18.0;100.0;DPS;"Demokrātiskā partija ""Saimnieks""";Democratic Party Saimnieks;6.0;55.0;534.0;564.0;201.0;759.0;;;;;;;non far-right;1995
LVA;Latvia;parliament;1995-10-01;1.0;0.0;100.0;MPA-LNP;Maznodrošināto politiskā apvienība un Latviešu neatkarības partija;Political Association of the Underprivileged and Latvian Independence Party;;55.0;534.0;564.0;201.0;1163.0;;;;;;;non far-right;1995
PRT;Portugal;parliament;1995-10-01;34.78;88.0;230.0;PSD;Partido Social Democrata;Social Democratic Party;6.2949;63.0;216.0;90.0;282.0;1273.0;;;;;;;non far-right;1995
PRT;Portugal;parliament;1995-10-01;;13.0;230.0;PCP;Partido Comunista Português;Portuguese Communist Party;2.1754;63.0;216.0;90.0;282.0;514.0;Partido Comunista Português;PCP;0.0;2100.0;2100.0;514.0;non far-right;1995
PRT;Portugal;parliament;1995-10-01;;2.0;230.0;PEV;Partido Ecologista – Os Verdes;Ecology Party -- Greens;1.6579;63.0;216.0;90.0;282.0;1535.0;;;;;;;non far-right;1995
LVA;Latvia;parliament;1995-10-01;1.49;0.0;100.0;TPA;Tautsaimnieku politiskā apvienība;Political Union of Economists;6.0;55.0;534.0;564.0;201.0;278.0;;;;;;;non far-right;1995
LVA;Latvia;parliament;1995-10-01;14.9;16.0;100.0;TKL-ZP;Tautas Kustība Latvijai – Zīgerista Partija;People's Movement for Latvia -- Siegerist Party;8.7;55.0;534.0;564.0;201.0;267.0;Tautas Kustība “Latvijai” (Zīgerista Partija);TKL;1.0;1900.0;2100.0;267.0;far-right;1995
PRT;Portugal;parliament;1995-10-01;0.71;0.0;230.0;PCTP/MRPP;Comunista dos Trabalhadores Portugueses / Movimento Reorganizativo do Partido do Proletariado;Communist Party of the Portuguese Workers / Reorganizative Movement of the Party of the Proletariat;1.3;63.0;216.0;90.0;282.0;281.0;;;;;;;non far-right;1995
PRT;Portugal;parliament;1995-10-01;8.74;;230.0;CDU;Coligação Democrático Unitária;Unified Democratic Coalition;2.2233;63.0;216.0;90.0;282.0;1295.0;;;;;;;non far-right;1995
LVA;Latvia;parliament;1995-10-01;1.37;0.0;100.0;LZ;Latviesu Zemnieku Savieniba;Union of Latvian Farmers;5.3;55.0;534.0;564.0;201.0;2417.0;;;;;;;non far-right;1995
PRT;Portugal;parliament;1995-10-01;9.23;15.0;230.0;CDS-PP;Centro Democrático e Social – Partido Popular;Democratic and Social Centre -- People's Party;8.0222;63.0;216.0;90.0;282.0;251.0;;;;;;;non far-right;1995
LVA;Latvia;parliament;1995-10-01;1.16;0.0;100.0;LTF;Latvijas Tautas fronte;Popular Front of Latvia;;55.0;534.0;564.0;201.0;42.0;;;;;;;non far-right;1995
LVA;Latvia;parliament;1995-10-01;4.56;0.0;100.0;LSDSP;Latvijas Sociāldemokrātiskā Strādnieku Partija;Latvian Social Democratic Workers' Party;2.5;55.0;534.0;564.0;201.0;1656.0;;;;;;;non far-right;1995
CHE;Switzerland;parliament;1995-10-22;4.0;7.0;200.0;FPS;Auto-Partei | Freiheitspartei der Schweiz;Automobile Party | Freedom Party of Switzerland;8.0556;40.0;105.0;521.0;773.0;1602.0;;;;;;;non far-right;1995
CHE;Switzerland;parliament;1995-10-22;3.1;3.0;200.0;NA|SD;Nationale Aktion – Action Nationale | Schweizer Demokraten – Démocrates Suisses;National Action -- Swiss Democrats;9.4247;40.0;105.0;521.0;773.0;628.0;Schweizer Demokraten;SD;1.0;1900.0;2100.0;628.0;far-right;1995
CHE;Switzerland;parliament;1995-10-22;1.5;2.0;200.0;FGr-ASF;Feministische und grün-alternative Gruppierungen – Alternative socialiste verte et groupements féministes;Feminists and Green-Alternative Groups;2.5;40.0;105.0;521.0;773.0;569.0;;;;;;;non far-right;1995
CHE;Switzerland;parliament;1995-10-22;1.2;3.0;200.0;PdA;Partei der Arbeit der Schweiz;Swiss Party of Labour;0.5263;40.0;105.0;521.0;773.0;1167.0;Partei der Arbeit der Schweiz;PdA;0.0;2100.0;2100.0;1167.0;non far-right;1995
CHE;Switzerland;parliament;1995-10-22;0.3;0.0;200.0;S;solidaritéS;Solidarity;1.3;40.0;105.0;521.0;773.0;1226.0;SolidaritéS;SOL;0.0;2100.0;2100.0;1226.0;non far-right;1995
CHE;Switzerland;parliament;1995-10-22;0.3;1.0;200.0;CsP-PCS;Christlich-soziale Partei – Parti chrétien-social;Christian Social Party;6.2;40.0;105.0;521.0;773.0;1012.0;;;;;;;non far-right;1995
CHE;Switzerland;parliament;1995-10-22;1.3;1.0;200.0;EDU-UDF;Eidgenössisch-Demokratische Union – Union Démocratique Fédérale;Federal Democratic Union of Switzerland;8.6579;40.0;105.0;521.0;773.0;1318.0;Eidgenössisch-Demokratische Union;EDU;1.0;1900.0;2100.0;1318.0;far-right;1995
CHE;Switzerland;parliament;1995-10-22;21.8;54.0;200.0;SP-PS;Sozialdemokratische Partei der Schweiz – Parti Socialiste Suisse;Social Democratic Party of Switzerland;1.8319;40.0;105.0;521.0;773.0;35.0;;;;;;;non far-right;1995
CHE;Switzerland;parliament;1995-10-22;1.8;2.0;200.0;EVP-PEP;Evangelische Volkspartei der Schweiz – Parti Populaire Evangelique Suisse;Protestant Peoples Party;4.9248;40.0;105.0;521.0;773.0;602.0;;;;;;;non far-right;1995
CHE;Switzerland;parliament;1995-10-22;2.7;7.0;200.0;LPS;Liberale Partei der Schweiz – Parti liberal suisse;Liberal Party of Switzerland;7.2961;40.0;105.0;521.0;773.0;458.0;;;;;;;non far-right;1995
CHE;Switzerland;parliament;1995-10-22;0.9;1.0;200.0;LdT;Lega dei Ticinesi;Ticino League;8.7;40.0;105.0;521.0;773.0;1500.0;Lega dei Ticinesi;LdT;1.0;1900.0;2100.0;1500.0;far-right;1995
CHE;Switzerland;parliament;1995-10-22;14.9;29.0;200.0;SVP-UDC;Schweizerische Volkspartei – Union Démocratique du Centre;Swiss People's Party;7.3575;40.0;105.0;521.0;773.0;750.0;Schweizerische Volkspartei;SVP;1.0;1900.0;2100.0;750.0;far-right;1995
CHE;Switzerland;parliament;1995-10-22;16.8;34.0;200.0;KK/CVP;Katholische Konservative / Christlichdemokratische Volkspartei – Conservateurs catholiques  /  Parti démocrate-chrétien;Catholic Conservative / Christian Democratic People's Party;4.7288;40.0;105.0;521.0;773.0;531.0;;;;;;;non far-right;1995
CHE;Switzerland;parliament;1995-10-22;5.0;8.0;200.0;Grue;Grüne – Écologiste;Greens;1.6886;40.0;105.0;521.0;773.0;141.0;;;;;;;non far-right;1995
CHE;Switzerland;parliament;1995-10-22;20.2;45.0;200.0;FDP-PRD;Freisinnig-Demokratische Partei der Schweiz – Parti Radical-Democratique Suisse;Radical Democratic Party;6.3249;40.0;105.0;521.0;773.0;26.0;;;;;;;non far-right;1995
CHE;Switzerland;parliament;1995-10-22;1.8;3.0;200.0;LdU-ADI;Landesring der Unabhängigen – Alliance des Indépendants;Independents Alliance;3.3;40.0;105.0;521.0;773.0;1264.0;;;;;;;non far-right;1995
AUT;Austria;parliament;1995-12-17;4.8;9.0;183.0;Gruene;Die Grünen – Die Grüne Alternative;The Greens -- The Green Alternative;2.4604;59.0;162.0;66.0;294.0;1429.0;;;;;;;non far-right;1995
AUT;Austria;parliament;1995-12-17;21.9;41.0;183.0;FPO;Freiheitliche Partei Österreichs;Freedom Party of Austria;8.3494;59.0;162.0;66.0;294.0;50.0;Freiheitliche Partei Österreichs;FPÖ;1.0;1900.0;2100.0;50.0;far-right;1995
AUT;Austria;parliament;1995-12-17;5.5;10.0;183.0;LIF;Liberales Forum;Liberal Forum;4.8806;59.0;162.0;66.0;294.0;955.0;;;;;;;non far-right;1995
AUT;Austria;parliament;1995-12-17;38.1;71.0;183.0;SPO;Sozialdemokratische Partei Österreichs;Social Democratic Party of Austria;3.7293;59.0;162.0;66.0;294.0;973.0;;;;;;;non far-right;1995
AUT;Austria;parliament;1995-12-17;28.3;52.0;183.0;OVP;Österreichische Volkspartei;Austrian People's Party;6.4733;59.0;162.0;66.0;294.0;1013.0;;;;;;;non far-right;1995
AUT;Austria;parliament;1995-12-17;1.1;0.0;183.0;Nein;Nein – Bürgerinitiative gegen die EU Mitgliedschaft;No -- Citizens' Initiative against EU membership;;59.0;162.0;66.0;294.0;1744.0;;;;;;;non far-right;1995
ESP;Spain;parliament;1996-03-03;0.37;1.0;350.0;UV;Union Valenciana;Valencian Union;6.0417;27.0;99.0;252.0;654.0;443.0;;;;;;;non far-right;1996
ESP;Spain;parliament;1996-03-03;38.0;141.0;350.0;PSOE;Partido Socialista Obrero Español;Spanish Socialist Workers Party;3.7377;27.0;99.0;252.0;654.0;902.0;;;;;;;non far-right;1996
ESP;Spain;parliament;1996-03-03;10.64;21.0;350.0;PCE|IU;Partido Communista | Izquierda Unida;Communist Party | United Left;2.0183;27.0;99.0;252.0;654.0;118.0;Izquierda Unida;IU;0.0;2100.0;2100.0;118.0;non far-right;1996
ESP;Spain;parliament;1996-03-03;4.64;16.0;350.0;CiU;Convergència i Unió;Convergence and Union;6.2564;27.0;99.0;252.0;654.0;894.0;;;;;;;non far-right;1996
ESP;Spain;parliament;1996-03-03;0.68;1.0;350.0;ERC;Esquerra Republicana de Catalunya;Republican Left of Catalonia;3.1072;27.0;99.0;252.0;654.0;757.0;;;;;;;non far-right;1996
ESP;Spain;parliament;1996-03-03;0.47;1.0;350.0;EA;Eusko Alkartasuna;Basque Solidarity;4.3115;27.0;99.0;252.0;654.0;845.0;;;;;;;non far-right;1996
ESP;Spain;parliament;1996-03-03;0.73;2.0;350.0;HB;Herri Batasuna;United People;0.5909;27.0;99.0;252.0;654.0;1317.0;Herri Batasuna;HB;0.0;2100.0;2100.0;1317.0;non far-right;1996
ESP;Spain;parliament;1996-03-03;1.29;5.0;350.0;PNV;Partido Nacionalista Vasco – Euzko Alderdi Jeltzalea;Basque Nationalist Party;6.2144;27.0;99.0;252.0;654.0;1361.0;;;;;;;non far-right;1996
ESP;Spain;parliament;1996-03-03;39.17;156.0;350.0;AP-P;Alianza-Partido Popular;People's Alliance-Party;7.5969;27.0;99.0;252.0;654.0;645.0;;;;;;;non far-right;1996
ESP;Spain;parliament;1996-03-03;0.54;0.0;350.0;PA;Partidu Andalucista;Andalusian Party;4.85;27.0;99.0;252.0;654.0;370.0;;;;;;;non far-right;1996
ESP;Spain;parliament;1996-03-03;0.89;2.0;350.0;BNG;Bloque Nacionalista Galego;Galician Nationalist Bloc;2.9117;27.0;99.0;252.0;654.0;520.0;Bloque Nacionalista Galego;BNG;0.0;2100.0;2100.0;520.0;non far-right;1996
ESP;Spain;parliament;1996-03-03;0.89;4.0;350.0;CC;Coalición Canaria;Canary Coalition;5.9789;27.0;99.0;252.0;654.0;234.0;;;;;;;non far-right;1996
ITA;Italy;parliament;1996-04-21;;123.0;630.0;FI-PdL;Forza Italia – Il Popolo della Libertà;Go Italy -- The People of Freedom;7.1459;26.0;551.0;146.0;991.0;596.0;Forza Italia (1994-2009);FI1;0.0;2100.0;2100.0;596.0;non far-right;1996
ITA;Italy;parliament;1996-04-21;;16.0;630.0;FdV;Federazione dei Verdi;Federation of the Greens;2.3725;26.0;551.0;146.0;991.0;910.0;;;;;;;non far-right;1996
ITA;Italy;parliament;1996-04-21;;26.0;630.0;DINI-RI;Lista Dini – Rinnovamento Italiano;Dini List -- Italian Renewal;5.0317;26.0;551.0;146.0;991.0;630.0;;;;;;;non far-right;1996
ITA;Italy;parliament;1996-04-21;;30.0;630.0;CCD+CDU;Centro Cristiano Democratico  / Cristiani Democratici Uniti;Christian Democratic Centre / United Christian Democrats;5.9067;26.0;551.0;146.0;991.0;627.0;;;;;;;non far-right;1996
ITA;Italy;parliament;1996-04-21;8.57;35.0;630.0;PRC;Partito della Rifondazione Comunista;Communist Refoundation Party;0.8849;26.0;551.0;146.0;991.0;1321.0;Partito della Rifondazione Comunista;PRC;0.0;2100.0;2100.0;1321.0;non far-right;1996
ITA;Italy;parliament;1996-04-21;;93.0;630.0;AN;Alleanza Nazionale;National Alliance;8.0871;26.0;551.0;146.0;991.0;373.0;Alleanza Nazionale;AN;1.0;1900.0;2100.0;373.0;far-right;1996
ITA;Italy;parliament;1996-04-21;;171.0;630.0;DS;Democratici di Sinistra;Democrats of the Left;2.6277;26.0;551.0;146.0;991.0;809.0;;;;;;;non far-right;1996
ITA;Italy;parliament;1996-04-21;1.88;0.0;630.0;R;Radicali;Radicals;3.9732;26.0;551.0;146.0;991.0;1296.0;;;;;;;non far-right;1996
ITA;Italy;parliament;1996-04-21;10.07;59.0;630.0;LN;Lega Nord;North League;7.8007;26.0;551.0;146.0;991.0;1436.0;Lega (Nord);Lega;1.0;1900.0;2100.0;1436.0;far-right;1996
ITA;Italy;parliament;1996-04-21;0.22;1.0;630.0;LAM;Lega d'Azione Meridionale;Southern Action League;8.7;26.0;551.0;146.0;991.0;436.0;Lega d'Azione Meridionale;LAM;1.0;1900.0;2100.0;436.0;far-right;1996
ITA;Italy;parliament;1996-04-21;0.1;1.0;630.0;UV;Union Valdôtaine;Valdotanian Union;;26.0;551.0;146.0;991.0;974.0;;;;;;;non far-right;1996
ITA;Italy;parliament;1996-04-21;42.1;;630.0;CeD;Centro-destra;Centre Right;7.4;26.0;551.0;146.0;991.0;67.0;Il Popolo della Libertà;PDL;0.0;2100.0;2100.0;67.0;non far-right;1996
ITA;Italy;parliament;1996-04-21;34.94;;630.0;CeS;Centro-sinistra;Centre Left;3.3;26.0;551.0;146.0;991.0;1048.0;;;;;;;non far-right;1996
ITA;Italy;parliament;1996-04-21;;75.0;630.0;PpP;Popolari per Prodi;Popular Party for Prodi;6.2;26.0;551.0;146.0;991.0;840.0;;;;;;;non far-right;1996
CYP;Cyprus;parliament;1996-05-26;8.1;5.0;56.0;EDEK;Kinima Sosialdimokraton EDEK;Movement for Social Democracy EDEK;3.2895;51.0;330.0;342.0;645.0;945.0;;;;;;;non far-right;1996
CYP;Cyprus;parliament;1996-05-26;16.4;10.0;56.0;DIKO;Dimokratikó Kómma;Democratic Party;5.1316;51.0;330.0;342.0;645.0;851.0;;;;;;;non far-right;1996
CYP;Cyprus;parliament;1996-05-26;1.4;0.0;56.0;ADISOK;Anorthotiko Dimokratiko Sosialistiko Kinima;Democratic Socialist Renewal Movement;1.3;51.0;330.0;342.0;645.0;1779.0;;;;;;;non far-right;1996
CYP;Cyprus;parliament;1996-05-26;33.0;19.0;56.0;AKEL;Anorthotikó Kómma Ergazómenou Laoú;Progressive Party of Working People;1.0526;51.0;330.0;342.0;645.0;572.0;Anorthotikó Kómma Ergazómenou Laoú;AKEL;0.0;2100.0;2100.0;572.0;non far-right;1996
CYP;Cyprus;parliament;1996-05-26;1.7;0.0;56.0;NO;Neoi Orizontes;New Horizons;9.3421;51.0;330.0;342.0;645.0;6.0;New Horizons;NH;1.0;1900.0;2100.0;6.0;far-right;1996
CYP;Cyprus;parliament;1996-05-26;1.0;0.0;56.0;KOP;Kinima Oikologoi Perivallontistoi;Ecological and Environmental Movement;5.7895;51.0;330.0;342.0;645.0;1621.0;;;;;;;non far-right;1996
CYP;Cyprus;parliament;1996-05-26;3.7;2.0;56.0;ED;Enomeni Dimokrates;United Democrats;7.1053;51.0;330.0;342.0;645.0;1523.0;;;;;;;non far-right;1996
CYP;Cyprus;parliament;1996-05-26;34.5;20.0;56.0;DISY;Dimokratikós Sinayermós;Democratic Rally;8.6842;51.0;330.0;342.0;645.0;1575.0;;;;;;;non far-right;1996
CZE;Czech Republic;parliament;1996-06-01;2.8;0.0;200.0;DU;Demokratická unie;Democratic Union;6.0;68.0;301.0;39.0;835.0;1616.0;;;;;;;non far-right;1996
CZE;Czech Republic;parliament;1996-06-01;3.09;0.0;200.0;DZJ;Důchodci za životní jistoty;Pensioners for a Secure Living;3.3;68.0;301.0;39.0;835.0;77.0;;;;;;;non far-right;1996
CZE;Czech Republic;parliament;1996-06-01;26.44;61.0;200.0;CSSD;Česká strana sociálně demokratická;Czech Social Democratic Party;3.0463;68.0;301.0;39.0;835.0;789.0;;;;;;;non far-right;1996
CZE;Czech Republic;parliament;1996-06-01;10.33;22.0;200.0;KSCM;Komunistická strana Cech a Moravy;Communist Party of Bohemia and Moravia;0.7498;68.0;301.0;39.0;835.0;1173.0;Komunistická strana Cech a Moravy;KSCM;0.0;2100.0;2100.0;1173.0;non far-right;1996
CZE;Czech Republic;parliament;1996-06-01;8.01;18.0;200.0;SPR-RSC;Sdruzení pro republiku – Republikánská strana Ceskoslovenska;Rally for the Republic -- Republican Party of Czechoslovakia;9.7778;68.0;301.0;39.0;835.0;872.0;Sdruzení pro republiku – Republikánská strana Ceskoslovenska;SPR-RSC;1.0;1900.0;2100.0;872.0;far-right;1996
CZE;Czech Republic;parliament;1996-06-01;29.62;68.0;200.0;ODS;Občanská demokratická strana;Civic Democratic Party;7.3637;68.0;301.0;39.0;835.0;829.0;;;;;;;non far-right;1996
CZE;Czech Republic;parliament;1996-06-01;2.05;0.0;200.0;CNSP;Česká národně strana socialistická;Czech National Social(ist) Party;8.7;68.0;301.0;39.0;835.0;29.0;;;;;;;non far-right;1996
CZE;Czech Republic;parliament;1996-06-01;8.08;18.0;200.0;KDU-CSL;Křesťanská a demokratická unie – Československá strana lidová;Christian Democratic Union -- People's Party;5.8099;68.0;301.0;39.0;835.0;1245.0;;;;;;;non far-right;1996
CZE;Czech Republic;parliament;1996-06-01;6.36;13.0;200.0;ODA;Občanská demokratická aliance;Civic Democratic Alliance;7.1111;68.0;301.0;39.0;835.0;1123.0;;;;;;;non far-right;1996
CZE;Czech Republic;parliament;1996-06-01;1.4;0.0;200.0;LB;Levý Blok;Left Bloc;1.3;68.0;301.0;39.0;835.0;2224.0;;;;;;;non far-right;1996
GRC;Greece;parliament;1996-09-22;41.49;162.0;300.0;PASOK;Panellinio Sosialistikó Kínima;Panhellenic Socialist Movement;4.4968;41.0;399.0;654.0;281.0;1338.0;;;;;;;non far-right;1996
GRC;Greece;parliament;1996-09-22;38.12;108.0;300.0;ND;Néa Đimokratía;New Democracy;6.7365;41.0;399.0;654.0;281.0;47.0;;;;;;;non far-right;1996
GRC;Greece;parliament;1996-09-22;4.43;9.0;300.0;DIKKI;Dimokratiko Koinoniko Kinima;Democratic Social Movement;2.3;41.0;399.0;654.0;281.0;720.0;Dimokratiko Koinoniko Kinima;DIKKI;0.0;2100.0;2100.0;720.0;non far-right;1996
GRC;Greece;parliament;1996-09-22;5.12;10.0;300.0;SYN;Synaspismós tīs Aristerás;Coalition of the Left;2.7683;41.0;399.0;654.0;281.0;1441.0;Synaspismós tis Aristerás;SYN;0.0;2100.0;2100.0;1441.0;non far-right;1996
GRC;Greece;parliament;1996-09-22;5.61;11.0;300.0;KKE;Kommounistikó Kómma Elládas;Communist Party of Greece;1.253;41.0;399.0;654.0;281.0;614.0;Kommounistikó Kómma Elládas;KKE;0.0;2100.0;2100.0;614.0;non far-right;1996
GRC;Greece;parliament;1996-09-22;2.94;0.0;300.0;POLAN;Politiki Anixi;Political Spring;7.5714;41.0;399.0;654.0;281.0;1412.0;Politiki Anixi;POLAN;1.0;1900.0;2100.0;1412.0;far-right;1996
LTU;Lithuania;parliament;1996-10-20;1.93;1.0;141.0;LiCS;Liberalų ir centro sąjunga;Liberal and Centre Union;7.7562;15.0;566.0;439.0;91.0;983.0;;;;;;;non far-right;1996
LTU;Lithuania;parliament;1996-10-20;2.2;3.0;141.0;LDP;Lietuvos demokratų partija;Lithuanian Democratic Party;5.8333;15.0;566.0;439.0;91.0;1144.0;;;;;;;non far-right;1996
LTU;Lithuania;parliament;1996-10-20;;4.0;141.0;etc;others;others;;15.0;566.0;439.0;91.0;2802.0;;;;;;;non far-right;1996
LTU;Lithuania;parliament;1996-10-20;;4.0;141.0;none;no party affiliation;no party affiliation;;15.0;566.0;439.0;91.0;58.0;;;;;;;non far-right;1996
LTU;Lithuania;parliament;1996-10-20;6.94;12.0;141.0;LSDP-89;Lietuvos socialdemokratų partija – 1989;Lithuanian Social Democratic Party -- 1989;4.0;15.0;566.0;439.0;91.0;1408.0;;;;;;;non far-right;1996
LTU;Lithuania;parliament;1996-10-20;10.01;12.0;141.0;LDDP;Lietuvos demokratinė darbo partija;Democratic Labour Party of Lithuania;3.3333;15.0;566.0;439.0;91.0;519.0;;;;;;;non far-right;1996
LTU;Lithuania;parliament;1996-10-20;8.67;13.0;141.0;LCS;Lietuvos centro sąjunga;Centre Union of Lithuania;4.8833;15.0;566.0;439.0;91.0;887.0;;;;;;;non far-right;1996
LTU;Lithuania;parliament;1996-10-20;10.43;16.0;141.0;LKDP;Lietuvos krikščionys demokratai;Lithuanian Christian Democrats;6.2385;15.0;566.0;439.0;91.0;675.0;;;;;;;non far-right;1996
LTU;Lithuania;parliament;1996-10-20;1.57;0.0;141.0;LLaS;Lietuvos laisvės sąjunga;Lithuanian Liberty Union;7.8;15.0;566.0;439.0;91.0;1562.0;;;;;;;non far-right;1996
LTU;Lithuania;parliament;1996-10-20;4.01;1.0;141.0;JL;Jaunoji Lietuva;Young Lithuania;9.8;15.0;566.0;439.0;91.0;383.0;Jaunoji Lietuva;JL;1.0;1900.0;2100.0;383.0;far-right;1996
LTU;Lithuania;parliament;1996-10-20;1.75;1.0;141.0;LVP;Lietuvos valstiečių partija;Lithuanian Peasant Party;2.645;15.0;566.0;439.0;91.0;1632.0;;;;;;;non far-right;1996
LTU;Lithuania;parliament;1996-10-20;1.57;1.0;141.0;LPKTS;Lietuvos politinių kalinių ir terminių sąjunga;Union of Lithuanian Political Prisoners and Deportees;9.8;15.0;566.0;439.0;91.0;1447.0;;;;;;;non far-right;1996
LTU;Lithuania;parliament;1996-10-20;31.34;70.0;141.0;TS-LK;Tėvynės sąjunga;Homeland Union;7.4004;15.0;566.0;439.0;91.0;1045.0;;;;;;;non far-right;1996
LTU;Lithuania;parliament;1996-10-20;3.86;1.0;141.0;LMP-NDP;Lietuvos moterų partija – Naujosios demokratijos partija;Lithuanian Womens Party -- New Democratic Party;3.2;15.0;566.0;439.0;91.0;1261.0;;;;;;;non far-right;1996
LTU;Lithuania;parliament;1996-10-20;3.13;1.0;141.0;LLRA;Lietuvos lenkų rinkimų akcija;Election Action of Lithuania's Poles;3.865;15.0;566.0;439.0;91.0;28.0;;;;;;;non far-right;1996
LTU;Lithuania;parliament;1996-10-20;1.71;0.0;141.0;LRS;Lietuvos rusų sąjunga;Lithuanian Russian Union;2.2;15.0;566.0;439.0;91.0;863.0;;;;;;;non far-right;1996
LTU;Lithuania;parliament;1996-10-20;2.55;0.0;141.0;LTMA;Lietuvos tautinių mažumų aljansas;Alliance of the Lithuanian National Minorities;;15.0;566.0;439.0;91.0;2036.0;;;;;;;non far-right;1996
LTU;Lithuania;parliament;1996-10-20;3.24;1.0;141.0;KDS;Krikščionių demokratų sąjunga;Christian Democratic Union;6.2;15.0;566.0;439.0;91.0;493.0;;;;;;;non far-right;1996
LTU;Lithuania;parliament;1996-10-20;1.26;0.0;141.0;LUP;Lietuvos ūkio partijos;Lithuanian Party of Economy;;15.0;566.0;439.0;91.0;2037.0;;;;;;;non far-right;1996
MLT;Malta;parliament;1996-10-26;50.7;35.0;69.0;PL;Partit Laburista;Malta Labour Party;4.2105;72.0;483.0;520.0;881.0;1003.0;;;;;;;non far-right;1996
MLT;Malta;parliament;1996-10-26;47.8;34.0;69.0;PN;Partit Nazzjonalista;Nationalist Party;5.7143;72.0;483.0;520.0;881.0;984.0;;;;;;;non far-right;1996
MLT;Malta;parliament;1996-10-26;1.46;0.0;69.0;AD;Alternattiva Demokratika;Democratic Alternative;3.7895;72.0;483.0;520.0;881.0;360.0;;;;;;;non far-right;1996
ROU;Romania;parliament;1996-11-03;1.44;0.0;343.0;PPR;Partidul Pensionarilor din Romania;Party of Pensioners of Romania;;23.0;49.0;416.0;102.0;2106.0;;;;;;;non far-right;1996
ROU;Romania;parliament;1996-11-03;30.17;;343.0;CDR;Convenţia Democrată Română;Romanian Democratic Convention;6.29;23.0;49.0;416.0;102.0;356.0;;;;;;;non far-right;1996
ROU;Romania;parliament;1996-11-03;21.77;91.0;343.0;PSD;Partidul Social Democrat;Social Democratic Party;3.2325;23.0;49.0;416.0;102.0;1120.0;;;;;;;non far-right;1996
ROU;Romania;parliament;1996-11-03;2.29;0.0;343.0;PS;Partidul Socialist;Socialist Party;1.3;23.0;49.0;416.0;102.0;2104.0;;;;;;;non far-right;1996
ROU;Romania;parliament;1996-11-03;12.93;43.0;343.0;PD;Partidul Democrat;Democratic Party;5.3875;23.0;49.0;416.0;102.0;419.0;;;;;;;non far-right;1996
ROU;Romania;parliament;1996-11-03;;3.0;343.0;PAR;Partidul Alternativa României;Alternative Party of Romania;7.4;23.0;49.0;416.0;102.0;2087.0;;;;;;;non far-right;1996
ROU;Romania;parliament;1996-11-03;;83.0;343.0;PNT-CD;Partidul Naţional Ţărănesc Creştin Democrat;Christian-Democratic National Peasants' Party;5.5341;23.0;49.0;416.0;102.0;888.0;;;;;;;non far-right;1996
ROU;Romania;parliament;1996-11-03;;1.0;343.0;MER;Miscarea Ecologista din Romania;Romanian Ecological Movement;2.5;23.0;49.0;416.0;102.0;1639.0;;;;;;;non far-right;1996
ROU;Romania;parliament;1996-11-03;2.15;0.0;343.0;PSM;Partidul Socialist al Muncii;Socialist Party of Labour;5.5556;23.0;49.0;416.0;102.0;562.0;Partidul Socialist al Muncii;PSM;0.0;2100.0;2100.0;562.0;non far-right;1996
ROU;Romania;parliament;1996-11-03;;5.0;343.0;PER;Partidul Ecologist Român;Romanian Ecologist Party;2.5;23.0;49.0;416.0;102.0;792.0;;;;;;;non far-right;1996
ROU;Romania;parliament;1996-11-03;1.57;0.0;343.0;PAC;Partidul Alianţa Civică;Party of the Civic Alliance;4.4444;23.0;49.0;416.0;102.0;861.0;;;;;;;non far-right;1996
ROU;Romania;parliament;1996-11-03;;10.0;343.0;PSDR;Partidul Social Democrat Român;Romanian Social Democratic Party;3.3;23.0;49.0;416.0;102.0;1601.0;;;;;;;non far-right;1996
ROU;Romania;parliament;1996-11-03;4.36;18.0;343.0;PUNR;Partidul Unitatii Naţionale a Romanilor;Romanian National Unity Party;5.5556;23.0;49.0;416.0;102.0;648.0;Partidul Unitatii Nationale a Romanilor;PUNR;1.0;1900.0;2100.0;648.0;far-right;1996
ROU;Romania;parliament;1996-11-03;1.73;0.0;343.0;PSMR;Partidul Socialist Muncitoresc Roman;Romanian Socialist Party of Workers;1.3;23.0;49.0;416.0;102.0;2105.0;;;;;;;non far-right;1996
ROU;Romania;parliament;1996-11-03;4.46;19.0;343.0;PRM;Partidul România Mare;Greater Romania Party;6.6618;23.0;49.0;416.0;102.0;713.0;Partidul România Mare;PRM;1.0;1900.0;2100.0;713.0;far-right;1996
ROU;Romania;parliament;1996-11-03;;25.0;343.0;PNL;Partidul Naţional Liberal;National Liberal Party;6.0543;23.0;49.0;416.0;102.0;1015.0;;;;;;;non far-right;1996
ROU;Romania;parliament;1996-11-03;6.64;25.0;343.0;UDMR;Uniunea Democrată Maghiară din România;Democratic Union of Hungarians in Romania;6.016;23.0;49.0;416.0;102.0;948.0;;;;;;;non far-right;1996
ROU;Romania;parliament;1996-11-03;;15.0;343.0;etnice;Partidele minorităţilor etnice din România;Romanian ethnic minorities parties;;23.0;49.0;416.0;102.0;425.0;;;;;;;non far-right;1996
ROU;Romania;parliament;1996-11-03;;5.0;343.0;PNL-CD;Partidul Naţional Liberal – Convenţia Democrată;National Liberal Party -- Democratic Convention;7.4;23.0;49.0;416.0;102.0;2088.0;;;;;;;non far-right;1996
SVN;Slovenia;parliament;1996-11-10;16.13;16.0;90.0;SDS;Slovenska demokratska stranka;Slovenian Democratic Party;6.9996;60.0;338.0;382.0;562.0;179.0;Slovenska Demokratska Stranka;SDS;1.0;2015.0;2100.0;179.0;non far-right;1996
SVN;Slovenia;parliament;1996-11-10;19.38;19.0;90.0;SLS;Slovenska ljudska stranka;Slovenian People's Party;6.6953;60.0;338.0;382.0;562.0;16.0;;;;;;;non far-right;1996
SVN;Slovenia;parliament;1996-11-10;;1.0;90.0;Ita;Italijanska narodna skupnost;Italian national community;;60.0;338.0;382.0;562.0;199.0;;;;;;;non far-right;1996
SVN;Slovenia;parliament;1996-11-10;2.68;0.0;90.0;DS;Demokratska stranka;Democratic Party;3.3;60.0;338.0;382.0;562.0;143.0;;;;;;;non far-right;1996
SVN;Slovenia;parliament;1996-11-10;1.76;0.0;90.0;ZS;Zeleni Slovenije;Greens of Slovenia;2.5;60.0;338.0;382.0;562.0;1619.0;;;;;;;non far-right;1996
SVN;Slovenia;parliament;1996-11-10;;1.0;90.0;Mad;Madžarska narodna skupnost;Hungarian national community;;60.0;338.0;382.0;562.0;65.0;;;;;;;non far-right;1996
SVN;Slovenia;parliament;1996-11-10;3.22;4.0;90.0;SNS;Slovenska nacionalna stranka;Slovenian National Party;4.7941;60.0;338.0;382.0;562.0;981.0;Slovenska Nacionalna Stranka;SNS;1.0;1900.0;2100.0;981.0;far-right;1996
SVN;Slovenia;parliament;1996-11-10;4.32;5.0;90.0;DeSUS;Demokratična stranka upokojencev Slovenije;Democratic Party of Pensioners of Slovenia;3.2292;60.0;338.0;382.0;562.0;1587.0;;;;;;;non far-right;1996
SVN;Slovenia;parliament;1996-11-10;9.03;9.0;90.0;ZL-SD;Združena lista – Socialni demokrati;United List -- Social Democrats;3.0637;60.0;338.0;382.0;562.0;706.0;Združena levica;ZL;0.0;2100.0;2100.0;706.0;non far-right;1996
SVN;Slovenia;parliament;1996-11-10;9.62;10.0;90.0;NSI;Nova Slovenija – Krščanska ljudska stranka;New Slovenia -- Christian People's Party;7.9345;60.0;338.0;382.0;562.0;1047.0;Nova Slovenija – Krščanski Demokrati;N.Si;1.0;1900.0;2100.0;1047.0;far-right;1996
SVN;Slovenia;parliament;1996-11-10;27.01;25.0;90.0;LDS;Liberalna demokracija Slovenije;Liberal Democracy of Slovenia;3.7351;60.0;338.0;382.0;562.0;1252.0;;;;;;;non far-right;1996
SVN;Slovenia;parliament;1996-11-10;1.06;0.0;90.0;SF;Slovenski forum;Slovenian Forum;;60.0;338.0;382.0;562.0;2245.0;;;;;;;non far-right;1996
SVN;Slovenia;parliament;1996-11-10;1.15;0.0;90.0;SOPS;Slovenska obrtno podjetniška stranka;Slovenian Craftsmen and Entrepreneurial Party;6.0;60.0;338.0;382.0;562.0;2275.0;;;;;;;non far-right;1996
BGR;Bulgaria;parliament;1997-04-19;1.3;0.0;240.0;KPB;Komunisticheska Partiya na Balgariya;Communist Party of Bulgaria;0.3684;10.0;126.0;355.0;714.0;1570.0;;;;;;;non far-right;1997
BGR;Bulgaria;parliament;1997-04-19;1.12;0.0;240.0;OT-SII;Obedinenie za Tsar [Simeon II];Union for Tzar [Simeon II];;10.0;126.0;355.0;714.0;1149.0;;;;;;;non far-right;1997
BGR;Bulgaria;parliament;1997-04-19;5.27;12.0;240.0;BBB;Balgarski Biznes Blok;Bulgarian Business Bloc;6.6784;10.0;126.0;355.0;714.0;599.0;;;;;;;non far-right;1997
BGR;Bulgaria;parliament;1997-04-19;5.57;14.0;240.0;BE;Balgarska Evrolevica;Euro-Left Coalition;3.3;10.0;126.0;355.0;714.0;710.0;;;;;;;non far-right;1997
BGR;Bulgaria;parliament;1997-04-19;7.6;19.0;240.0;DPS;Dvizhenie za Prava i Svobodi;Movement for Rights and Freedoms;4.5828;10.0;126.0;355.0;714.0;1286.0;;;;;;;non far-right;1997
BGR;Bulgaria;parliament;1997-04-19;22.44;58.0;240.0;KzB|DL;Koalitsiya za Balgariya | Demokratichna Levitsa;Coalition for Bulgaria | Democratic Left;2.8982;10.0;126.0;355.0;714.0;1160.0;;;;;;;non far-right;1997
BGR;Bulgaria;parliament;1997-04-19;49.15;137.0;240.0;ODS;Obedineni Demokratichni Sili;United Democratic Forces;6.9611;10.0;126.0;355.0;714.0;784.0;;;;;;;non far-right;1997
GBR;United Kingdom;parliament;1997-05-01;43.2;419.0;659.0;Lab;Labour Party;Labour;4.3562;44.0;315.0;514.0;678.0;1556.0;;;;;;;non far-right;1997
GBR;United Kingdom;parliament;1997-05-01;2.6;0.0;659.0;RP;Referendum Party;Referendum Party;;44.0;315.0;514.0;678.0;2103.0;;;;;;;non far-right;1997
GBR;United Kingdom;parliament;1997-05-01;;1.0;659.0;etc;others;others;;44.0;315.0;514.0;678.0;453.0;;;;;;;non far-right;1997
GBR;United Kingdom;parliament;1997-05-01;0.04;1.0;659.0;one-seat;one seat;one seat;;44.0;315.0;514.0;678.0;2296.0;;;;;;;non far-right;1997
GBR;United Kingdom;parliament;1997-05-01;0.34;2.0;659.0;DUP;Democratic Unionist Party;Democratic Unionist Party;7.4;44.0;315.0;514.0;678.0;319.0;Democratic Unionist Party;DUP;0.0;2100.0;2100.0;319.0;non far-right;1997
GBR;United Kingdom;parliament;1997-05-01;0.41;2.0;659.0;SF;Sinn Féin;Sinn Fein;1.3;44.0;315.0;514.0;678.0;689.0;;;;;;;non far-right;1997
GBR;United Kingdom;parliament;1997-05-01;0.51;4.0;659.0;Plaid;Plaid Cymru;Plaid Cymru;3.1183;44.0;315.0;514.0;678.0;311.0;;;;;;;non far-right;1997
GBR;United Kingdom;parliament;1997-05-01;2.0;6.0;659.0;SNP;Scottish National Party – Pàrtaidh Nàiseanta na h-Alba;Scottish National Party;3.5871;44.0;315.0;514.0;678.0;1284.0;;;;;;;non far-right;1997
GBR;United Kingdom;parliament;1997-05-01;0.83;10.0;659.0;UUP;Ulster Unionist Party;Ulster Unionist Party;8.3;44.0;315.0;514.0;678.0;1210.0;;;;;;;non far-right;1997
GBR;United Kingdom;parliament;1997-05-01;16.8;46.0;659.0;Lib;Liberals;Liberals;4.2875;44.0;315.0;514.0;678.0;659.0;;;;;;;non far-right;1997
GBR;United Kingdom;parliament;1997-05-01;0.61;3.0;659.0;SDLP;Social Democratic and Labour Party;Social Democratic and Labour Party;3.3;44.0;315.0;514.0;678.0;1023.0;;;;;;;non far-right;1997
GBR;United Kingdom;parliament;1997-05-01;30.7;165.0;659.0;Con;Conservatives;Conservatives;7.4261;44.0;315.0;514.0;678.0;773.0;;;;;;;non far-right;1997
FRA;France;parliament;1997-06-01;14.95;1.0;577.0;FN;Rassemblement National;National Rally;9.6854;43.0;479.0;664.0;422.0;270.0;Front National / Rassemblement National;FN / RN;1.0;1900.0;2100.0;270.0;far-right;1997
FRA;France;parliament;1997-06-01;2.53;0.0;577.0;ex-gau;extrême gauche;other far-left;1.3;43.0;479.0;664.0;422.0;2083.0;;;;;;;non far-right;1997
FRA;France;parliament;1997-06-01;1.4;1.0;577.0;etc;divers;others;;43.0;479.0;664.0;422.0;1328.0;;;;;;;non far-right;1997
FRA;France;parliament;1997-06-01;6.61;6.0;577.0;d-droite;divers droite;other right;7.6583;43.0;479.0;664.0;422.0;285.0;;;;;;;non far-right;1997
FRA;France;parliament;1997-06-01;6.84;8.0;577.0;V;Les Verts;Greens;3.155;43.0;479.0;664.0;422.0;873.0;;;;;;;non far-right;1997
FRA;France;parliament;1997-06-01;1.44;13.0;577.0;PRG;Parti radical de gauche;Radical Party of the Left;4.0813;43.0;479.0;664.0;422.0;1492.0;;;;;;;non far-right;1997
FRA;France;parliament;1997-06-01;9.93;39.0;577.0;PCF;Parti communiste française;French Communist Party;1.3741;43.0;479.0;664.0;422.0;686.0;Parti Communiste Français;PCF;0.0;2100.0;2100.0;686.0;non far-right;1997
FRA;France;parliament;1997-06-01;14.23;111.0;577.0;UDF|MD;Union pour la démocratie française | Mouvement démocrate;Union for French Democracy | Democratic Movement;6.1017;43.0;479.0;664.0;422.0;509.0;;;;;;;non far-right;1997
FRA;France;parliament;1997-06-01;15.67;139.0;577.0;RPR;Rassemblement pour la république;Rally for the Republic;7.4997;43.0;479.0;664.0;422.0;138.0;;;;;;;non far-right;1997
FRA;France;parliament;1997-06-01;23.5;252.0;577.0;PS;Parti socialiste;Socialist Party;3.2493;43.0;479.0;664.0;422.0;1539.0;;;;;;;non far-right;1997
FRA;France;parliament;1997-06-01;2.8;7.0;577.0;MDC;Mouvement des citoyens;Citizens' Movement;1.3;43.0;479.0;664.0;422.0;2143.0;;;;;;;non far-right;1997
IRL;Ireland;parliament;1997-06-06;;6.0;166.0;none;no party affiliation;no party affiliation;;37.0;316.0;359.0;573.0;30.0;;;;;;;non far-right;1997
IRL;Ireland;parliament;1997-06-06;10.4;17.0;166.0;Lab;Labour Party;Labour Party;3.6252;37.0;316.0;359.0;573.0;318.0;;;;;;;non far-right;1997
IRL;Ireland;parliament;1997-06-06;1.07;0.0;166.0;NP;National Party;National Party;7.4;37.0;316.0;359.0;573.0;2218.0;;;;;;;non far-right;1997
IRL;Ireland;parliament;1997-06-06;39.33;77.0;166.0;FF;Fianna Fáil;Fianna Fail;6.0713;37.0;316.0;359.0;573.0;280.0;;;;;;;non far-right;1997
IRL;Ireland;parliament;1997-06-06;4.68;4.0;166.0;PD;Progressive Democrats;Progressive Democrats;8.0109;37.0;316.0;359.0;573.0;651.0;;;;;;;non far-right;1997
IRL;Ireland;parliament;1997-06-06;2.51;4.0;166.0;DLP;Democratic Left;Democratic Left;1.8889;37.0;316.0;359.0;573.0;1580.0;;;;;;;non far-right;1997
IRL;Ireland;parliament;1997-06-06;2.76;2.0;166.0;Green;Green Party  – Comhaontas Glas;Green Party;2.435;37.0;316.0;359.0;573.0;1573.0;;;;;;;non far-right;1997
IRL;Ireland;parliament;1997-06-06;2.55;1.0;166.0;SF;Sinn Féin;Sinn Fein;2.7935;37.0;316.0;359.0;573.0;2217.0;Sinn Féin;SF;0.0;2100.0;2100.0;2217.0;non far-right;1997
IRL;Ireland;parliament;1997-06-06;27.95;54.0;166.0;FG;Fine Gael;Fine Gael (Family of the Irish);6.4372;37.0;316.0;359.0;573.0;1393.0;;;;;;;non far-right;1997
IRL;Ireland;parliament;1997-06-06;0.7;1.0;166.0;SP;Socialist Party;Socialist Party;1.3;37.0;316.0;359.0;573.0;1014.0;Socialist Party;SP;0.0;2100.0;2100.0;1014.0;non far-right;1997
NOR;Norway;parliament;1997-09-16;7.9;11.0;165.0;Sp;Senterpartiet;Centre Party;4.6565;9.0;669.0;404.0;813.0;702.0;;;;;;;non far-right;1997
NOR;Norway;parliament;1997-09-16;15.3;25.0;165.0;Fr;Fremskrittspartiet;Progress Party;8.7595;9.0;669.0;404.0;813.0;351.0;Fremskrittspartiet;FrP;1.0;1900.0;2100.0;351.0;far-right;1997
NOR;Norway;parliament;1997-09-16;14.3;23.0;165.0;H;Høyre;Conservative Party;7.8994;9.0;669.0;404.0;813.0;1435.0;;;;;;;non far-right;1997
NOR;Norway;parliament;1997-09-16;13.7;25.0;165.0;KrF;Kristelig Folkeparti;Christian Democratic Party;5.8516;9.0;669.0;404.0;813.0;1538.0;;;;;;;non far-right;1997
NOR;Norway;parliament;1997-09-16;35.0;65.0;165.0;DNA;Det norske Arbeiderparti;Norwegian Labour Party;3.3706;9.0;669.0;404.0;813.0;104.0;;;;;;;non far-right;1997
NOR;Norway;parliament;1997-09-16;6.0;9.0;165.0;SV;Sosialistisk Venstreparti;Socialist Left Party;1.5839;9.0;669.0;404.0;813.0;81.0;Sosialistisk Venstreparti;SV;0.0;2100.0;2100.0;81.0;non far-right;1997
NOR;Norway;parliament;1997-09-16;4.5;6.0;165.0;V;Venstre;Liberal Party of Norway;5.1467;9.0;669.0;404.0;813.0;647.0;;;;;;;non far-right;1997
NOR;Norway;parliament;1997-09-16;0.4;1.0;165.0;Kp;Kystpartiet;Coastal Party;7.4;9.0;669.0;404.0;813.0;780.0;Kystpartiet;Kp;0.0;2100.0;2100.0;780.0;non far-right;1997
NOR;Norway;parliament;1997-09-16;1.7;0.0;165.0;RV;Rød Valgallianse;Red Electoral Alliance;0.4089;9.0;669.0;404.0;813.0;1638.0;Rødt;Rodt;0.0;2100.0;2100.0;1638.0;non far-right;1997
POL;Poland;parliament;1997-09-21;33.83;201.0;460.0;AWS;Akcja Wyborcza Solidarność Prawicy;Solidarity Electoral Action;7.1286;74.0;477.0;268.0;437.0;1355.0;;;;;;;non far-right;1997
POL;Poland;parliament;1997-09-21;27.13;164.0;460.0;SLD;Sojusz Lewicy Demokratycznej;Democratic Left Alliance;2.8299;74.0;477.0;268.0;437.0;629.0;;;;;;;non far-right;1997
POL;Poland;parliament;1997-09-21;13.37;60.0;460.0;D|W|U;Demokratyczna | Wolności | Unia;Democratic | Freedom | Union;5.2295;74.0;477.0;268.0;437.0;1104.0;;;;;;;non far-right;1997
POL;Poland;parliament;1997-09-21;7.31;27.0;460.0;PSL;Polskie Stronnictwo Ludowe;Polish People's Party;4.1856;74.0;477.0;268.0;437.0;664.0;;;;;;;non far-right;1997
POL;Poland;parliament;1997-09-21;5.56;6.0;460.0;ROP;Ruch Odbudowy Polski;Movement for the Reconstruction of Poland;5.7895;74.0;477.0;268.0;437.0;148.0;Ruch Odbudowy Polski;ROP;1.0;1900.0;2100.0;148.0;far-right;1997
POL;Poland;parliament;1997-09-21;0.4;2.0;460.0;MN;Mniejszość niemiecka w Polsce;German minority;;74.0;477.0;268.0;437.0;900.0;;;;;;;non far-right;1997
POL;Poland;parliament;1997-09-21;2.18;0.0;460.0;KPEiR;Krajowa Partia Emerytów i Rencistów;National Party of Pensioners and Retired;;74.0;477.0;268.0;437.0;109.0;;;;;;;non far-right;1997
POL;Poland;parliament;1997-09-21;4.74;0.0;460.0;UP;Unia Pracy;Labour Union;2.0348;74.0;477.0;268.0;437.0;838.0;;;;;;;non far-right;1997
POL;Poland;parliament;1997-09-21;1.36;0.0;460.0;NCD-BdP;Narodowo Chrześcijańsko Demokratyczny – Blok dla Polski;National Christian Democratic -- Block for Poland;6.2;74.0;477.0;268.0;437.0;1712.0;;;;;;;non far-right;1997
POL;Poland;parliament;1997-09-21;1.63;0.0;460.0;KPEiR-RP;Krajowe Porozumienie Emerytów i Rencistów Rzeczypospolitej Polskiej;National Agreement of Pensioners and Retired of the Republic Poland;;74.0;477.0;268.0;437.0;1275.0;;;;;;;non far-right;1997
POL;Poland;parliament;1997-09-21;2.033;0.0;460.0;UPR|KNP;Unia Polityki Realnej | Kongres Nowej Prawicy;Real Politics Union | Congress of the New Right;9.7368;74.0;477.0;268.0;437.0;1549.0;Unia Polityki Realnej;UPR;1.0;1900.0;2100.0;1549.0;far-right;1997
DNK;Denmark;parliament;1998-03-11;35.9;63.0;179.0;Sd;Socialdemokraterne;Social Democrats;3.8011;21.0;389.0;89.0;255.0;1629.0;;;;;;;non far-right;1998
DNK;Denmark;parliament;1998-03-11;24.0;42.0;179.0;V;Venstre;Liberal Party;7.292;21.0;389.0;89.0;255.0;1605.0;;;;;;;non far-right;1998
DNK;Denmark;parliament;1998-03-11;8.9;16.0;179.0;KF;Konservative;Conservatives;7.2186;21.0;389.0;89.0;255.0;590.0;;;;;;;non far-right;1998
DNK;Denmark;parliament;1998-03-11;7.4;13.0;179.0;DF;Dansk Folkeparti;Danish People's Party;8.2269;21.0;389.0;89.0;255.0;1418.0;Dansk Folkeparti;DF;1.0;1900.0;2100.0;1418.0;far-right;1998
DNK;Denmark;parliament;1998-03-11;2.7;5.0;179.0;En-O;Enhedslisten – De Rød-Grønne;Red-Green Alliance;0.8912;21.0;389.0;89.0;255.0;306.0;Enhedslisten – De Rød-Grønne;En-O;0.0;2100.0;2100.0;306.0;non far-right;1998
DNK;Denmark;parliament;1998-03-11;4.3;8.0;179.0;CD;Centrumdemokraterne;Centre Democrats;5.5609;21.0;389.0;89.0;255.0;1324.0;;;;;;;non far-right;1998
DNK;Denmark;parliament;1998-03-11;3.9;7.0;179.0;RV;Det Radikale Venstre;Danish Social Liberal Party;4.8736;21.0;389.0;89.0;255.0;211.0;;;;;;;non far-right;1998
DNK;Denmark;parliament;1998-03-11;2.5;4.0;179.0;KrF;Kristeligt Folkeparti;Christian People's Party;5.6982;21.0;389.0;89.0;255.0;1331.0;;;;;;;non far-right;1998
DNK;Denmark;parliament;1998-03-11;2.4;4.0;179.0;FrP;Fremskridtspartiet;Progress Party;9.0259;21.0;389.0;89.0;255.0;978.0;Fremskridtspartiet;FrP;0.0;2100.0;2100.0;978.0;non far-right;1998
DNK;Denmark;parliament;1998-03-11;;1.0;179.0;Si;Siumut;Forward (Greenland);3.3;21.0;389.0;89.0;255.0;74.0;;;;;;;non far-right;1998
DNK;Denmark;parliament;1998-03-11;;1.0;179.0;FF;Hin føroyski fólkaflokkurin – radikalt sjálvstýri;People's Party (Faroe Islands);7.4;21.0;389.0;89.0;255.0;2574.0;;;;;;;non far-right;1998
DNK;Denmark;parliament;1998-03-11;;1.0;179.0;Jf;Javnaðarflokkurin;Social Democratic Party (Faroe Islands);3.3;21.0;389.0;89.0;255.0;1894.0;;;;;;;non far-right;1998
DNK;Denmark;parliament;1998-03-11;;1.0;179.0;At;Atassut;Solidarity (Greenland);6.0;21.0;389.0;89.0;255.0;2575.0;;;;;;;non far-right;1998
DNK;Denmark;parliament;1998-03-11;0.3;0.0;179.0;no-seat;no seat;no seat;;21.0;389.0;89.0;255.0;2058.0;;;;;;;non far-right;1998
DNK;Denmark;parliament;1998-03-11;7.6;13.0;179.0;SF;Socialistisk Folkeparti;Socialist Peoples Party;2.1347;21.0;389.0;89.0;255.0;1644.0;Socialistisk Folkeparti;SF;0.0;2100.0;2100.0;1644.0;non far-right;1998
NLD;Netherlands;parliament;1998-05-06;2.03;3.0;150.0;RPF;Reformatorische Politieke Federati;Reformatory Political Federation;8.2963;8.0;372.0;570.0;637.0;212.0;;;;;;;non far-right;1998
NLD;Netherlands;parliament;1998-05-06;3.53;5.0;150.0;SP;Socialistiese Partij;Socialist Party;1.3682;8.0;372.0;570.0;637.0;357.0;Socialistiese Partij;SP;0.0;2100.0;2100.0;357.0;non far-right;1998
NLD;Netherlands;parliament;1998-05-06;7.27;11.0;150.0;GL;GroenLinks;GreenLeft;2.0454;8.0;372.0;570.0;637.0;756.0;;;;;;;non far-right;1998
NLD;Netherlands;parliament;1998-05-06;1.26;2.0;150.0;GPV;Gereformeerd Politiek Verbond;Reformed Political League;8.1444;8.0;372.0;570.0;637.0;625.0;;;;;;;non far-right;1998
NLD;Netherlands;parliament;1998-05-06;18.37;29.0;150.0;CDA;Christen Democratisch Appèl;Christian Democratic Appeal;5.9376;8.0;372.0;570.0;637.0;235.0;;;;;;;non far-right;1998
NLD;Netherlands;parliament;1998-05-06;24.69;38.0;150.0;VVD;Volkspartij voor Vrijheid en Democratie;People's Party for Freedom and Democracy;7.3482;8.0;372.0;570.0;637.0;1409.0;;;;;;;non far-right;1998
NLD;Netherlands;parliament;1998-05-06;28.98;45.0;150.0;PvdA;Partij van de Arbeid;Labour Party;3.6118;8.0;372.0;570.0;637.0;742.0;;;;;;;non far-right;1998
NLD;Netherlands;parliament;1998-05-06;8.99;14.0;150.0;D66;Democraten 66;Democrats 66;4.5066;8.0;372.0;570.0;637.0;345.0;;;;;;;non far-right;1998
NLD;Netherlands;parliament;1998-05-06;0.61;0.0;150.0;CD;Centrum Democraten;Centre Democrats;9.4097;8.0;372.0;570.0;637.0;209.0;Centrum Democraten;CD;1.0;1900.0;2100.0;209.0;far-right;1998
NLD;Netherlands;parliament;1998-05-06;1.78;3.0;150.0;SGP;Staatkundig Gereformeerde Partij;Political Reformed Party;8.7531;8.0;372.0;570.0;637.0;1251.0;;;;;;;non far-right;1998
HUN;Hungary;parliament;1998-05-24;32.9;134.0;386.0;MSZP;Magyar Szocialista Párt;Hungarian Socialist Party;2.8743;39.0;671.0;620.0;488.0;1591.0;;;;;;;non far-right;1998
HUN;Hungary;parliament;1998-05-24;4.0;0.0;386.0;MMP;Magyar Munkáspárt;Hungarian Workers' Party;0.6316;39.0;671.0;620.0;488.0;1202.0;Magyar Munkáspárt;MMP;0.0;2100.0;2100.0;1202.0;non far-right;1998
HUN;Hungary;parliament;1998-05-24;2.3;0.0;386.0;KDNP;Kereszténydemokrata Néppárt;Christian Democratic People's Party;7.4;39.0;671.0;620.0;488.0;434.0;;;;;;;non far-right;1998
HUN;Hungary;parliament;1998-05-24;2.3;1.0;386.0;none;független;no party affiliation;;39.0;671.0;620.0;488.0;1617.0;;;;;;;non far-right;1998
HUN;Hungary;parliament;1998-05-24;5.5;14.0;386.0;MIEP;Magyar Igazság és Élet Pártja;Hungarian Justice and Life Party;9.6065;39.0;671.0;620.0;488.0;95.0;Magyar Igazság és Élet Pártja;MIÉP;1.0;1900.0;2100.0;95.0;far-right;1998
HUN;Hungary;parliament;1998-05-24;2.8;17.0;386.0;MDF;Magyar Demokrata Fórum;Hungarian Democratic Forum;6.4826;39.0;671.0;620.0;488.0;546.0;;;;;;;non far-right;1998
HUN;Hungary;parliament;1998-05-24;7.6;24.0;386.0;SzDSz;Szabad Demokraták Szövetsége;Alliance of Free Democrats;3.9659;39.0;671.0;620.0;488.0;1426.0;;;;;;;non far-right;1998
HUN;Hungary;parliament;1998-05-24;13.1;48.0;386.0;FKgP;Független Kisgazda Párt;Independent Small Holders Party;9.0186;39.0;671.0;620.0;488.0;870.0;Független Kisgazdapárt;FKgP;1.0;2019.0;2100.0;870.0;non far-right;1998
HUN;Hungary;parliament;1998-05-24;29.5;148.0;386.0;Fi-MPSz;Fidesz – Magyar Polgári Szövetség;Fidesz -- Hungarian Civic Union;6.5432;39.0;671.0;620.0;488.0;921.0;Fidesz;Fidesz;1.0;2010.0;2100.0;921.0;non far-right;1998
CZE;Czech Republic;parliament;1998-06-20;1.45;0.0;200.0;DU;Demokratická unie;Democratic Union;6.0;68.0;27.0;301.0;76.0;1616.0;;;;;;;non far-right;1998
CZE;Czech Republic;parliament;1998-06-20;3.06;0.0;200.0;DZJ;Důchodci za životní jistoty;Pensioners for a Secure Living;3.3;68.0;27.0;301.0;76.0;77.0;;;;;;;non far-right;1998
CZE;Czech Republic;parliament;1998-06-20;8.6;19.0;200.0;US;Unie svobody;Freedom Union;7.2204;68.0;27.0;301.0;76.0;688.0;;;;;;;non far-right;1998
CZE;Czech Republic;parliament;1998-06-20;9.0;20.0;200.0;KDU-CSL;Křesťanská a demokratická unie – Československá strana lidová;Christian Democratic Union -- People's Party;5.8099;68.0;27.0;301.0;76.0;1245.0;;;;;;;non far-right;1998
CZE;Czech Republic;parliament;1998-06-20;3.9;0.0;200.0;SPR-RSC;Sdruzení pro republiku – Republikánská strana Ceskoslovenska;Rally for the Republic -- Republican Party of Czechoslovakia;9.7778;68.0;27.0;301.0;76.0;872.0;Sdruzení pro republiku – Republikánská strana Ceskoslovenska;SPR-RSC;1.0;1900.0;2100.0;872.0;far-right;1998
CZE;Czech Republic;parliament;1998-06-20;1.12;0.0;200.0;SZ;Strana zelených;Green Party;4.123;68.0;27.0;301.0;76.0;196.0;;;;;;;non far-right;1998
CZE;Czech Republic;parliament;1998-06-20;27.74;63.0;200.0;ODS;Občanská demokratická strana;Civic Democratic Party;7.3637;68.0;27.0;301.0;76.0;829.0;;;;;;;non far-right;1998
CZE;Czech Republic;parliament;1998-06-20;32.31;74.0;200.0;CSSD;Česká strana sociálně demokratická;Czech Social Democratic Party;3.0463;68.0;27.0;301.0;76.0;789.0;;;;;;;non far-right;1998
CZE;Czech Republic;parliament;1998-06-20;11.03;24.0;200.0;KSCM;Komunistická strana Cech a Moravy;Communist Party of Bohemia and Moravia;0.7498;68.0;27.0;301.0;76.0;1173.0;Komunistická strana Cech a Moravy;KSCM;0.0;2100.0;2100.0;1173.0;non far-right;1998
MLT;Malta;parliament;1998-09-05;1.21;0.0;65.0;AD;Alternattiva Demokratika;Democratic Alternative;3.7895;72.0;173.0;483.0;299.0;360.0;;;;;;;non far-right;1998
MLT;Malta;parliament;1998-09-05;51.81;35.0;65.0;PN;Partit Nazzjonalista;Nationalist Party;5.7143;72.0;173.0;483.0;299.0;984.0;;;;;;;non far-right;1998
MLT;Malta;parliament;1998-09-05;46.97;30.0;65.0;PL;Partit Laburista;Malta Labour Party;4.2105;72.0;173.0;483.0;299.0;1003.0;;;;;;;non far-right;1998
SWE;Sweden;parliament;1998-09-20;1.0;0.0;349.0;SPI;Sveriges pensionärers intresseparti;Swedish Senior Citizen Interest Party;;35.0;33.0;412.0;156.0;407.0;;;;;;;non far-right;1998
SWE;Sweden;parliament;1998-09-20;5.12;18.0;349.0;C;Centerpartiet;Centre Party;5.8084;35.0;33.0;412.0;156.0;1461.0;;;;;;;non far-right;1998
SWE;Sweden;parliament;1998-09-20;11.76;42.0;349.0;KD;Kristdemokraterna;Christian Democrats;7.195;35.0;33.0;412.0;156.0;282.0;;;;;;;non far-right;1998
SWE;Sweden;parliament;1998-09-20;36.38;131.0;349.0;SAP;Socialdemokraterna;Social Democrats;3.4447;35.0;33.0;412.0;156.0;904.0;;;;;;;non far-right;1998
SWE;Sweden;parliament;1998-09-20;4.71;17.0;349.0;FP;Folkpartiet;People's Party;6.2906;35.0;33.0;412.0;156.0;892.0;;;;;;;non far-right;1998
SWE;Sweden;parliament;1998-09-20;11.99;43.0;349.0;V;Vänsterpartiet (kommunisterna);Left Party (Communists);1.5464;35.0;33.0;412.0;156.0;882.0;Vänsterpartiet;V;0.0;2100.0;2100.0;882.0;non far-right;1998
SWE;Sweden;parliament;1998-09-20;22.9;82.0;349.0;M;Moderaterna;Moderate Party;7.8907;35.0;33.0;412.0;156.0;657.0;;;;;;;non far-right;1998
SWE;Sweden;parliament;1998-09-20;4.49;16.0;349.0;MP;Miljöpartiet de Gröna;Greens;3.3789;35.0;33.0;412.0;156.0;1154.0;;;;;;;non far-right;1998
SVK;Slovakia;parliament;1998-09-26;1.3;0.0;150.0;ZRS;Združenie robotníkov Slovenska;Association of Workers of Slovakia;1.3;1.0;349.0;119.0;26.0;1563.0;Združenie Robotníkov Slovenska;ZRS;0.0;2100.0;2100.0;1563.0;non far-right;1998
SVK;Slovakia;parliament;1998-09-26;27.0;43.0;150.0;HZDS;Hnutie za demokratické Slovensko;Movement for a Democratic Slovakia;4.8914;1.0;349.0;119.0;26.0;1142.0;Hnutie za Demokratické Slovensko;HZDS / ĽS-HZDS;0.0;2100.0;2100.0;1142.0;non far-right;1998
SVK;Slovakia;parliament;1998-09-26;26.33;42.0;150.0;SDK;Slovenská demokratická koalícia;Slovak Democratic Coalition;7.19;1.0;349.0;119.0;26.0;313.0;;;;;;;non far-right;1998
SVK;Slovakia;parliament;1998-09-26;8.01;13.0;150.0;SOP;Strana občianskeho porozumenia;Party of Civic Understanding;3.3;1.0;349.0;119.0;26.0;1016.0;Strana Obcianskeho Porozumenia;SOP;0.0;2100.0;2100.0;1016.0;non far-right;1998
SVK;Slovakia;parliament;1998-09-26;2.79;0.0;150.0;KSS;Komunistická strana Slovenska;Communist Party of Slovakia;0.5275;1.0;349.0;119.0;26.0;44.0;Komunistická Strana Slovenska;KSS;0.0;2100.0;2100.0;44.0;non far-right;1998
SVK;Slovakia;parliament;1998-09-26;9.07;14.0;150.0;SNS;Slovenská národná strana;Slovak National Party;7.0198;1.0;349.0;119.0;26.0;1072.0;Slovenská Národná Strana;SNS;1.0;1900.0;2100.0;1072.0;far-right;1998
SVK;Slovakia;parliament;1998-09-26;9.12;15.0;150.0;MK;Maďarskej koalície – Magyar koalíció;Hungarian Coalition;6.5005;1.0;349.0;119.0;26.0;559.0;;;;;;;non far-right;1998
SVK;Slovakia;parliament;1998-09-26;14.66;23.0;150.0;SDL;Strana demokratickej ľavice;Party of the Democratic Left;3.2398;1.0;349.0;119.0;26.0;1415.0;;;;;;;non far-right;1998
DEU;Germany;parliament;1998-09-27;40.9;298.0;669.0;SPD;Sozialdemokratische Partei Deutschlands;Social Democratic Party of Germany;3.6451;54.0;679.0;595.0;778.0;558.0;;;;;;;non far-right;1998
DEU;Germany;parliament;1998-09-27;28.4;198.0;669.0;CDU;Christlich Demokratische Union;Christian Democratic Union;6.2503;54.0;679.0;595.0;778.0;808.0;;;;;;;non far-right;1998
DEU;Germany;parliament;1998-09-27;1.2;0.0;669.0;DVU;Deutsche Volksunion;German People's Union;9.7256;54.0;679.0;595.0;778.0;1506.0;;;;;;;non far-right;1998
DEU;Germany;parliament;1998-09-27;6.2;43.0;669.0;FDP;Freie Demokratische Partei;Free Democratic Party;5.9233;54.0;679.0;595.0;778.0;543.0;;;;;;;non far-right;1998
DEU;Germany;parliament;1998-09-27;6.7;47.0;669.0;CSU;Christlich Soziale Union;Christian Social Union;7.2871;54.0;679.0;595.0;778.0;1180.0;;;;;;;non far-right;1998
DEU;Germany;parliament;1998-09-27;5.1;36.0;669.0;PDS|Li;PDS | Die Linke;PDS | The Left;1.2152;54.0;679.0;595.0;778.0;791.0;PDS / Die Linke;Linke;0.0;2100.0;2100.0;791.0;non far-right;1998
DEU;Germany;parliament;1998-09-27;1.8;0.0;669.0;Rep;Die Republikaner;The Republicans;9.2752;54.0;679.0;595.0;778.0;524.0;Republikaner;Republikaner;1.0;1900.0;2100.0;524.0;far-right;1998
DEU;Germany;parliament;1998-09-27;6.7;47.0;669.0;B90/Gru;Bündnis 90 / Die Grünen;Alliance 90 / Greens;2.9308;54.0;679.0;595.0;778.0;772.0;;;;;;;non far-right;1998
LVA;Latvia;parliament;1998-10-03;12.81;14.0;100.0;LSDSP;Latvijas Sociāldemokrātiskā Strādnieku Partija;Latvian Social Democratic Workers' Party;2.5;55.0;615.0;534.0;2.0;1656.0;;;;;;;non far-right;1998
LVA;Latvia;parliament;1998-10-03;7.31;8.0;100.0;JP;Jaunā partija;New Era Party;7.4;55.0;615.0;534.0;2.0;550.0;;;;;;;non far-right;1998
LVA;Latvia;parliament;1998-10-03;2.29;0.0;100.0;LZP;Latvijas Zaļā partija;Latvian Green Party;4.6711;55.0;615.0;534.0;2.0;1001.0;;;;;;;non far-right;1998
LVA;Latvia;parliament;1998-10-03;2.47;0.0;100.0;LZS;Latvijas Zemnieku Savienība;Farmers Union of Latvia;4.375;55.0;615.0;534.0;2.0;1368.0;;;;;;;non far-right;1998
LVA;Latvia;parliament;1998-10-03;1.6;0.0;100.0;DPS;"Demokrātiskā partija ""Saimnieks""";Democratic Party Saimnieks;6.0;55.0;615.0;534.0;2.0;759.0;;;;;;;non far-right;1998
LVA;Latvia;parliament;1998-10-03;1.73;0.0;100.0;TKL-ZP;Tautas Kustība Latvijai – Zīgerista Partija;People's Movement for Latvia -- Siegerist Party;8.7;55.0;615.0;534.0;2.0;267.0;Tautas Kustība “Latvijai” (Zīgerista Partija);TKL;1.0;1900.0;2100.0;267.0;far-right;1998
LVA;Latvia;parliament;1998-10-03;21.19;24.0;100.0;TP;Tautas Partija;People's Party;7.7544;55.0;615.0;534.0;2.0;811.0;;;;;;;non far-right;1998
LVA;Latvia;parliament;1998-10-03;18.05;21.0;100.0;LC;Latvijas Ceļš;Latvian Way;6.125;55.0;615.0;534.0;2.0;526.0;;;;;;;non far-right;1998
LVA;Latvia;parliament;1998-10-03;14.12;16.0;100.0;TSP;Tautas Saskaņas Partija;National Harmony Party;1.864;55.0;615.0;534.0;2.0;32.0;;;;;;;non far-right;1998
LVA;Latvia;parliament;1998-10-03;14.65;17.0;100.0;NA/TB/LNNK;Nacionālā apvienība / Tēvzemei un Brīvībai / LNNK;National Alliance / For Fatherland and Freedom / LNNK;8.2588;55.0;615.0;534.0;2.0;521.0;Nacionālā Apvienība;;1.0;1900.0;2100.0;521.0;far-right;1998
EST;Estonia;parliament;1999-03-07;1.6;;101.0;ESE-D;Eesti Sinine Erakond – Demokraadid;Estonian Blue Party -- Democrats;6.0;75.0;239.0;600.0;303.0;2267.0;;;;;;;non far-right;1999
EST;Estonia;parliament;1999-03-07;15.92;18.0;101.0;ERe;Eesti Reformierakond;Estonian Reform Party;7.8969;75.0;239.0;600.0;303.0;113.0;;;;;;;non far-right;1999
EST;Estonia;parliament;1999-03-07;2.03;0.0;101.0;VEE;Vene Erakond Eestis;Russian Party in Estonia;7.4;75.0;239.0;600.0;303.0;2266.0;;;;;;;non far-right;1999
EST;Estonia;parliament;1999-03-07;2.43;0.0;101.0;EKD;Eesti Kristlikud Demokraadid;Estonian Christian Democrats;7.5789;75.0;239.0;600.0;303.0;609.0;;;;;;;non far-right;1999
EST;Estonia;parliament;1999-03-07;23.41;28.0;101.0;EK;Eesti Keskerakond;Estonian Centre Party;3.9562;75.0;239.0;600.0;303.0;1137.0;Eesti Keskerakond;EK;0.0;2100.0;2100.0;1137.0;non far-right;1999
EST;Estonia;parliament;1999-03-07;6.13;6.0;101.0;K-EUR;Konstitutsioonierakond – Eestimaa Ühendatud Rahvapartei;Constitution Party -- Estonian United People's Party;2.0282;75.0;239.0;600.0;303.0;1590.0;;;;;;;non far-right;1999
EST;Estonia;parliament;1999-03-07;16.09;18.0;101.0;I;Isamaaliit;Pro Patria Union;7.6169;75.0;239.0;600.0;303.0;846.0;;;;;;;non far-right;1999
EST;Estonia;parliament;1999-03-07;15.21;17.0;101.0;SDE|M;Sotsiaaldemokraatlik Erakond | Mõõdukad;Social Democratic Party | Moderates;4.1915;75.0;239.0;600.0;303.0;1448.0;;;;;;;non far-right;1999
EST;Estonia;parliament;1999-03-07;7.58;7.0;101.0;EKK;Eesti Koonderakond;Estonian Coalition Party;7.2222;75.0;239.0;600.0;303.0;486.0;;;;;;;non far-right;1999
EST;Estonia;parliament;1999-03-07;7.27;7.0;101.0;ERa/EKR;Eestimaa Rahvalliit / Eesti Konservatiivne Rahvaerakond;People's Union of Estonia / Conservative People's Party;4.5812;75.0;239.0;600.0;303.0;417.0;Eesti Konservatiivne Rahvaerakond;EKRE;1.0;1900.0;2100.0;417.0;far-right;1999
FIN;Finland;parliament;1999-03-21;1.1;1.0;200.0;Rt;Remonttiryhmä;Reform Group;6.6;67.0;15.0;24.0;100.0;638.0;;;;;;;non far-right;1999
FIN;Finland;parliament;1999-03-21;22.9;51.0;200.0;SSDP;Suomen Sosialidemokraattinen Puolue – Finlands Socialdemokratiska Parti;Social Democratic Party of Finland;3.5595;67.0;15.0;24.0;100.0;395.0;;;;;;;non far-right;1999
FIN;Finland;parliament;1999-03-21;1.0;0.0;200.0;NSP;Nuorsuomalaiset – Ungfinnarna;Young Finns;6.0;67.0;15.0;24.0;100.0;1009.0;;;;;;;non far-right;1999
FIN;Finland;parliament;1999-03-21;21.0;46.0;200.0;KOK;Kansallinen Kokoomus – Samlingspartiet;National Coalition Party;7.2451;67.0;15.0;24.0;100.0;1118.0;;;;;;;non far-right;1999
FIN;Finland;parliament;1999-03-21;5.1;11.0;200.0;RKP-SFP;Ruotsalainen Kansanpuolue – Svenska Folkepartiet i Finland;Swedish People's Party;6.3906;67.0;15.0;24.0;100.0;585.0;;;;;;;non far-right;1999
FIN;Finland;parliament;1999-03-21;22.4;48.0;200.0;KESK;Keskusta;Centre Party;5.8027;67.0;15.0;24.0;100.0;94.0;;;;;;;non far-right;1999
FIN;Finland;parliament;1999-03-21;7.3;11.0;200.0;VIHR;Vihreä Liitto – Gröna Förbundet;Green League;3.6465;67.0;15.0;24.0;100.0;1062.0;;;;;;;non far-right;1999
FIN;Finland;parliament;1999-03-21;0.4;1.0;200.0;AS;Åländsk Samling;Aland Coalition;;67.0;15.0;24.0;100.0;66.0;;;;;;;non far-right;1999
FIN;Finland;parliament;1999-03-21;1.0;1.0;200.0;SP|P;Suomen Puolue | Perussuomalaiset;Finnish Party | True Finns;6.6331;67.0;15.0;24.0;100.0;200.0;Suomen Maaseudun Puolue | Perussuomalaiset;PS;1.0;1900.0;2100.0;200.0;far-right;1999
FIN;Finland;parliament;1999-03-21;10.9;20.0;200.0;DL|VAS;Demokraattinen Liitto – Demokratiska Förbundet | Vasemmistoliitto – Vänsterförbundet;Democratic Union | Left Alliance;2.1843;67.0;15.0;24.0;100.0;1292.0;Demokraattinen Liitto | Vasemmistoliitto;VAS;0.0;2100.0;2100.0;1292.0;non far-right;1999
FIN;Finland;parliament;1999-03-21;4.2;10.0;200.0;KD;Kristillisdemokraatit – Kristdemokraterna;Christian Democrats;7.1884;67.0;15.0;24.0;100.0;1463.0;;;;;;;non far-right;1999
BEL;Belgium;parliament;1999-06-13;9.87;15.0;150.0;VB;Vlaams Blok | Vlaams Belang;Flemish Block | Flemish Interest;9.6622;64.0;2.0;332.0;95.0;993.0;Vlaams Belang;VB;1.0;1900.0;2100.0;993.0;far-right;1999
BEL;Belgium;parliament;1999-06-13;14.09;22.0;150.0;CVP|CD&V;Christelijke Volkspartij | Christen-Democratisch en Vlaams;Flemish Christian Peoples Party | Christian Democrats & Flemish;5.7667;64.0;2.0;332.0;95.0;723.0;;;;;;;non far-right;1999
BEL;Belgium;parliament;1999-06-13;7.3;11.0;150.0;Ecolo;Écologistes Confédérés pour l'organisation de luttes originales;Confederated ecologists for the organisation of original struggles;2.641;64.0;2.0;332.0;95.0;161.0;;;;;;;non far-right;1999
BEL;Belgium;parliament;1999-06-13;10.14;18.0;150.0;PRL;Parti Réformateur Libéral;Liberal Reformist Party;6.8551;64.0;2.0;332.0;95.0;454.0;;;;;;;non far-right;1999
LUX;Luxembourg;parliament;1999-06-13;1.09;0.0;60.0;GLEI;Greng Lëscht Ekologesch Initiativ;Green Left Ecological Initiative;2.5;7.0;299.0;306.0;621.0;1158.0;;;;;;;non far-right;1999
BEL;Belgium;parliament;1999-06-13;10.16;19.0;150.0;PS;Parti Socialiste;Socialist Party [Francophone];2.9307;64.0;2.0;332.0;95.0;1378.0;;;;;;;non far-right;1999
BEL;Belgium;parliament;1999-06-13;9.55;14.0;150.0;SP;Socialistische Partij;Socialist Party;3.2459;64.0;2.0;332.0;95.0;1029.0;;;;;;;non far-right;1999
LUX;Luxembourg;parliament;1999-06-13;21.59;15.0;60.0;DP;Demokratesch Partei;Democratic Party;6.5789;7.0;299.0;306.0;621.0;967.0;;;;;;;non far-right;1999
LUX;Luxembourg;parliament;1999-06-13;3.76;1.0;60.0;DL;Déi Lénk;The Left;0.5263;7.0;299.0;306.0;621.0;457.0;Déi Lénk;Dei Lenk;0.0;2100.0;2100.0;457.0;non far-right;1999
BEL;Belgium;parliament;1999-06-13;5.56;8.0;150.0;VU;Volksunie;People's Union;6.5321;64.0;2.0;332.0;95.0;290.0;;;;;;;non far-right;1999
LUX;Luxembourg;parliament;1999-06-13;9.1;5.0;60.0;Greng;Déi Gréng;The Greens;2.5;7.0;299.0;306.0;621.0;310.0;;;;;;;non far-right;1999
LUX;Luxembourg;parliament;1999-06-13;10.36;7.0;60.0;AR|ADR;Aktiounskomitee Rente | Alternativ Demokratesch Reformpartei;Action Committee Pensions | Alternative Democratic Reform Party;8.8158;7.0;299.0;306.0;621.0;1582.0;Alternativ Demokratesch Reformpartei;ADR;1.0;2022.0;2100.0;1582.0;non far-right;1999
BEL;Belgium;parliament;1999-06-13;5.88;10.0;150.0;PSC-CDH;Parti Social Chrétien – Centre Democrate Humaniste;Francophone Christian Social Party -- Humanist Democratic Centre;5.4974;64.0;2.0;332.0;95.0;1192.0;;;;;;;non far-right;1999
LUX;Luxembourg;parliament;1999-06-13;23.74;13.0;60.0;LSAP;Lëtzebuerger Sozialistesch Aarbechterpartei;Luxembourg Socialist Workers' Party;3.2895;7.0;299.0;306.0;621.0;701.0;;;;;;;non far-right;1999
BEL;Belgium;parliament;1999-06-13;14.3;23.0;150.0;PVV|VLD;Partij voor Vrijheid en Vooruitgang | Vlaamse Liberalen en Democraten;Party of Liberty and Progress | Flemish Liberals and Democrats;7.0053;64.0;2.0;332.0;95.0;1110.0;;;;;;;non far-right;1999
LUX;Luxembourg;parliament;1999-06-13;29.72;19.0;60.0;CSV;Chrëschtlech Sozial Vollekspartei;Christian Social People's Party;6.4474;7.0;299.0;306.0;621.0;1234.0;;;;;;;non far-right;1999
BEL;Belgium;parliament;1999-06-13;6.99;9.0;150.0;AGL-Gr;Agalev – Groen;Agalev -- Green;2.5762;64.0;2.0;332.0;95.0;1594.0;;;;;;;non far-right;1999
BEL;Belgium;parliament;1999-06-13;1.45;1.0;150.0;FN;Front National;National Front;9.655;64.0;2.0;332.0;95.0;171.0;Front National;FN;1.0;1900.0;2100.0;171.0;far-right;1999
BEL;Belgium;parliament;1999-06-13;2.1;0.0;150.0;V;Vivant;Alive;6.0;64.0;2.0;332.0;95.0;620.0;;;;;;;non far-right;1999
AUT;Austria;parliament;1999-10-03;3.7;0.0;183.0;LIF;Liberales Forum;Liberal Forum;4.8806;59.0;492.0;162.0;412.0;955.0;;;;;;;non far-right;1999
AUT;Austria;parliament;1999-10-03;33.2;65.0;183.0;SPO;Sozialdemokratische Partei Österreichs;Social Democratic Party of Austria;3.7293;59.0;492.0;162.0;412.0;973.0;;;;;;;non far-right;1999
AUT;Austria;parliament;1999-10-03;26.9;52.0;183.0;OVP;Österreichische Volkspartei;Austrian People's Party;6.4733;59.0;492.0;162.0;412.0;1013.0;;;;;;;non far-right;1999
AUT;Austria;parliament;1999-10-03;26.9;52.0;183.0;FPO;Freiheitliche Partei Österreichs;Freedom Party of Austria;8.3494;59.0;492.0;162.0;412.0;50.0;Freiheitliche Partei Österreichs;FPÖ;1.0;1900.0;2100.0;50.0;far-right;1999
AUT;Austria;parliament;1999-10-03;7.4;14.0;183.0;Gruene;Die Grünen – Die Grüne Alternative;The Greens -- The Green Alternative;2.4604;59.0;492.0;162.0;412.0;1429.0;;;;;;;non far-right;1999
AUT;Austria;parliament;1999-10-03;1.0;0.0;183.0;DU;Die Unabhängigen – Liste Lugner;The Independents -- Lugner's List;;59.0;492.0;162.0;412.0;1745.0;;;;;;;non far-right;1999
PRT;Portugal;parliament;1999-10-10;32.98;81.0;230.0;PSD;Partido Social Democrata;Social Democratic Party;6.2949;63.0;352.0;216.0;265.0;1273.0;;;;;;;non far-right;1999
PRT;Portugal;parliament;1999-10-10;8.51;15.0;230.0;CDS-PP;Centro Democrático e Social – Partido Popular;Democratic and Social Centre -- People's Party;8.0222;63.0;352.0;216.0;265.0;251.0;;;;;;;non far-right;1999
PRT;Portugal;parliament;1999-10-10;;15.0;230.0;PCP;Partido Comunista Português;Portuguese Communist Party;2.1754;63.0;352.0;216.0;265.0;514.0;Partido Comunista Português;PCP;0.0;2100.0;2100.0;514.0;non far-right;1999
PRT;Portugal;parliament;1999-10-10;44.96;115.0;230.0;PS;Partido Socialista;Socialist Party;4.0492;63.0;352.0;216.0;265.0;725.0;;;;;;;non far-right;1999
PRT;Portugal;parliament;1999-10-10;;2.0;230.0;PEV;Partido Ecologista – Os Verdes;Ecology Party -- Greens;1.6579;63.0;352.0;216.0;265.0;1535.0;;;;;;;non far-right;1999
PRT;Portugal;parliament;1999-10-10;0.75;0.0;230.0;PCTP/MRPP;Comunista dos Trabalhadores Portugueses / Movimento Reorganizativo do Partido do Proletariado;Communist Party of the Portuguese Workers / Reorganizative Movement of the Party of the Proletariat;1.3;63.0;352.0;216.0;265.0;281.0;;;;;;;non far-right;1999
PRT;Portugal;parliament;1999-10-10;9.18;;230.0;CDU;Coligação Democrático Unitária;Unified Democratic Coalition;2.2233;63.0;352.0;216.0;265.0;1295.0;;;;;;;non far-right;1999
PRT;Portugal;parliament;1999-10-10;2.49;2.0;230.0;BE;Bloco de Esquerda;Bloc of the Left;1.6425;63.0;352.0;216.0;265.0;557.0;Bloco de Esquerda;BE;0.0;2100.0;2100.0;557.0;non far-right;1999
CHE;Switzerland;parliament;1999-10-24;15.9;35.0;200.0;KK/CVP;Katholische Konservative / Christlichdemokratische Volkspartei – Conservateurs catholiques  /  Parti démocrate-chrétien;Catholic Conservative / Christian Democratic People's Party;4.7288;40.0;427.0;105.0;38.0;531.0;;;;;;;non far-right;1999
CHE;Switzerland;parliament;1999-10-24;0.4;1.0;200.0;CsP-PCS;Christlich-soziale Partei – Parti chrétien-social;Christian Social Party;6.2;40.0;427.0;105.0;38.0;1012.0;;;;;;;non far-right;1999
CHE;Switzerland;parliament;1999-10-24;1.3;1.0;200.0;EDU-UDF;Eidgenössisch-Demokratische Union – Union Démocratique Fédérale;Federal Democratic Union of Switzerland;8.6579;40.0;427.0;105.0;38.0;1318.0;Eidgenössisch-Demokratische Union;EDU;1.0;1900.0;2100.0;1318.0;far-right;1999
CHE;Switzerland;parliament;1999-10-24;22.5;44.0;200.0;SVP-UDC;Schweizerische Volkspartei – Union Démocratique du Centre;Swiss People's Party;7.3575;40.0;427.0;105.0;38.0;750.0;Schweizerische Volkspartei;SVP;1.0;1900.0;2100.0;750.0;far-right;1999
CHE;Switzerland;parliament;1999-10-24;0.7;1.0;200.0;LdU-ADI;Landesring der Unabhängigen – Alliance des Indépendants;Independents Alliance;3.3;40.0;427.0;105.0;38.0;1264.0;;;;;;;non far-right;1999
CHE;Switzerland;parliament;1999-10-24;22.5;51.0;200.0;SP-PS;Sozialdemokratische Partei der Schweiz – Parti Socialiste Suisse;Social Democratic Party of Switzerland;1.8319;40.0;427.0;105.0;38.0;35.0;;;;;;;non far-right;1999
CHE;Switzerland;parliament;1999-10-24;2.3;6.0;200.0;LPS;Liberale Partei der Schweiz – Parti liberal suisse;Liberal Party of Switzerland;7.2961;40.0;427.0;105.0;38.0;458.0;;;;;;;non far-right;1999
CHE;Switzerland;parliament;1999-10-24;0.5;1.0;200.0;S;solidaritéS;Solidarity;1.3;40.0;427.0;105.0;38.0;1226.0;SolidaritéS;SOL;0.0;2100.0;2100.0;1226.0;non far-right;1999
CHE;Switzerland;parliament;1999-10-24;1.8;3.0;200.0;EVP-PEP;Evangelische Volkspartei der Schweiz – Parti Populaire Evangelique Suisse;Protestant Peoples Party;4.9248;40.0;427.0;105.0;38.0;602.0;;;;;;;non far-right;1999
CHE;Switzerland;parliament;1999-10-24;1.0;2.0;200.0;PdA;Partei der Arbeit der Schweiz;Swiss Party of Labour;0.5263;40.0;427.0;105.0;38.0;1167.0;Partei der Arbeit der Schweiz;PdA;0.0;2100.0;2100.0;1167.0;non far-right;1999
CHE;Switzerland;parliament;1999-10-24;0.3;1.0;200.0;FGr-ASF;Feministische und grün-alternative Gruppierungen – Alternative socialiste verte et groupements féministes;Feminists and Green-Alternative Groups;2.5;40.0;427.0;105.0;38.0;569.0;;;;;;;non far-right;1999
CHE;Switzerland;parliament;1999-10-24;0.85;0.0;200.0;FPS;Auto-Partei | Freiheitspartei der Schweiz;Automobile Party | Freedom Party of Switzerland;8.0556;40.0;427.0;105.0;38.0;1602.0;;;;;;;non far-right;1999
CHE;Switzerland;parliament;1999-10-24;5.0;8.0;200.0;Grue;Grüne – Écologiste;Greens;1.6886;40.0;427.0;105.0;38.0;141.0;;;;;;;non far-right;1999
CHE;Switzerland;parliament;1999-10-24;19.9;43.0;200.0;FDP-PRD;Freisinnig-Demokratische Partei der Schweiz – Parti Radical-Democratique Suisse;Radical Democratic Party;6.3249;40.0;427.0;105.0;38.0;26.0;;;;;;;non far-right;1999
CHE;Switzerland;parliament;1999-10-24;1.8;1.0;200.0;NA|SD;Nationale Aktion – Action Nationale | Schweizer Demokraten – Démocrates Suisses;National Action -- Swiss Democrats;9.4247;40.0;427.0;105.0;38.0;628.0;Schweizer Demokraten;SD;1.0;1900.0;2100.0;628.0;far-right;1999
CHE;Switzerland;parliament;1999-10-24;0.9;2.0;200.0;LdT;Lega dei Ticinesi;Ticino League;8.7;40.0;427.0;105.0;38.0;1500.0;Lega dei Ticinesi;LdT;1.0;1900.0;2100.0;1500.0;far-right;1999
HRV;Croatia;parliament;2000-01-03;;1.0;151.0;ethnic;ethnic;ethnic;;62.0;797.0;;;2192.0;;;;;;;non far-right;2000
HRV;Croatia;parliament;2000-01-03;1.1;0.0;151.0;HSP-1861;Hrvatska Stranka Prava 1861;Croatian Party of Right of 1861;8.7;62.0;797.0;;;2199.0;;;;;;;non far-right;2000
HRV;Croatia;parliament;2000-01-03;;2.0;151.0;LS;Liberalna stranka;Liberal Party;2.807;62.0;797.0;;;1457.0;;;;;;;non far-right;2000
HRV;Croatia;parliament;2000-01-03;1.9;0.0;151.0;HSU;Hrvatska stranka umirovljenika;Croatian Party of Pensioners;;62.0;797.0;;;2134.0;;;;;;;non far-right;2000
HRV;Croatia;parliament;2000-01-03;;2.0;151.0;HNS-LD;Hrvatska narodna stranka – Liberalni demokrati;Croatian People's Party -- Liberal Democrats;1.8421;62.0;797.0;;;1384.0;;;;;;;non far-right;2000
HRV;Croatia;parliament;2000-01-03;;2.0;151.0;PGS;Primorsko goranski savez;Alliance of Primorje-Gorski;;62.0;797.0;;;2196.0;;;;;;;non far-right;2000
HRV;Croatia;parliament;2000-01-03;0.7;3.0;151.0;none;no party affiliation;no party affiliation;;62.0;797.0;;;2197.0;;;;;;;non far-right;2000
HRV;Croatia;parliament;2000-01-03;;4.0;151.0;IDS;Istarski demokratski sabor;Istrian Democratic Assembly;3.4211;62.0;797.0;;;1627.0;;;;;;;non far-right;2000
HRV;Croatia;parliament;2000-01-03;1.4;0.0;151.0;HSNS;Hrvatska seljacka narodna stranka;Croatian Peasant's People's Party;5.3;62.0;797.0;;;2202.0;;;;;;;non far-right;2000
HRV;Croatia;parliament;2000-01-03;1.4;0.0;151.0;HPS;Hrvatska pucka stranka;Croatian People's Party;7.4;62.0;797.0;;;2203.0;;;;;;;non far-right;2000
HRV;Croatia;parliament;2000-01-03;24.4;46.0;151.0;HDZ;Hrvatska demokratska zajednica;Croatian Democratic Union;7.1053;62.0;797.0;;;276.0;Hrvatska Demokratska Zajednica;HDZ;1.0;1900.0;2000.0;276.0;far-right;2000
HRV;Croatia;parliament;2000-01-03;40.8;44.0;151.0;SPH;Socijaldemokratska partija Hrvatske;Social Democratic Party of Croatia;3.2456;62.0;797.0;;;1493.0;;;;;;;non far-right;2000
HRV;Croatia;parliament;2000-01-03;;24.0;151.0;HSLS;Hrvatska socijalno liberalna stranka;Croatian Social Liberal Party;7.193;62.0;797.0;;;1102.0;;;;;;;non far-right;2000
HRV;Croatia;parliament;2000-01-03;;1.0;151.0;one-seat;one seat;one seat;;62.0;797.0;;;2295.0;;;;;;;non far-right;2000
HRV;Croatia;parliament;2000-01-03;15.6;17.0;151.0;HSS;Hrvatska seljačka stranka;Croatian Peasant Party;6.2281;62.0;797.0;;;1465.0;;;;;;;non far-right;2000
HRV;Croatia;parliament;2000-01-03;5.3;5.0;151.0;HSP;Hrvatska stranka prava;Croatian Party of Rights;8.7719;62.0;797.0;;;1044.0;Hrvatska Stranka Prava;HSP;1.0;1900.0;2100.0;1044.0;far-right;2000
ESP;Spain;parliament;2000-03-12;0.32;0.0;350.0;no-seat;no seat;no seat;;27.0;687.0;99.0;370.0;2056.0;;;;;;;non far-right;2000
ESP;Spain;parliament;2000-03-12;0.44;1.0;350.0;EA;Eusko Alkartasuna;Basque Solidarity;4.3115;27.0;687.0;99.0;370.0;845.0;;;;;;;non far-right;2000
ESP;Spain;parliament;2000-03-12;0.9;1.0;350.0;PA;Partidu Andalucista;Andalusian Party;4.85;27.0;687.0;99.0;370.0;370.0;;;;;;;non far-right;2000
ESP;Spain;parliament;2000-03-12;0.85;1.0;350.0;ERC;Esquerra Republicana de Catalunya;Republican Left of Catalonia;3.1072;27.0;687.0;99.0;370.0;757.0;;;;;;;non far-right;2000
ESP;Spain;parliament;2000-03-12;0.33;1.0;350.0;CA;Chunta Aragonesista;Aragonese Council;2.75;27.0;687.0;99.0;370.0;1367.0;;;;;;;non far-right;2000
ESP;Spain;parliament;2000-03-12;1.34;3.0;350.0;BNG;Bloque Nacionalista Galego;Galician Nationalist Bloc;2.9117;27.0;687.0;99.0;370.0;520.0;Bloque Nacionalista Galego;BNG;0.0;2100.0;2100.0;520.0;non far-right;2000
ESP;Spain;parliament;2000-03-12;1.09;4.0;350.0;CC;Coalición Canaria;Canary Coalition;5.9789;27.0;687.0;99.0;370.0;234.0;;;;;;;non far-right;2000
ESP;Spain;parliament;2000-03-12;1.55;7.0;350.0;PNV;Partido Nacionalista Vasco – Euzko Alderdi Jeltzalea;Basque Nationalist Party;6.2144;27.0;687.0;99.0;370.0;1361.0;;;;;;;non far-right;2000
ESP;Spain;parliament;2000-03-12;5.54;8.0;350.0;PCE|IU;Partido Communista | Izquierda Unida;Communist Party | United Left;2.0183;27.0;687.0;99.0;370.0;118.0;Izquierda Unida;IU;0.0;2100.0;2100.0;118.0;non far-right;2000
ESP;Spain;parliament;2000-03-12;0.52;1.0;350.0;ICV;Iniciativa per Catalunya Verds;Initiative for Catalonia Greens;2.5;27.0;687.0;99.0;370.0;2330.0;;;;;;;non far-right;2000
ESP;Spain;parliament;2000-03-12;4.25;15.0;350.0;CiU;Convergència i Unió;Convergence and Union;6.2564;27.0;687.0;99.0;370.0;894.0;;;;;;;non far-right;2000
ESP;Spain;parliament;2000-03-12;34.71;125.0;350.0;PSOE;Partido Socialista Obrero Español;Spanish Socialist Workers Party;3.7377;27.0;687.0;99.0;370.0;902.0;;;;;;;non far-right;2000
ESP;Spain;parliament;2000-03-12;45.24;183.0;350.0;AP-P;Alianza-Partido Popular;People's Alliance-Party;7.5969;27.0;687.0;99.0;370.0;645.0;;;;;;;non far-right;2000
GRC;Greece;parliament;2000-04-09;5.52;11.0;300.0;KKE;Kommounistikó Kómma Elládas;Communist Party of Greece;1.253;41.0;475.0;399.0;33.0;614.0;Kommounistikó Kómma Elládas;KKE;0.0;2100.0;2100.0;614.0;non far-right;2000
GRC;Greece;parliament;2000-04-09;42.74;125.0;300.0;ND;Néa Đimokratía;New Democracy;6.7365;41.0;475.0;399.0;33.0;47.0;;;;;;;non far-right;2000
GRC;Greece;parliament;2000-04-09;3.2;6.0;300.0;SYN;Synaspismós tīs Aristerás;Coalition of the Left;2.7683;41.0;475.0;399.0;33.0;1441.0;Synaspismós tis Aristerás;SYN;0.0;2100.0;2100.0;1441.0;non far-right;2000
GRC;Greece;parliament;2000-04-09;2.69;0.0;300.0;DIKKI;Dimokratiko Koinoniko Kinima;Democratic Social Movement;2.3;41.0;475.0;399.0;33.0;720.0;Dimokratiko Koinoniko Kinima;DIKKI;0.0;2100.0;2100.0;720.0;non far-right;2000
GRC;Greece;parliament;2000-04-09;43.79;158.0;300.0;PASOK;Panellinio Sosialistikó Kínima;Panhellenic Socialist Movement;4.4968;41.0;475.0;399.0;33.0;1338.0;;;;;;;non far-right;2000
LTU;Lithuania;parliament;2000-10-08;1.95;2.0;141.0;LLRA;Lietuvos lenkų rinkimų akcija;Election Action of Lithuania's Poles;3.865;15.0;59.0;566.0;735.0;28.0;;;;;;;non far-right;2000
LTU;Lithuania;parliament;2000-10-08;3.07;2.0;141.0;LKDP;Lietuvos krikščionys demokratai;Lithuanian Christian Democrats;6.2385;15.0;59.0;566.0;735.0;675.0;;;;;;;non far-right;2000
LTU;Lithuania;parliament;2000-10-08;;1.0;141.0;one-seat;one seat;one seat;;15.0;59.0;566.0;735.0;652.0;;;;;;;non far-right;2000
LTU;Lithuania;parliament;2000-10-08;;3.0;141.0;none;no party affiliation;no party affiliation;;15.0;59.0;566.0;735.0;58.0;;;;;;;non far-right;2000
LTU;Lithuania;parliament;2000-10-08;4.08;4.0;141.0;LVP;Lietuvos valstiečių partija;Lithuanian Peasant Party;2.645;15.0;59.0;566.0;735.0;1632.0;;;;;;;non far-right;2000
LTU;Lithuania;parliament;2000-10-08;8.62;9.0;141.0;TS-LK;Tėvynės sąjunga;Homeland Union;7.4004;15.0;59.0;566.0;735.0;1045.0;;;;;;;non far-right;2000
LTU;Lithuania;parliament;2000-10-08;;19.0;141.0;LSDP-89;Lietuvos socialdemokratų partija – 1989;Lithuanian Social Democratic Party -- 1989;4.0;15.0;59.0;566.0;735.0;1408.0;;;;;;;non far-right;2000
LTU;Lithuania;parliament;2000-10-08;19.64;29.0;141.0;NS-SL;Naujoji sąjunga (socialliberalai);New Union (Social Liberals);4.2686;15.0;59.0;566.0;735.0;856.0;;;;;;;non far-right;2000
LTU;Lithuania;parliament;2000-10-08;17.25;34.0;141.0;LiCS;Liberalų ir centro sąjunga;Liberal and Centre Union;7.7562;15.0;59.0;566.0;735.0;983.0;;;;;;;non far-right;2000
LTU;Lithuania;parliament;2000-10-08;;3.0;141.0;LMP-NDP;Lietuvos moterų partija – Naujosios demokratijos partija;Lithuanian Womens Party -- New Democratic Party;3.2;15.0;59.0;566.0;735.0;1261.0;;;;;;;non far-right;2000
LTU;Lithuania;parliament;2000-10-08;1.47;0.0;141.0;UTL;"Liaudies sąjunga ""Uz teisingą Lietuvą""";"Peoples Union ""For Just Lithuania""";;15.0;59.0;566.0;735.0;2039.0;;;;;;;non far-right;2000
LTU;Lithuania;parliament;2000-10-08;2.01;1.0;141.0;KKSS;Krikščionių konservatorių socialinė sąjunga;Christian Conservative Social Union;6.4579;15.0;59.0;566.0;735.0;709.0;;;;;;;non far-right;2000
LTU;Lithuania;parliament;2000-10-08;1.15;1.0;141.0;JL;Jaunoji Lietuva;Young Lithuania;9.8;15.0;59.0;566.0;735.0;383.0;Jaunoji Lietuva;JL;1.0;1900.0;2100.0;383.0;far-right;2000
LTU;Lithuania;parliament;2000-10-08;1.27;1.0;141.0;LLaS;Lietuvos laisvės sąjunga;Lithuanian Liberty Union;7.8;15.0;59.0;566.0;735.0;1562.0;;;;;;;non far-right;2000
LTU;Lithuania;parliament;2000-10-08;4.19;1.0;141.0;KDS;Krikščionių demokratų sąjunga;Christian Democratic Union;6.2;15.0;59.0;566.0;735.0;493.0;;;;;;;non far-right;2000
LTU;Lithuania;parliament;2000-10-08;31.08;26.0;141.0;LDDP;Lietuvos demokratinė darbo partija;Democratic Labour Party of Lithuania;3.3333;15.0;59.0;566.0;735.0;519.0;;;;;;;non far-right;2000
LTU;Lithuania;parliament;2000-10-08;2.86;2.0;141.0;LCS;Lietuvos centro sąjunga;Centre Union of Lithuania;4.8833;15.0;59.0;566.0;735.0;887.0;;;;;;;non far-right;2000
LTU;Lithuania;parliament;2000-10-08;;3.0;141.0;LRS;Lietuvos rusų sąjunga;Lithuanian Russian Union;2.2;15.0;59.0;566.0;735.0;863.0;;;;;;;non far-right;2000
SVN;Slovenia;parliament;2000-10-15;4.39;4.0;90.0;SNS;Slovenska nacionalna stranka;Slovenian National Party;4.7941;60.0;525.0;338.0;768.0;981.0;Slovenska Nacionalna Stranka;SNS;1.0;1900.0;2100.0;981.0;far-right;2000
SVN;Slovenia;parliament;2000-10-15;8.66;8.0;90.0;NSI;Nova Slovenija – Krščanska ljudska stranka;New Slovenia -- Christian People's Party;7.9345;60.0;525.0;338.0;768.0;1047.0;Nova Slovenija – Krščanski Demokrati;N.Si;1.0;1900.0;2100.0;1047.0;far-right;2000
SVN;Slovenia;parliament;2000-10-15;4.34;4.0;90.0;SMS;Stranka mladih Slovenije;Youth Party of Slovenia;4.2263;60.0;525.0;338.0;768.0;1512.0;;;;;;;non far-right;2000
SVN;Slovenia;parliament;2000-10-15;5.17;4.0;90.0;DeSUS;Demokratična stranka upokojencev Slovenije;Democratic Party of Pensioners of Slovenia;3.2292;60.0;525.0;338.0;768.0;1587.0;;;;;;;non far-right;2000
SVN;Slovenia;parliament;2000-10-15;15.81;14.0;90.0;SDS;Slovenska demokratska stranka;Slovenian Democratic Party;6.9996;60.0;525.0;338.0;768.0;179.0;Slovenska Demokratska Stranka;SDS;1.0;2015.0;2100.0;179.0;non far-right;2000
SVN;Slovenia;parliament;2000-10-15;36.26;34.0;90.0;LDS;Liberalna demokracija Slovenije;Liberal Democracy of Slovenia;3.7351;60.0;525.0;338.0;768.0;1252.0;;;;;;;non far-right;2000
SVN;Slovenia;parliament;2000-10-15;;1.0;90.0;Ita;Italijanska narodna skupnost;Italian national community;;60.0;525.0;338.0;768.0;199.0;;;;;;;non far-right;2000
SVN;Slovenia;parliament;2000-10-15;;1.0;90.0;Mad;Madžarska narodna skupnost;Hungarian national community;;60.0;525.0;338.0;768.0;65.0;;;;;;;non far-right;2000
SVN;Slovenia;parliament;2000-10-15;9.54;9.0;90.0;SLS;Slovenska ljudska stranka;Slovenian People's Party;6.6953;60.0;525.0;338.0;768.0;16.0;;;;;;;non far-right;2000
SVN;Slovenia;parliament;2000-10-15;0.9;0.0;90.0;ZS;Zeleni Slovenije;Greens of Slovenia;2.5;60.0;525.0;338.0;768.0;1619.0;;;;;;;non far-right;2000
SVN;Slovenia;parliament;2000-10-15;12.08;11.0;90.0;ZL-SD;Združena lista – Socialni demokrati;United List -- Social Democrats;3.0637;60.0;525.0;338.0;768.0;706.0;Združena levica;ZL;0.0;2100.0;2100.0;706.0;non far-right;2000
ROU;Romania;parliament;2000-11-26;7.03;31.0;345.0;PD;Partidul Democrat;Democratic Party;5.3875;23.0;336.0;49.0;171.0;419.0;;;;;;;non far-right;2000
ROU;Romania;parliament;2000-11-26;36.61;155.0;345.0;PSD;Partidul Social Democrat;Social Democratic Party;3.2325;23.0;336.0;49.0;171.0;1120.0;;;;;;;non far-right;2000
ROU;Romania;parliament;2000-11-26;6.89;30.0;345.0;PNL;Partidul Naţional Liberal;National Liberal Party;6.0543;23.0;336.0;49.0;171.0;1015.0;;;;;;;non far-right;2000
ROU;Romania;parliament;2000-11-26;6.8;27.0;345.0;UDMR;Uniunea Democrată Maghiară din România;Democratic Union of Hungarians in Romania;6.016;23.0;336.0;49.0;171.0;948.0;;;;;;;non far-right;2000
ROU;Romania;parliament;2000-11-26;;18.0;345.0;etnice;Partidele minorităţilor etnice din România;Romanian ethnic minorities parties;;23.0;336.0;49.0;171.0;425.0;;;;;;;non far-right;2000
ROU;Romania;parliament;2000-11-26;5.04;0.0;345.0;CDR;Convenţia Democrată Română;Romanian Democratic Convention;6.29;23.0;336.0;49.0;171.0;356.0;;;;;;;non far-right;2000
ROU;Romania;parliament;2000-11-26;4.07;0.0;345.0;ApR;Alianta pentru Romania;Alliance for Romania;3.3;23.0;336.0;49.0;171.0;2040.0;;;;;;;non far-right;2000
ROU;Romania;parliament;2000-11-26;1.4;0.0;345.0;PNL-C;Partidul National Liberal Campeanu;National Liberal Party Campeanu;6.0;23.0;336.0;49.0;171.0;2041.0;;;;;;;non far-right;2000
ROU;Romania;parliament;2000-11-26;1.38;0.0;345.0;PUNR;Partidul Unitatii Naţionale a Romanilor;Romanian National Unity Party;5.5556;23.0;336.0;49.0;171.0;648.0;Partidul Unitatii Nationale a Romanilor;PUNR;1.0;1900.0;2100.0;648.0;far-right;2000
ROU;Romania;parliament;2000-11-26;19.48;84.0;345.0;PRM;Partidul România Mare;Greater Romania Party;6.6618;23.0;336.0;49.0;171.0;713.0;Partidul România Mare;PRM;1.0;1900.0;2100.0;713.0;far-right;2000
ITA;Italy;parliament;2001-05-13;4.01;0.0;630.0;IdV;Italia dei Valori;Italy of Values;4.8712;26.0;498.0;551.0;239.0;693.0;Lista Di Pietro - Italia dei Valori;IdV;0.0;2100.0;2100.0;693.0;non far-right;2001
ITA;Italy;parliament;2001-05-13;2.4;0.0;630.0;DE;Democrazia Europea;European Democracy;6.2;26.0;498.0;551.0;239.0;488.0;;;;;;;non far-right;2001
ITA;Italy;parliament;2001-05-13;0.07;1.0;630.0;UV;Union Valdôtaine;Valdotanian Union;;26.0;498.0;551.0;239.0;974.0;;;;;;;non far-right;2001
ITA;Italy;parliament;2001-05-13;3.22;40.0;630.0;CCD+CDU;Centro Cristiano Democratico  / Cristiani Democratici Uniti;Christian Democratic Centre / United Christian Democrats;5.9067;26.0;498.0;551.0;239.0;627.0;;;;;;;non far-right;2001
ITA;Italy;parliament;2001-05-13;12.02;99.0;630.0;AN;Alleanza Nazionale;National Alliance;8.0871;26.0;498.0;551.0;239.0;373.0;Alleanza Nazionale;AN;1.0;1900.0;2100.0;373.0;far-right;2001
ITA;Italy;parliament;2001-05-13;14.52;83.0;630.0;DL-M;Democrazia è Libertà – La Margherita;Democracy is Freedom -- The Daisy;3.9893;26.0;498.0;551.0;239.0;1005.0;;;;;;;non far-right;2001
ITA;Italy;parliament;2001-05-13;2.2;0.0;630.0;R;Radicali;Radicals;3.9732;26.0;498.0;551.0;239.0;1296.0;;;;;;;non far-right;2001
ITA;Italy;parliament;2001-05-13;3.94;30.0;630.0;LN;Lega Nord;North League;7.8007;26.0;498.0;551.0;239.0;1436.0;Lega (Nord);Lega;1.0;1900.0;2100.0;1436.0;far-right;2001
ITA;Italy;parliament;2001-05-13;16.57;136.0;630.0;DS;Democratici di Sinistra;Democrats of the Left;2.6277;26.0;498.0;551.0;239.0;809.0;;;;;;;non far-right;2001
ITA;Italy;parliament;2001-05-13;5.03;11.0;630.0;PRC;Partito della Rifondazione Comunista;Communist Refoundation Party;0.8849;26.0;498.0;551.0;239.0;1321.0;Partito della Rifondazione Comunista;PRC;0.0;2100.0;2100.0;1321.0;non far-right;2001
ITA;Italy;parliament;2001-05-13;2.17;17.0;630.0;FdV;Federazione dei Verdi;Federation of the Greens;2.3725;26.0;498.0;551.0;239.0;910.0;;;;;;;non far-right;2001
ITA;Italy;parliament;2001-05-13;1.67;10.0;630.0;PdCI;Partito dei Comunisti Italiani;Party of the Italian Communists;1.0423;26.0;498.0;551.0;239.0;1661.0;Partito dei Comunisti Italiani;PDCI;0.0;2100.0;2100.0;1661.0;non far-right;2001
ITA;Italy;parliament;2001-05-13;0.95;3.0;630.0;NPSI;Nuovo Partito Socialisti Italiani;New PSI;5.43;26.0;498.0;551.0;239.0;1287.0;;;;;;;non far-right;2001
ITA;Italy;parliament;2001-05-13;0.54;3.0;630.0;SVP;Südtiroler Volkspartei;South Tyrol Peoples Party;5.4;26.0;498.0;551.0;239.0;1030.0;;;;;;;non far-right;2001
ITA;Italy;parliament;2001-05-13;;3.0;630.0;one-seat;one seat;one seat;;26.0;498.0;551.0;239.0;2302.0;;;;;;;non far-right;2001
ITA;Italy;parliament;2001-05-13;29.43;194.0;630.0;FI-PdL;Forza Italia – Il Popolo della Libertà;Go Italy -- The People of Freedom;7.1459;26.0;498.0;551.0;239.0;596.0;Forza Italia (1994-2009);FI1;0.0;2100.0;2100.0;596.0;non far-right;2001
CYP;Cyprus;parliament;2001-05-27;2.6;1.0;56.0;ED;Enomeni Dimokrates;United Democrats;7.1053;51.0;339.0;330.0;731.0;1523.0;;;;;;;non far-right;2001
CYP;Cyprus;parliament;2001-05-27;2.0;1.0;56.0;KOP;Kinima Oikologoi Perivallontistoi;Ecological and Environmental Movement;5.7895;51.0;339.0;330.0;731.0;1621.0;;;;;;;non far-right;2001
CYP;Cyprus;parliament;2001-05-27;2.2;1.0;56.0;ADK;Agonistiko Dimokratiko Kinima;Fighting Democratic Movement;7.7632;51.0;339.0;330.0;731.0;1049.0;;;;;;;non far-right;2001
CYP;Cyprus;parliament;2001-05-27;34.7;20.0;56.0;AKEL;Anorthotikó Kómma Ergazómenou Laoú;Progressive Party of Working People;1.0526;51.0;339.0;330.0;731.0;572.0;Anorthotikó Kómma Ergazómenou Laoú;AKEL;0.0;2100.0;2100.0;572.0;non far-right;2001
CYP;Cyprus;parliament;2001-05-27;6.5;4.0;56.0;EDEK;Kinima Sosialdimokraton EDEK;Movement for Social Democracy EDEK;3.2895;51.0;339.0;330.0;731.0;945.0;;;;;;;non far-right;2001
CYP;Cyprus;parliament;2001-05-27;14.8;9.0;56.0;DIKO;Dimokratikó Kómma;Democratic Party;5.1316;51.0;339.0;330.0;731.0;851.0;;;;;;;non far-right;2001
CYP;Cyprus;parliament;2001-05-27;34.0;19.0;56.0;DISY;Dimokratikós Sinayermós;Democratic Rally;8.6842;51.0;339.0;330.0;731.0;1575.0;;;;;;;non far-right;2001
CYP;Cyprus;parliament;2001-05-27;3.0;1.0;56.0;NO;Neoi Orizontes;New Horizons;9.3421;51.0;339.0;330.0;731.0;6.0;New Horizons;NH;1.0;1900.0;2100.0;6.0;far-right;2001
GBR;United Kingdom;parliament;2001-06-07;0.6;3.0;659.0;SDLP;Social Democratic and Labour Party;Social Democratic and Labour Party;3.3;44.0;208.0;315.0;838.0;1023.0;;;;;;;non far-right;2001
GBR;United Kingdom;parliament;2001-06-07;0.7;4.0;659.0;Plaid;Plaid Cymru;Plaid Cymru;3.1183;44.0;208.0;315.0;838.0;311.0;;;;;;;non far-right;2001
GBR;United Kingdom;parliament;2001-06-07;1.5;0.0;659.0;UKIP;United Kingdom Independence Party;United Kingdom Independence Party;7.8429;44.0;208.0;315.0;838.0;1272.0;United Kingdom Independence Party;UKIP;1.0;2002.0;2100.0;1272.0;non far-right;2001
GBR;United Kingdom;parliament;2001-06-07;;2.0;659.0;etc;others;others;;44.0;208.0;315.0;838.0;453.0;;;;;;;non far-right;2001
GBR;United Kingdom;parliament;2001-06-07;0.7;4.0;659.0;SF;Sinn Féin;Sinn Fein;1.3;44.0;208.0;315.0;838.0;689.0;;;;;;;non far-right;2001
GBR;United Kingdom;parliament;2001-06-07;18.3;52.0;659.0;Lib;Liberals;Liberals;4.2875;44.0;208.0;315.0;838.0;659.0;;;;;;;non far-right;2001
GBR;United Kingdom;parliament;2001-06-07;0.7;5.0;659.0;DUP;Democratic Unionist Party;Democratic Unionist Party;7.4;44.0;208.0;315.0;838.0;319.0;Democratic Unionist Party;DUP;0.0;2100.0;2100.0;319.0;non far-right;2001
GBR;United Kingdom;parliament;2001-06-07;0.8;6.0;659.0;UUP;Ulster Unionist Party;Ulster Unionist Party;8.3;44.0;208.0;315.0;838.0;1210.0;;;;;;;non far-right;2001
GBR;United Kingdom;parliament;2001-06-07;31.7;166.0;659.0;Con;Conservatives;Conservatives;7.4261;44.0;208.0;315.0;838.0;773.0;;;;;;;non far-right;2001
GBR;United Kingdom;parliament;2001-06-07;40.7;412.0;659.0;Lab;Labour Party;Labour;4.3562;44.0;208.0;315.0;838.0;1556.0;;;;;;;non far-right;2001
GBR;United Kingdom;parliament;2001-06-07;1.8;5.0;659.0;SNP;Scottish National Party – Pàrtaidh Nàiseanta na h-Alba;Scottish National Party;3.5871;44.0;208.0;315.0;838.0;1284.0;;;;;;;non far-right;2001
BGR;Bulgaria;parliament;2001-06-18;1.7;0.0;240.0;OT-SII;Obedinenie za Tsar [Simeon II];Union for Tzar [Simeon II];;10.0;681.0;126.0;792.0;1149.0;;;;;;;non far-right;2001
BGR;Bulgaria;parliament;2001-06-18;3.44;0.0;240.0;KSII;Koalitsiya Simeon II;Simeon II Coalition;6.86;10.0;681.0;126.0;792.0;15.0;;;;;;;non far-right;2001
BGR;Bulgaria;parliament;2001-06-18;7.45;21.0;240.0;DPS;Dvizhenie za Prava i Svobodi;Movement for Rights and Freedoms;4.5828;10.0;681.0;126.0;792.0;1286.0;;;;;;;non far-right;2001
BGR;Bulgaria;parliament;2001-06-18;3.63;0.0;240.0;DG;Dvizhenie Gergyovden;George's Day Movement;6.3158;10.0;681.0;126.0;792.0;1362.0;;;;;;;non far-right;2001
BGR;Bulgaria;parliament;2001-06-18;18.18;51.0;240.0;ODS;Obedineni Demokratichni Sili;United Democratic Forces;6.9611;10.0;681.0;126.0;792.0;784.0;;;;;;;non far-right;2001
BGR;Bulgaria;parliament;2001-06-18;42.74;120.0;240.0;NDSV;Natsionalno Dvizhenie Simeon Vtori;National Movement Simeon II;5.7567;10.0;681.0;126.0;792.0;544.0;Natsionalno Dvizhenie za Stabilnost i Vazhod;NDSV;0.0;2100.0;2100.0;544.0;non far-right;2001
BGR;Bulgaria;parliament;2001-06-18;17.15;48.0;240.0;KzB|DL;Koalitsiya za Balgariya | Demokratichna Levitsa;Coalition for Bulgaria | Democratic Left;2.8982;10.0;681.0;126.0;792.0;1160.0;;;;;;;non far-right;2001
NOR;Norway;parliament;2001-09-10;24.3;43.0;165.0;DNA;Det norske Arbeiderparti;Norwegian Labour Party;3.3706;9.0;328.0;669.0;333.0;104.0;;;;;;;non far-right;2001
NOR;Norway;parliament;2001-09-10;21.2;38.0;165.0;H;Høyre;Conservative Party;7.8994;9.0;328.0;669.0;333.0;1435.0;;;;;;;non far-right;2001
NOR;Norway;parliament;2001-09-10;14.7;26.0;165.0;Fr;Fremskrittspartiet;Progress Party;8.7595;9.0;328.0;669.0;333.0;351.0;Fremskrittspartiet;FrP;1.0;1900.0;2100.0;351.0;far-right;2001
NOR;Norway;parliament;2001-09-10;12.5;23.0;165.0;SV;Sosialistisk Venstreparti;Socialist Left Party;1.5839;9.0;328.0;669.0;333.0;81.0;Sosialistisk Venstreparti;SV;0.0;2100.0;2100.0;81.0;non far-right;2001
NOR;Norway;parliament;2001-09-10;12.5;22.0;165.0;KrF;Kristelig Folkeparti;Christian Democratic Party;5.8516;9.0;328.0;669.0;333.0;1538.0;;;;;;;non far-right;2001
NOR;Norway;parliament;2001-09-10;5.6;10.0;165.0;Sp;Senterpartiet;Centre Party;4.6565;9.0;328.0;669.0;333.0;702.0;;;;;;;non far-right;2001
NOR;Norway;parliament;2001-09-10;1.7;1.0;165.0;Kp;Kystpartiet;Coastal Party;7.4;9.0;328.0;669.0;333.0;780.0;Kystpartiet;Kp;0.0;2100.0;2100.0;780.0;non far-right;2001
NOR;Norway;parliament;2001-09-10;3.9;2.0;165.0;V;Venstre;Liberal Party of Norway;5.1467;9.0;328.0;669.0;333.0;647.0;;;;;;;non far-right;2001
NOR;Norway;parliament;2001-09-10;1.2;0.0;165.0;RV;Rød Valgallianse;Red Electoral Alliance;0.4089;9.0;328.0;669.0;333.0;1638.0;Rødt;Rodt;0.0;2100.0;2100.0;1638.0;non far-right;2001
POL;Poland;parliament;2001-09-23;41.04;200.0;460.0;SLD;Sojusz Lewicy Demokratycznej;Democratic Left Alliance;2.8299;74.0;565.0;477.0;194.0;629.0;;;;;;;non far-right;2001
POL;Poland;parliament;2001-09-23;5.6;0.0;460.0;AWS;Akcja Wyborcza Solidarność Prawicy;Solidarity Electoral Action;7.1286;74.0;565.0;477.0;194.0;1355.0;;;;;;;non far-right;2001
POL;Poland;parliament;2001-09-23;3.1;0.0;460.0;D|W|U;Demokratyczna | Wolności | Unia;Democratic | Freedom | Union;5.2295;74.0;565.0;477.0;194.0;1104.0;;;;;;;non far-right;2001
POL;Poland;parliament;2001-09-23;;16.0;460.0;UP;Unia Pracy;Labour Union;2.0348;74.0;565.0;477.0;194.0;838.0;;;;;;;non far-right;2001
POL;Poland;parliament;2001-09-23;7.9;38.0;460.0;LPR;Liga Polskich Rodzin;League of Polish Families;8.8852;74.0;565.0;477.0;194.0;987.0;Liga Polskich Rodzin;LPR;1.0;1900.0;2010.0;987.0;far-right;2001
POL;Poland;parliament;2001-09-23;0.4;2.0;460.0;MN;Mniejszość niemiecka w Polsce;German minority;;74.0;565.0;477.0;194.0;900.0;;;;;;;non far-right;2001
POL;Poland;parliament;2001-09-23;9.5;44.0;460.0;PiS;Prawo i Sprawiedliwość;Law and Justice;7.6997;74.0;565.0;477.0;194.0;528.0;Prawo i Sprawiedliwosc;PiS;1.0;2005.0;2100.0;528.0;non far-right;2001
POL;Poland;parliament;2001-09-23;10.2;53.0;460.0;SRP;Samoobrona Rzeczypospolitej Polskiej;Self-Defense of the Republic Poland;3.997;74.0;565.0;477.0;194.0;207.0;Samoobrona Rzeczypospolitej Polskiej;SO;0.0;2100.0;2100.0;207.0;non far-right;2001
POL;Poland;parliament;2001-09-23;12.7;65.0;460.0;PO;Platforma Obywatelska;Civic Platform;6.2355;74.0;565.0;477.0;194.0;512.0;;;;;;;non far-right;2001
POL;Poland;parliament;2001-09-23;9.0;42.0;460.0;PSL;Polskie Stronnictwo Ludowe;Polish People's Party;4.1856;74.0;565.0;477.0;194.0;664.0;;;;;;;non far-right;2001
DNK;Denmark;parliament;2001-11-20;5.2;9.0;179.0;RV;Det Radikale Venstre;Danish Social Liberal Party;4.8736;21.0;632.0;389.0;630.0;211.0;;;;;;;non far-right;2001
DNK;Denmark;parliament;2001-11-20;31.2;56.0;179.0;V;Venstre;Liberal Party;7.292;21.0;632.0;389.0;630.0;1605.0;;;;;;;non far-right;2001
DNK;Denmark;parliament;2001-11-20;29.1;52.0;179.0;Sd;Socialdemokraterne;Social Democrats;3.8011;21.0;632.0;389.0;630.0;1629.0;;;;;;;non far-right;2001
DNK;Denmark;parliament;2001-11-20;12.0;22.0;179.0;DF;Dansk Folkeparti;Danish People's Party;8.2269;21.0;632.0;389.0;630.0;1418.0;Dansk Folkeparti;DF;1.0;1900.0;2100.0;1418.0;far-right;2001
DNK;Denmark;parliament;2001-11-20;9.1;16.0;179.0;KF;Konservative;Conservatives;7.2186;21.0;632.0;389.0;630.0;590.0;;;;;;;non far-right;2001
DNK;Denmark;parliament;2001-11-20;6.4;12.0;179.0;SF;Socialistisk Folkeparti;Socialist Peoples Party;2.1347;21.0;632.0;389.0;630.0;1644.0;Socialistisk Folkeparti;SF;0.0;2100.0;2100.0;1644.0;non far-right;2001
DNK;Denmark;parliament;2001-11-20;0.5;0.0;179.0;FrP;Fremskridtspartiet;Progress Party;9.0259;21.0;632.0;389.0;630.0;978.0;Fremskridtspartiet;FrP;0.0;2100.0;2100.0;978.0;non far-right;2001
DNK;Denmark;parliament;2001-11-20;2.4;4.0;179.0;En-O;Enhedslisten – De Rød-Grønne;Red-Green Alliance;0.8912;21.0;632.0;389.0;630.0;306.0;Enhedslisten – De Rød-Grønne;En-O;0.0;2100.0;2100.0;306.0;non far-right;2001
DNK;Denmark;parliament;2001-11-20;;1.0;179.0;IA;Inuit Ataqatigiit;Community of the People;1.3;21.0;632.0;389.0;630.0;1891.0;;;;;;;non far-right;2001
DNK;Denmark;parliament;2001-11-20;;1.0;179.0;Si;Siumut;Forward (Greenland);3.3;21.0;632.0;389.0;630.0;74.0;;;;;;;non far-right;2001
DNK;Denmark;parliament;2001-11-20;;1.0;179.0;Sbf;Sambandsflokkurin;Union Party (Faroe Islands);7.4;21.0;632.0;389.0;630.0;1892.0;;;;;;;non far-right;2001
DNK;Denmark;parliament;2001-11-20;;1.0;179.0;T;Tjóðveldi;Republic (Faroe Islands);1.3;21.0;632.0;389.0;630.0;2568.0;;;;;;;non far-right;2001
DNK;Denmark;parliament;2001-11-20;1.8;0.0;179.0;CD;Centrumdemokraterne;Centre Democrats;5.5609;21.0;632.0;389.0;630.0;1324.0;;;;;;;non far-right;2001
DNK;Denmark;parliament;2001-11-20;2.3;4.0;179.0;KrF;Kristeligt Folkeparti;Christian People's Party;5.6982;21.0;632.0;389.0;630.0;1331.0;;;;;;;non far-right;2001
PRT;Portugal;parliament;2002-03-17;41.01;105.0;230.0;PSD;Partido Social Democrata;Social Democratic Party;6.2949;63.0;657.0;352.0;5.0;1273.0;;;;;;;non far-right;2002
PRT;Portugal;parliament;2002-03-17;8.9;14.0;230.0;CDS-PP;Centro Democrático e Social – Partido Popular;Democratic and Social Centre -- People's Party;8.0222;63.0;657.0;352.0;5.0;251.0;;;;;;;non far-right;2002
PRT;Portugal;parliament;2002-03-17;38.55;96.0;230.0;PS;Partido Socialista;Socialist Party;4.0492;63.0;657.0;352.0;5.0;725.0;;;;;;;non far-right;2002
PRT;Portugal;parliament;2002-03-17;2.79;3.0;230.0;BE;Bloco de Esquerda;Bloc of the Left;1.6425;63.0;657.0;352.0;5.0;557.0;Bloco de Esquerda;BE;0.0;2100.0;2100.0;557.0;non far-right;2002
PRT;Portugal;parliament;2002-03-17;0.67;0.0;230.0;PCTP/MRPP;Comunista dos Trabalhadores Portugueses / Movimento Reorganizativo do Partido do Proletariado;Communist Party of the Portuguese Workers / Reorganizative Movement of the Party of the Proletariat;1.3;63.0;657.0;352.0;5.0;281.0;;;;;;;non far-right;2002
PRT;Portugal;parliament;2002-03-17;7.08;;230.0;CDU;Coligação Democrático Unitária;Unified Democratic Coalition;2.2233;63.0;657.0;352.0;5.0;1295.0;;;;;;;non far-right;2002
PRT;Portugal;parliament;2002-03-17;;2.0;230.0;PEV;Partido Ecologista – Os Verdes;Ecology Party -- Greens;1.6579;63.0;657.0;352.0;5.0;1535.0;;;;;;;non far-right;2002
PRT;Portugal;parliament;2002-03-17;;10.0;230.0;PCP;Partido Comunista Português;Portuguese Communist Party;2.1754;63.0;657.0;352.0;5.0;514.0;Partido Comunista Português;PCP;0.0;2100.0;2100.0;514.0;non far-right;2002
HUN;Hungary;parliament;2002-04-21;3.9;0.0;386.0;KDNP;Kereszténydemokrata Néppárt;Christian Democratic People's Party;7.4;39.0;463.0;671.0;827.0;434.0;;;;;;;non far-right;2002
HUN;Hungary;parliament;2002-04-21;2.16;0.0;386.0;MMP;Magyar Munkáspárt;Hungarian Workers' Party;0.6316;39.0;463.0;671.0;827.0;1202.0;Magyar Munkáspárt;MMP;0.0;2100.0;2100.0;1202.0;non far-right;2002
HUN;Hungary;parliament;2002-04-21;42.05;178.0;386.0;MSZP;Magyar Szocialista Párt;Hungarian Socialist Party;2.8743;39.0;463.0;671.0;827.0;1591.0;;;;;;;non far-right;2002
HUN;Hungary;parliament;2002-04-21;41.07;164.0;386.0;Fi-MPSz;Fidesz – Magyar Polgári Szövetség;Fidesz -- Hungarian Civic Union;6.5432;39.0;463.0;671.0;827.0;921.0;Fidesz;Fidesz;1.0;2010.0;2100.0;921.0;non far-right;2002
HUN;Hungary;parliament;2002-04-21;4.37;0.0;386.0;MIEP;Magyar Igazság és Élet Pártja;Hungarian Justice and Life Party;9.6065;39.0;463.0;671.0;827.0;95.0;Magyar Igazság és Élet Pártja;MIÉP;1.0;1900.0;2100.0;95.0;far-right;2002
HUN;Hungary;parliament;2002-04-21;5.57;20.0;386.0;SzDSz;Szabad Demokraták Szövetsége;Alliance of Free Democrats;3.9659;39.0;463.0;671.0;827.0;1426.0;;;;;;;non far-right;2002
HUN;Hungary;parliament;2002-04-21;;24.0;386.0;MDF;Magyar Demokrata Fórum;Hungarian Democratic Forum;6.4826;39.0;463.0;671.0;827.0;546.0;;;;;;;non far-right;2002
NLD;Netherlands;parliament;2002-05-15;2.54;4.0;150.0;CU;ChristenUnie;ChristianUnion;6.1732;8.0;74.0;372.0;749.0;1206.0;;;;;;;non far-right;2002
NLD;Netherlands;parliament;2002-05-15;5.1;7.0;150.0;D66;Democraten 66;Democrats 66;4.5066;8.0;74.0;372.0;749.0;345.0;;;;;;;non far-right;2002
NLD;Netherlands;parliament;2002-05-15;17.0;26.0;150.0;LPF;Lijst Pim Fortuyn;Fortuyn List;8.5609;8.0;74.0;372.0;749.0;456.0;Lijst Pim Fortuyn;LPF;0.0;2100.0;2100.0;456.0;non far-right;2002
NLD;Netherlands;parliament;2002-05-15;0.41;0.0;150.0;AOV|VSP;Algemeen Ouderen Verbond | Verenigde Senioren Partij;General Senior Union | United Seniors Party;;8.0;74.0;372.0;749.0;112.0;;;;;;;non far-right;2002
NLD;Netherlands;parliament;2002-05-15;1.61;2.0;150.0;LN;Leefbaar Nederland;Livable Netherlands;8.7;8.0;74.0;372.0;749.0;744.0;Leefbaar Nederland;LN;0.0;2100.0;2100.0;744.0;non far-right;2002
NLD;Netherlands;parliament;2002-05-15;6.95;10.0;150.0;GL;GroenLinks;GreenLeft;2.0454;8.0;74.0;372.0;749.0;756.0;;;;;;;non far-right;2002
NLD;Netherlands;parliament;2002-05-15;15.44;24.0;150.0;VVD;Volkspartij voor Vrijheid en Democratie;People's Party for Freedom and Democracy;7.3482;8.0;74.0;372.0;749.0;1409.0;;;;;;;non far-right;2002
NLD;Netherlands;parliament;2002-05-15;15.11;23.0;150.0;PvdA;Partij van de Arbeid;Labour Party;3.6118;8.0;74.0;372.0;749.0;742.0;;;;;;;non far-right;2002
NLD;Netherlands;parliament;2002-05-15;5.9;9.0;150.0;SP;Socialistiese Partij;Socialist Party;1.3682;8.0;74.0;372.0;749.0;357.0;Socialistiese Partij;SP;0.0;2100.0;2100.0;357.0;non far-right;2002
NLD;Netherlands;parliament;2002-05-15;1.72;2.0;150.0;SGP;Staatkundig Gereformeerde Partij;Political Reformed Party;8.7531;8.0;74.0;372.0;749.0;1251.0;;;;;;;non far-right;2002
NLD;Netherlands;parliament;2002-05-15;27.93;43.0;150.0;CDA;Christen Democratisch Appèl;Christian Democratic Appeal;5.9376;8.0;74.0;372.0;749.0;235.0;;;;;;;non far-right;2002
IRL;Ireland;parliament;2002-05-17;0.46;1.0;166.0;I-MH;Independent – Marian Harkin;Independent -- Marian Harkin;;37.0;408.0;316.0;126.0;2329.0;;;;;;;non far-right;2002
IRL;Ireland;parliament;2002-05-17;0.26;0.0;166.0;no-seat;no seat;no seat;;37.0;408.0;316.0;126.0;2216.0;;;;;;;non far-right;2002
IRL;Ireland;parliament;2002-05-17;0.8;1.0;166.0;SP;Socialist Party;Socialist Party;1.3;37.0;408.0;316.0;126.0;1014.0;Socialist Party;SP;0.0;2100.0;2100.0;1014.0;non far-right;2002
IRL;Ireland;parliament;2002-05-17;10.77;21.0;166.0;Lab;Labour Party;Labour Party;3.6252;37.0;408.0;316.0;126.0;318.0;;;;;;;non far-right;2002
IRL;Ireland;parliament;2002-05-17;3.85;6.0;166.0;Green;Green Party  – Comhaontas Glas;Green Party;2.435;37.0;408.0;316.0;126.0;1573.0;;;;;;;non far-right;2002
IRL;Ireland;parliament;2002-05-17;3.96;8.0;166.0;PD;Progressive Democrats;Progressive Democrats;8.0109;37.0;408.0;316.0;126.0;651.0;;;;;;;non far-right;2002
IRL;Ireland;parliament;2002-05-17;;12.0;166.0;none;no party affiliation;no party affiliation;;37.0;408.0;316.0;126.0;30.0;;;;;;;non far-right;2002
IRL;Ireland;parliament;2002-05-17;22.48;31.0;166.0;FG;Fine Gael;Fine Gael (Family of the Irish);6.4372;37.0;408.0;316.0;126.0;1393.0;;;;;;;non far-right;2002
IRL;Ireland;parliament;2002-05-17;41.48;81.0;166.0;FF;Fianna Fáil;Fianna Fail;6.0713;37.0;408.0;316.0;126.0;280.0;;;;;;;non far-right;2002
IRL;Ireland;parliament;2002-05-17;6.51;5.0;166.0;SF;Sinn Féin;Sinn Fein;2.7935;37.0;408.0;316.0;126.0;2217.0;Sinn Féin;SF;0.0;2100.0;2100.0;2217.0;non far-right;2002
CZE;Czech Republic;parliament;2002-06-15;18.51;41.0;200.0;KSCM;Komunistická strana Cech a Moravy;Communist Party of Bohemia and Moravia;0.7498;68.0;487.0;27.0;443.0;1173.0;Komunistická strana Cech a Moravy;KSCM;0.0;2100.0;2100.0;1173.0;non far-right;2002
CZE;Czech Republic;parliament;2002-06-15;24.47;58.0;200.0;ODS;Občanská demokratická strana;Civic Democratic Party;7.3637;68.0;487.0;27.0;443.0;829.0;;;;;;;non far-right;2002
CZE;Czech Republic;parliament;2002-06-15;30.2;70.0;200.0;CSSD;Česká strana sociálně demokratická;Czech Social Democratic Party;3.0463;68.0;487.0;27.0;443.0;789.0;;;;;;;non far-right;2002
CZE;Czech Republic;parliament;2002-06-15;14.27;22.0;200.0;KDU-CSL;Křesťanská a demokratická unie – Československá strana lidová;Christian Democratic Union -- People's Party;5.8099;68.0;487.0;27.0;443.0;1245.0;;;;;;;non far-right;2002
CZE;Czech Republic;parliament;2002-06-15;;9.0;200.0;US;Unie svobody;Freedom Union;7.2204;68.0;487.0;27.0;443.0;688.0;;;;;;;non far-right;2002
CZE;Czech Republic;parliament;2002-06-15;2.36;0.0;200.0;SZ;Strana zelených;Green Party;4.123;68.0;487.0;27.0;443.0;196.0;;;;;;;non far-right;2002
CZE;Czech Republic;parliament;2002-06-15;2.78;0.0;200.0;SNK-ED;SNK Evropští demokraté;SNK European Democrats;6.0929;68.0;487.0;27.0;443.0;1532.0;;;;;;;non far-right;2002
FRA;France;parliament;2002-06-16;24.11;141.0;577.0;PS;Parti socialiste;Socialist Party;3.2493;43.0;403.0;479.0;711.0;1539.0;;;;;;;non far-right;2002
FRA;France;parliament;2002-06-16;4.85;28.0;577.0;UDF|MD;Union pour la démocratie française | Mouvement démocrate;Union for French Democracy | Democratic Movement;6.1017;43.0;403.0;479.0;711.0;509.0;;;;;;;non far-right;2002
FRA;France;parliament;2002-06-16;4.82;24.0;577.0;PCF;Parti communiste française;French Communist Party;1.3741;43.0;403.0;479.0;711.0;686.0;Parti Communiste Français;PCF;0.0;2100.0;2100.0;686.0;non far-right;2002
FRA;France;parliament;2002-06-16;3.65;7.0;577.0;d-droite;divers droite;other right;7.6583;43.0;403.0;479.0;711.0;285.0;;;;;;;non far-right;2002
FRA;France;parliament;2002-06-16;1.09;0.0;577.0;MNR;Mouvement national républicain;National Republican Movement;8.2786;43.0;403.0;479.0;711.0;1263.0;;;;;;;non far-right;2002
FRA;France;parliament;2002-06-16;1.67;0.0;577.0;CPNT;Chasse, pêche, nature, traditions;Hunting, Fishing, Nature, Tradition;7.8;43.0;403.0;479.0;711.0;259.0;;;;;;;non far-right;2002
FRA;France;parliament;2002-06-16;1.17;0.0;577.0;d-eco;divers ecologistes;other ecologists;2.5;43.0;403.0;479.0;711.0;2249.0;;;;;;;non far-right;2002
FRA;France;parliament;2002-06-16;0.8;2.0;577.0;MF;Mouvement pour la France;Movement for France;8.1721;43.0;403.0;479.0;711.0;1101.0;Mouvement pour la France;MPF;1.0;1900.0;2100.0;1101.0;far-right;2002
FRA;France;parliament;2002-06-16;1.19;0.0;577.0;MDC;Mouvement des citoyens;Citizens' Movement;1.3;43.0;403.0;479.0;711.0;2143.0;;;;;;;non far-right;2002
FRA;France;parliament;2002-06-16;1.2;0.0;577.0;LO;Lutte ouvrière;Workers' Struggle;0.0;43.0;403.0;479.0;711.0;1176.0;Lutte ouvrière;LO;0.0;2100.0;2100.0;1176.0;non far-right;2002
FRA;France;parliament;2002-06-16;11.34;0.0;577.0;FN;Rassemblement National;National Rally;9.6854;43.0;403.0;479.0;711.0;270.0;Front National / Rassemblement National;FN / RN;1.0;1900.0;2100.0;270.0;far-right;2002
FRA;France;parliament;2002-06-16;0.41;1.0;577.0;IR|DL;Independants républicains | Démocratie libérale;Independent Republicans | Liberal Democracy;7.0577;43.0;403.0;479.0;711.0;59.0;;;;;;;non far-right;2002
FRA;France;parliament;2002-06-16;1.54;7.0;577.0;PRG;Parti radical de gauche;Radical Party of the Left;4.0813;43.0;403.0;479.0;711.0;1492.0;;;;;;;non far-right;2002
FRA;France;parliament;2002-06-16;0.37;5.0;577.0;RPF;Rassemblement pour la France;Rally for France;7.4;43.0;403.0;479.0;711.0;2252.0;Rassemblement pour la France;RPF;1.0;1900.0;2100.0;2252.0;far-right;2002
FRA;France;parliament;2002-06-16;4.51;3.0;577.0;V;Les Verts;Greens;3.155;43.0;403.0;479.0;711.0;873.0;;;;;;;non far-right;2002
FRA;France;parliament;2002-06-16;1.27;0.0;577.0;LCR;Ligue communiste révolutionnaire;Revolutionary Communist League;0.0714;43.0;403.0;479.0;711.0;442.0;;;;;;;non far-right;2002
FRA;France;parliament;2002-06-16;33.3;356.0;577.0;UMP|LR;Union pour un mouvement populaire | Les Républicains;Union for a Popular Movement | The Republicans;7.4997;43.0;403.0;479.0;711.0;658.0;;;;;;;non far-right;2002
FRA;France;parliament;2002-06-16;1.09;3.0;577.0;d-gauche;divers gauche;other left;3.3;43.0;403.0;479.0;711.0;177.0;;;;;;;non far-right;2002
SWE;Sweden;parliament;2002-09-15;6.2;22.0;349.0;C;Centerpartiet;Centre Party;5.8084;35.0;156.0;33.0;503.0;1461.0;;;;;;;non far-right;2002
SWE;Sweden;parliament;2002-09-15;8.4;30.0;349.0;V;Vänsterpartiet (kommunisterna);Left Party (Communists);1.5464;35.0;156.0;33.0;503.0;882.0;Vänsterpartiet;V;0.0;2100.0;2100.0;882.0;non far-right;2002
SWE;Sweden;parliament;2002-09-15;9.1;33.0;349.0;KD;Kristdemokraterna;Christian Democrats;7.195;35.0;156.0;33.0;503.0;282.0;;;;;;;non far-right;2002
SWE;Sweden;parliament;2002-09-15;13.4;48.0;349.0;FP;Folkpartiet;People's Party;6.2906;35.0;156.0;33.0;503.0;892.0;;;;;;;non far-right;2002
SWE;Sweden;parliament;2002-09-15;15.3;55.0;349.0;M;Moderaterna;Moderate Party;7.8907;35.0;156.0;33.0;503.0;657.0;;;;;;;non far-right;2002
SWE;Sweden;parliament;2002-09-15;1.44;0.0;349.0;SD;Sverigedemokraterna;Sweden Democrats;8.7;35.0;156.0;33.0;503.0;1546.0;Sverigedemokraterna;SD;1.0;1900.0;2100.0;1546.0;far-right;2002
SWE;Sweden;parliament;2002-09-15;4.6;17.0;349.0;MP;Miljöpartiet de Gröna;Greens;3.3789;35.0;156.0;33.0;503.0;1154.0;;;;;;;non far-right;2002
SWE;Sweden;parliament;2002-09-15;39.9;144.0;349.0;SAP;Socialdemokraterna;Social Democrats;3.4447;35.0;156.0;33.0;503.0;904.0;;;;;;;non far-right;2002
SVK;Slovakia;parliament;2002-09-21;8.01;15.0;150.0;ANO;Aliancia nového občana;Alliance of the New Citizen;7.2404;1.0;218.0;349.0;699.0;1200.0;Aliancia Nového Obcana;ANO;0.0;2100.0;2100.0;1200.0;non far-right;2002
SVK;Slovakia;parliament;2002-09-21;3.65;0.0;150.0;PSNS;Pravá Slovenská národná strana;Real Slovak National Party;8.5;1.0;218.0;349.0;699.0;20.0;Pravá Slovenská Národná Strana;PSNS;1.0;1900.0;2100.0;20.0;far-right;2002
SVK;Slovakia;parliament;2002-09-21;8.25;15.0;150.0;KDH;Kresťanskodemokratické hnutie;Christian Democratic Movement;7.1082;1.0;218.0;349.0;699.0;1432.0;;;;;;;non far-right;2002
SVK;Slovakia;parliament;2002-09-21;19.5;36.0;150.0;HZDS;Hnutie za demokratické Slovensko;Movement for a Democratic Slovakia;4.8914;1.0;218.0;349.0;699.0;1142.0;Hnutie za Demokratické Slovensko;HZDS / ĽS-HZDS;0.0;2100.0;2100.0;1142.0;non far-right;2002
SVK;Slovakia;parliament;2002-09-21;3.28;0.0;150.0;HZD;Hnutie za demokraciu;Movement for Democracy;7.4;1.0;218.0;349.0;699.0;2160.0;;;;;;;non far-right;2002
SVK;Slovakia;parliament;2002-09-21;1.79;0.0;150.0;SDA;Sociálnodemokratická alternatíva;Social Democratic Alternative;3.0526;1.0;218.0;349.0;699.0;64.0;;;;;;;non far-right;2002
SVK;Slovakia;parliament;2002-09-21;6.32;11.0;150.0;KSS;Komunistická strana Slovenska;Communist Party of Slovakia;0.5275;1.0;218.0;349.0;699.0;44.0;Komunistická Strana Slovenska;KSS;0.0;2100.0;2100.0;44.0;non far-right;2002
SVK;Slovakia;parliament;2002-09-21;1.36;0.0;150.0;SDL;Strana demokratickej ľavice;Party of the Democratic Left;3.2398;1.0;218.0;349.0;699.0;1415.0;;;;;;;non far-right;2002
SVK;Slovakia;parliament;2002-09-21;3.32;0.0;150.0;SNS;Slovenská národná strana;Slovak National Party;7.0198;1.0;218.0;349.0;699.0;1072.0;Slovenská Národná Strana;SNS;1.0;1900.0;2100.0;1072.0;far-right;2002
SVK;Slovakia;parliament;2002-09-21;11.16;20.0;150.0;MK;Maďarskej koalície – Magyar koalíció;Hungarian Coalition;6.5005;1.0;218.0;349.0;699.0;559.0;;;;;;;non far-right;2002
SVK;Slovakia;parliament;2002-09-21;13.46;25.0;150.0;Smer;Smer – sociálna demokracia;Direction -- Social Democracy;3.3799;1.0;218.0;349.0;699.0;220.0;Smer – Slovenská Sociálna Demokracia;Smer;0.0;2100.0;2100.0;220.0;non far-right;2002
SVK;Slovakia;parliament;2002-09-21;15.09;28.0;150.0;SDKU-DS;Slovenská demokratická a kresťanská únia – Demokratická strana;Slovak Democratic and Christian Union -- Democratic Party;7.3591;1.0;218.0;349.0;699.0;131.0;;;;;;;non far-right;2002
DEU;Germany;parliament;2002-09-22;8.6;55.0;603.0;B90/Gru;Bündnis 90 / Die Grünen;Alliance 90 / Greens;2.9308;54.0;385.0;679.0;107.0;772.0;;;;;;;non far-right;2002
DEU;Germany;parliament;2002-09-22;29.5;190.0;603.0;CDU;Christlich Demokratische Union;Christian Democratic Union;6.2503;54.0;385.0;679.0;107.0;808.0;;;;;;;non far-right;2002
DEU;Germany;parliament;2002-09-22;7.4;47.0;603.0;FDP;Freie Demokratische Partei;Free Democratic Party;5.9233;54.0;385.0;679.0;107.0;543.0;;;;;;;non far-right;2002
DEU;Germany;parliament;2002-09-22;0.6;0.0;603.0;Rep;Die Republikaner;The Republicans;9.2752;54.0;385.0;679.0;107.0;524.0;Republikaner;Republikaner;1.0;1900.0;2100.0;524.0;far-right;2002
DEU;Germany;parliament;2002-09-22;9.0;58.0;603.0;CSU;Christlich Soziale Union;Christian Social Union;7.2871;54.0;385.0;679.0;107.0;1180.0;;;;;;;non far-right;2002
DEU;Germany;parliament;2002-09-22;4.0;2.0;603.0;PDS|Li;PDS | Die Linke;PDS | The Left;1.2152;54.0;385.0;679.0;107.0;791.0;PDS / Die Linke;Linke;0.0;2100.0;2100.0;791.0;non far-right;2002
DEU;Germany;parliament;2002-09-22;38.5;251.0;603.0;SPD;Sozialdemokratische Partei Deutschlands;Social Democratic Party of Germany;3.6451;54.0;385.0;679.0;107.0;558.0;;;;;;;non far-right;2002
LVA;Latvia;parliament;2002-10-05;5.4;7.0;100.0;NA/TB/LNNK;Nacionālā apvienība / Tēvzemei un Brīvībai / LNNK;National Alliance / For Fatherland and Freedom / LNNK;8.2588;55.0;260.0;615.0;23.0;521.0;Nacionālā Apvienība;;1.0;1900.0;2100.0;521.0;far-right;2002
LVA;Latvia;parliament;2002-10-05;1.5;0.0;100.0;SDP;Sociāldemokrātiskā partija;Social Democratic Party;3.3;55.0;260.0;615.0;23.0;1608.0;;;;;;;non far-right;2002
LVA;Latvia;parliament;2002-10-05;1.6;0.0;100.0;LG;Latgales Gaisma;Light of Latgale;;55.0;260.0;615.0;23.0;956.0;;;;;;;non far-right;2002
LVA;Latvia;parliament;2002-10-05;4.9;0.0;100.0;LC;Latvijas Ceļš;Latvian Way;6.125;55.0;260.0;615.0;23.0;526.0;;;;;;;non far-right;2002
LVA;Latvia;parliament;2002-10-05;9.4;12.0;100.0;ZZS;Zaļo un Zemnieku savienība;Green and Farmers' Union;5.2632;55.0;260.0;615.0;23.0;466.0;;;;;;;non far-right;2002
LVA;Latvia;parliament;2002-10-05;1.3;0.0;100.0;SDLP;Sociāldemokrātiskā Labklājības partija;Social Democratic Welfare Party;3.3;55.0;260.0;615.0;23.0;257.0;;;;;;;non far-right;2002
LVA;Latvia;parliament;2002-10-05;16.6;20.0;100.0;TP;Tautas Partija;People's Party;7.7544;55.0;260.0;615.0;23.0;811.0;;;;;;;non far-right;2002
LVA;Latvia;parliament;2002-10-05;19.0;25.0;100.0;PCTVL;Par cilvēka tiesībām vienotā Latvijā;For Human Rights in a United Latvia;1.25;55.0;260.0;615.0;23.0;1520.0;;;;;;;non far-right;2002
LVA;Latvia;parliament;2002-10-05;23.9;26.0;100.0;JL;Jaunais Laiks;New Era;7.3026;55.0;260.0;615.0;23.0;1518.0;Jaunais Laiks;JL;0.0;2100.0;2100.0;1518.0;non far-right;2002
LVA;Latvia;parliament;2002-10-05;9.5;10.0;100.0;LPP;Latvijas Pirmā partija;Latvia's First Party;6.3377;55.0;260.0;615.0;23.0;1043.0;;;;;;;non far-right;2002
LVA;Latvia;parliament;2002-10-05;4.0;0.0;100.0;LSDSP;Latvijas Sociāldemokrātiskā Strādnieku Partija;Latvian Social Democratic Workers' Party;2.5;55.0;260.0;615.0;23.0;1656.0;;;;;;;non far-right;2002
AUT;Austria;parliament;2002-11-24;42.3;79.0;183.0;OVP;Österreichische Volkspartei;Austrian People's Party;6.4733;59.0;365.0;492.0;722.0;1013.0;;;;;;;non far-right;2002
AUT;Austria;parliament;2002-11-24;36.51;69.0;183.0;SPO;Sozialdemokratische Partei Österreichs;Social Democratic Party of Austria;3.7293;59.0;365.0;492.0;722.0;973.0;;;;;;;non far-right;2002
AUT;Austria;parliament;2002-11-24;10.01;18.0;183.0;FPO;Freiheitliche Partei Österreichs;Freedom Party of Austria;8.3494;59.0;365.0;492.0;722.0;50.0;Freiheitliche Partei Österreichs;FPÖ;1.0;1900.0;2100.0;50.0;far-right;2002
AUT;Austria;parliament;2002-11-24;9.47;17.0;183.0;Gruene;Die Grünen – Die Grüne Alternative;The Greens -- The Green Alternative;2.4604;59.0;365.0;492.0;722.0;1429.0;;;;;;;non far-right;2002
AUT;Austria;parliament;2002-11-24;0.98;0.0;183.0;LIF;Liberales Forum;Liberal Forum;4.8806;59.0;365.0;492.0;722.0;955.0;;;;;;;non far-right;2002
NLD;Netherlands;parliament;2003-01-22;5.14;8.0;150.0;GL;GroenLinks;GreenLeft;2.0454;8.0;335.0;74.0;1105.0;756.0;;;;;;;non far-right;2003
NLD;Netherlands;parliament;2003-01-22;0.49;0.0;150.0;PvdD;Partij voor de Dieren;Party for the Animals;;8.0;335.0;74.0;1105.0;990.0;;;;;;;non far-right;2003
NLD;Netherlands;parliament;2003-01-22;1.56;2.0;150.0;SGP;Staatkundig Gereformeerde Partij;Political Reformed Party;8.7531;8.0;335.0;74.0;1105.0;1251.0;;;;;;;non far-right;2003
NLD;Netherlands;parliament;2003-01-22;4.07;6.0;150.0;D66;Democraten 66;Democrats 66;4.5066;8.0;335.0;74.0;1105.0;345.0;;;;;;;non far-right;2003
NLD;Netherlands;parliament;2003-01-22;5.7;8.0;150.0;LPF;Lijst Pim Fortuyn;Fortuyn List;8.5609;8.0;335.0;74.0;1105.0;456.0;Lijst Pim Fortuyn;LPF;0.0;2100.0;2100.0;456.0;non far-right;2003
NLD;Netherlands;parliament;2003-01-22;6.32;9.0;150.0;SP;Socialistiese Partij;Socialist Party;1.3682;8.0;335.0;74.0;1105.0;357.0;Socialistiese Partij;SP;0.0;2100.0;2100.0;357.0;non far-right;2003
NLD;Netherlands;parliament;2003-01-22;2.12;3.0;150.0;CU;ChristenUnie;ChristianUnion;6.1732;8.0;335.0;74.0;1105.0;1206.0;;;;;;;non far-right;2003
NLD;Netherlands;parliament;2003-01-22;27.26;42.0;150.0;PvdA;Partij van de Arbeid;Labour Party;3.6118;8.0;335.0;74.0;1105.0;742.0;;;;;;;non far-right;2003
NLD;Netherlands;parliament;2003-01-22;28.62;44.0;150.0;CDA;Christen Democratisch Appèl;Christian Democratic Appeal;5.9376;8.0;335.0;74.0;1105.0;235.0;;;;;;;non far-right;2003
NLD;Netherlands;parliament;2003-01-22;17.91;28.0;150.0;VVD;Volkspartij voor Vrijheid en Democratie;People's Party for Freedom and Democracy;7.3482;8.0;335.0;74.0;1105.0;1409.0;;;;;;;non far-right;2003
EST;Estonia;parliament;2003-03-02;2.2;0.0;101.0;K-EUR;Konstitutsioonierakond – Eestimaa Ühendatud Rahvapartei;Constitution Party -- Estonian United People's Party;2.0282;75.0;423.0;239.0;152.0;1590.0;;;;;;;non far-right;2003
EST;Estonia;parliament;2003-03-02;7.0;6.0;101.0;SDE|M;Sotsiaaldemokraatlik Erakond | Mõõdukad;Social Democratic Party | Moderates;4.1915;75.0;423.0;239.0;152.0;1448.0;;;;;;;non far-right;2003
EST;Estonia;parliament;2003-03-02;7.3;7.0;101.0;I;Isamaaliit;Pro Patria Union;7.6169;75.0;423.0;239.0;152.0;846.0;;;;;;;non far-right;2003
EST;Estonia;parliament;2003-03-02;13.0;13.0;101.0;ERa/EKR;Eestimaa Rahvalliit / Eesti Konservatiivne Rahvaerakond;People's Union of Estonia / Conservative People's Party;4.5812;75.0;423.0;239.0;152.0;417.0;Eesti Konservatiivne Rahvaerakond;EKRE;1.0;1900.0;2100.0;417.0;far-right;2003
EST;Estonia;parliament;2003-03-02;1.1;0.0;101.0;EKD;Eesti Kristlikud Demokraadid;Estonian Christian Democrats;7.5789;75.0;423.0;239.0;152.0;609.0;;;;;;;non far-right;2003
EST;Estonia;parliament;2003-03-02;17.7;19.0;101.0;ERe;Eesti Reformierakond;Estonian Reform Party;7.8969;75.0;423.0;239.0;152.0;113.0;;;;;;;non far-right;2003
EST;Estonia;parliament;2003-03-02;25.4;28.0;101.0;EK;Eesti Keskerakond;Estonian Centre Party;3.9562;75.0;423.0;239.0;152.0;1137.0;Eesti Keskerakond;EK;0.0;2100.0;2100.0;1137.0;non far-right;2003
EST;Estonia;parliament;2003-03-02;24.6;28.0;101.0;ERP;Erakond Res Publica;Res Publica Party;8.4962;75.0;423.0;239.0;152.0;428.0;Erakond Res Publica;ERP;0.0;2100.0;2100.0;428.0;non far-right;2003
FIN;Finland;parliament;2003-03-16;0.4;1.0;200.0;AS;Åländsk Samling;Aland Coalition;;67.0;253.0;15.0;663.0;66.0;;;;;;;non far-right;2003
FIN;Finland;parliament;2003-03-16;24.7;55.0;200.0;KESK;Keskusta;Centre Party;5.8027;67.0;253.0;15.0;663.0;94.0;;;;;;;non far-right;2003
FIN;Finland;parliament;2003-03-16;24.5;53.0;200.0;SSDP;Suomen Sosialidemokraattinen Puolue – Finlands Socialdemokratiska Parti;Social Democratic Party of Finland;3.5595;67.0;253.0;15.0;663.0;395.0;;;;;;;non far-right;2003
FIN;Finland;parliament;2003-03-16;0.8;0.0;200.0;SKP-Y;Suomen Kommunistinen Puolue  (Yhtenäisyys) – Finlands Kommunistiska Partiet (Enhet);Communist  Party of Finland (Unity);1.3;67.0;253.0;15.0;663.0;806.0;;;;;;;non far-right;2003
FIN;Finland;parliament;2003-03-16;9.9;19.0;200.0;DL|VAS;Demokraattinen Liitto – Demokratiska Förbundet | Vasemmistoliitto – Vänsterförbundet;Democratic Union | Left Alliance;2.1843;67.0;253.0;15.0;663.0;1292.0;Demokraattinen Liitto | Vasemmistoliitto;VAS;0.0;2100.0;2100.0;1292.0;non far-right;2003
FIN;Finland;parliament;2003-03-16;8.0;14.0;200.0;VIHR;Vihreä Liitto – Gröna Förbundet;Green League;3.6465;67.0;253.0;15.0;663.0;1062.0;;;;;;;non far-right;2003
FIN;Finland;parliament;2003-03-16;4.6;8.0;200.0;RKP-SFP;Ruotsalainen Kansanpuolue – Svenska Folkepartiet i Finland;Swedish People's Party;6.3906;67.0;253.0;15.0;663.0;585.0;;;;;;;non far-right;2003
FIN;Finland;parliament;2003-03-16;5.3;7.0;200.0;KD;Kristillisdemokraatit – Kristdemokraterna;Christian Democrats;7.1884;67.0;253.0;15.0;663.0;1463.0;;;;;;;non far-right;2003
FIN;Finland;parliament;2003-03-16;1.6;3.0;200.0;SP|P;Suomen Puolue | Perussuomalaiset;Finnish Party | True Finns;6.6331;67.0;253.0;15.0;663.0;200.0;Suomen Maaseudun Puolue | Perussuomalaiset;PS;1.0;1900.0;2100.0;200.0;far-right;2003
FIN;Finland;parliament;2003-03-16;18.6;40.0;200.0;KOK;Kansallinen Kokoomus – Samlingspartiet;National Coalition Party;7.2451;67.0;253.0;15.0;663.0;1118.0;;;;;;;non far-right;2003
MLT;Malta;parliament;2003-04-12;51.79;35.0;65.0;PN;Partit Nazzjonalista;Nationalist Party;5.7143;72.0;509.0;173.0;582.0;984.0;;;;;;;non far-right;2003
MLT;Malta;parliament;2003-04-12;47.51;30.0;65.0;PL;Partit Laburista;Malta Labour Party;4.2105;72.0;509.0;173.0;582.0;1003.0;;;;;;;non far-right;2003
MLT;Malta;parliament;2003-04-12;0.68;0.0;65.0;AD;Alternattiva Demokratika;Democratic Alternative;3.7895;72.0;509.0;173.0;582.0;360.0;;;;;;;non far-right;2003
BEL;Belgium;parliament;2003-05-18;2.47;0.0;150.0;AGL-Gr;Agalev – Groen;Agalev -- Green;2.5762;64.0;143.0;2.0;193.0;1594.0;;;;;;;non far-right;2003
BEL;Belgium;parliament;2003-05-18;1.98;1.0;150.0;FN;Front National;National Front;9.655;64.0;143.0;2.0;193.0;171.0;Front National;FN;1.0;1900.0;2100.0;171.0;far-right;2003
BEL;Belgium;parliament;2003-05-18;3.06;4.0;150.0;Ecolo;Écologistes Confédérés pour l'organisation de luttes originales;Confederated ecologists for the organisation of original struggles;2.641;64.0;143.0;2.0;193.0;161.0;;;;;;;non far-right;2003
BEL;Belgium;parliament;2003-05-18;5.47;8.0;150.0;PSC-CDH;Parti Social Chrétien – Centre Democrate Humaniste;Francophone Christian Social Party -- Humanist Democratic Centre;5.4974;64.0;143.0;2.0;193.0;1192.0;;;;;;;non far-right;2003
BEL;Belgium;parliament;2003-05-18;11.59;18.0;150.0;VB;Vlaams Blok | Vlaams Belang;Flemish Block | Flemish Interest;9.6622;64.0;143.0;2.0;193.0;993.0;Vlaams Belang;VB;1.0;1900.0;2100.0;993.0;far-right;2003
BEL;Belgium;parliament;2003-05-18;11.4;24.0;150.0;MR;Mouvement Réformateur;Reformist Movement;6.6889;64.0;143.0;2.0;193.0;915.0;;;;;;;non far-right;2003
BEL;Belgium;parliament;2003-05-18;14.91;23.0;150.0;SPa+Spi;Socialistische Partij Anders / Sociaal-Liberale Partij;Socialist Party Different / Social Liberal Party;3.255;64.0;143.0;2.0;193.0;1113.0;;;;;;;non far-right;2003
BEL;Belgium;parliament;2003-05-18;13.25;21.0;150.0;CVP|CD&V;Christelijke Volkspartij | Christen-Democratisch en Vlaams;Flemish Christian Peoples Party | Christian Democrats & Flemish;5.7667;64.0;143.0;2.0;193.0;723.0;;;;;;;non far-right;2003
BEL;Belgium;parliament;2003-05-18;3.06;1.0;150.0;N-VA;Nieuw-Vlaamse Alliantie;New Flemish Alliance;6.5321;64.0;143.0;2.0;193.0;501.0;Nieuw-Vlaamse Alliantie;N-VA;1.0;2019.0;2025.0;501.0;non far-right;2003
BEL;Belgium;parliament;2003-05-18;13.02;25.0;150.0;PS;Parti Socialiste;Socialist Party [Francophone];2.9307;64.0;143.0;2.0;193.0;1378.0;;;;;;;non far-right;2003
BEL;Belgium;parliament;2003-05-18;15.36;25.0;150.0;PVV|VLD;Partij voor Vrijheid en Vooruitgang | Vlaamse Liberalen en Democraten;Party of Liberty and Progress | Flemish Liberals and Democrats;7.0053;64.0;143.0;2.0;193.0;1110.0;;;;;;;non far-right;2003
CHE;Switzerland;parliament;2003-10-19;0.4;1.0;200.0;LdT;Lega dei Ticinesi;Ticino League;8.7;40.0;206.0;427.0;198.0;1500.0;Lega dei Ticinesi;LdT;1.0;1900.0;2100.0;1500.0;far-right;2003
CHE;Switzerland;parliament;2003-10-19;0.5;1.0;200.0;S;solidaritéS;Solidarity;1.3;40.0;206.0;427.0;198.0;1226.0;SolidaritéS;SOL;0.0;2100.0;2100.0;1226.0;non far-right;2003
CHE;Switzerland;parliament;2003-10-19;1.3;2.0;200.0;EDU-UDF;Eidgenössisch-Demokratische Union – Union Démocratique Fédérale;Federal Democratic Union of Switzerland;8.6579;40.0;206.0;427.0;198.0;1318.0;Eidgenössisch-Demokratische Union;EDU;1.0;1900.0;2100.0;1318.0;far-right;2003
CHE;Switzerland;parliament;2003-10-19;0.4;1.0;200.0;CsP-PCS;Christlich-soziale Partei – Parti chrétien-social;Christian Social Party;6.2;40.0;206.0;427.0;198.0;1012.0;;;;;;;non far-right;2003
CHE;Switzerland;parliament;2003-10-19;1.0;1.0;200.0;NA|SD;Nationale Aktion – Action Nationale | Schweizer Demokraten – Démocrates Suisses;National Action -- Swiss Democrats;9.4247;40.0;206.0;427.0;198.0;628.0;Schweizer Demokraten;SD;1.0;1900.0;2100.0;628.0;far-right;2003
CHE;Switzerland;parliament;2003-10-19;23.3;52.0;200.0;SP-PS;Sozialdemokratische Partei der Schweiz – Parti Socialiste Suisse;Social Democratic Party of Switzerland;1.8319;40.0;206.0;427.0;198.0;35.0;;;;;;;non far-right;2003
CHE;Switzerland;parliament;2003-10-19;0.7;2.0;200.0;PdA;Partei der Arbeit der Schweiz;Swiss Party of Labour;0.5263;40.0;206.0;427.0;198.0;1167.0;Partei der Arbeit der Schweiz;PdA;0.0;2100.0;2100.0;1167.0;non far-right;2003
CHE;Switzerland;parliament;2003-10-19;26.7;55.0;200.0;SVP-UDC;Schweizerische Volkspartei – Union Démocratique du Centre;Swiss People's Party;7.3575;40.0;206.0;427.0;198.0;750.0;Schweizerische Volkspartei;SVP;1.0;1900.0;2100.0;750.0;far-right;2003
CHE;Switzerland;parliament;2003-10-19;0.5;1.0;200.0;FGr-ASF;Feministische und grün-alternative Gruppierungen – Alternative socialiste verte et groupements féministes;Feminists and Green-Alternative Groups;2.5;40.0;206.0;427.0;198.0;569.0;;;;;;;non far-right;2003
CHE;Switzerland;parliament;2003-10-19;7.4;13.0;200.0;Grue;Grüne – Écologiste;Greens;1.6886;40.0;206.0;427.0;198.0;141.0;;;;;;;non far-right;2003
CHE;Switzerland;parliament;2003-10-19;2.3;3.0;200.0;EVP-PEP;Evangelische Volkspartei der Schweiz – Parti Populaire Evangelique Suisse;Protestant Peoples Party;4.9248;40.0;206.0;427.0;198.0;602.0;;;;;;;non far-right;2003
CHE;Switzerland;parliament;2003-10-19;0.2;0.0;200.0;FPS;Auto-Partei | Freiheitspartei der Schweiz;Automobile Party | Freedom Party of Switzerland;8.0556;40.0;206.0;427.0;198.0;1602.0;;;;;;;non far-right;2003
CHE;Switzerland;parliament;2003-10-19;2.2;4.0;200.0;LPS;Liberale Partei der Schweiz – Parti liberal suisse;Liberal Party of Switzerland;7.2961;40.0;206.0;427.0;198.0;458.0;;;;;;;non far-right;2003
CHE;Switzerland;parliament;2003-10-19;14.4;28.0;200.0;KK/CVP;Katholische Konservative / Christlichdemokratische Volkspartei – Conservateurs catholiques  /  Parti démocrate-chrétien;Catholic Conservative / Christian Democratic People's Party;4.7288;40.0;206.0;427.0;198.0;531.0;;;;;;;non far-right;2003
CHE;Switzerland;parliament;2003-10-19;17.3;36.0;200.0;FDP-PRD;Freisinnig-Demokratische Partei der Schweiz – Parti Radical-Democratique Suisse;Radical Democratic Party;6.3249;40.0;206.0;427.0;198.0;26.0;;;;;;;non far-right;2003
HRV;Croatia;parliament;2003-11-23;;1.0;152.0;SDA;Stranka demokratske akcije Hrvatske;Party of Democratic Action of Croatia;7.4;62.0;795.0;797.0;1051.0;2270.0;;;;;;;non far-right;2003
HRV;Croatia;parliament;2003-11-23;;3.0;152.0;SDSS;Samostalna demokratska srpska stranka;Independent Democratic Serb Party;3.3;62.0;795.0;797.0;1051.0;2133.0;;;;;;;non far-right;2003
HRV;Croatia;parliament;2003-11-23;1.0;1.0;152.0;HDSS;Hrvatska demokratska seljačka stranka;Croatian Democratic Peasant Party;5.3;62.0;795.0;797.0;1051.0;2198.0;;;;;;;non far-right;2003
HRV;Croatia;parliament;2003-11-23;;1.0;152.0;PGS;Primorsko goranski savez;Alliance of Primorje-Gorski;;62.0;795.0;797.0;1051.0;2196.0;;;;;;;non far-right;2003
HRV;Croatia;parliament;2003-11-23;4.1;2.0;152.0;HSLS;Hrvatska socijalno liberalna stranka;Croatian Social Liberal Party;7.193;62.0;795.0;797.0;1051.0;1102.0;;;;;;;non far-right;2003
HRV;Croatia;parliament;2003-11-23;;2.0;152.0;LS;Liberalna stranka;Liberal Party;2.807;62.0;795.0;797.0;1051.0;1457.0;;;;;;;non far-right;2003
HRV;Croatia;parliament;2003-11-23;1.3;0.0;152.0;HB;Hrvatski blok;Croatian Bloc;9.386;62.0;795.0;797.0;1051.0;316.0;;;;;;;non far-right;2003
HRV;Croatia;parliament;2003-11-23;;3.0;152.0;LIBRA;LIBRA – Stranka liberalnih demokrata;Party of Liberal Democrats;3.7719;62.0;795.0;797.0;1051.0;90.0;;;;;;;non far-right;2003
HRV;Croatia;parliament;2003-11-23;4.1;3.0;152.0;HSU;Hrvatska stranka umirovljenika;Croatian Party of Pensioners;;62.0;795.0;797.0;1051.0;2134.0;;;;;;;non far-right;2003
HRV;Croatia;parliament;2003-11-23;;4.0;152.0;IDS;Istarski demokratski sabor;Istrian Democratic Assembly;3.4211;62.0;795.0;797.0;1051.0;1627.0;;;;;;;non far-right;2003
HRV;Croatia;parliament;2003-11-23;6.5;8.0;152.0;HSP;Hrvatska stranka prava;Croatian Party of Rights;8.7719;62.0;795.0;797.0;1051.0;1044.0;Hrvatska Stranka Prava;HSP;1.0;1900.0;2100.0;1044.0;far-right;2003
HRV;Croatia;parliament;2003-11-23;7.3;10.0;152.0;HSS;Hrvatska seljačka stranka;Croatian Peasant Party;6.2281;62.0;795.0;797.0;1051.0;1465.0;;;;;;;non far-right;2003
HRV;Croatia;parliament;2003-11-23;8.3;10.0;152.0;HNS-LD;Hrvatska narodna stranka – Liberalni demokrati;Croatian People's Party -- Liberal Democrats;1.8421;62.0;795.0;797.0;1051.0;1384.0;;;;;;;non far-right;2003
HRV;Croatia;parliament;2003-11-23;23.3;34.0;152.0;SPH;Socijaldemokratska partija Hrvatske;Social Democratic Party of Croatia;3.2456;62.0;795.0;797.0;1051.0;1493.0;;;;;;;non far-right;2003
HRV;Croatia;parliament;2003-11-23;33.2;66.0;152.0;HDZ;Hrvatska demokratska zajednica;Croatian Democratic Union;7.1053;62.0;795.0;797.0;1051.0;276.0;Hrvatska Demokratska Zajednica;HDZ;1.0;1900.0;2000.0;276.0;non far-right;2003
HRV;Croatia;parliament;2003-11-23;2.3;4.0;152.0;none;no party affiliation;no party affiliation;;62.0;795.0;797.0;1051.0;2197.0;;;;;;;non far-right;2003
GRC;Greece;parliament;2004-03-07;3.26;;300.0;SYRIZA;Synaspismós Rizospastikís Aristerás;Coalition of the Radical Left;2.8947;41.0;201.0;475.0;190.0;1592.0;Synaspismós Rizospastikís Aristerás;SYRIZA;0.0;2100.0;2100.0;1592.0;non far-right;2004
GRC;Greece;parliament;2004-03-07;1.79;0.0;300.0;DIKKI;Dimokratiko Koinoniko Kinima;Democratic Social Movement;2.3;41.0;201.0;475.0;190.0;720.0;Dimokratiko Koinoniko Kinima;DIKKI;0.0;2100.0;2100.0;720.0;non far-right;2004
GRC;Greece;parliament;2004-03-07;;6.0;300.0;SYN;Synaspismós tīs Aristerás;Coalition of the Left;2.7683;41.0;201.0;475.0;190.0;1441.0;Synaspismós tis Aristerás;SYN;0.0;2100.0;2100.0;1441.0;non far-right;2004
GRC;Greece;parliament;2004-03-07;5.9;12.0;300.0;KKE;Kommounistikó Kómma Elládas;Communist Party of Greece;1.253;41.0;201.0;475.0;190.0;614.0;Kommounistikó Kómma Elládas;KKE;0.0;2100.0;2100.0;614.0;non far-right;2004
GRC;Greece;parliament;2004-03-07;40.55;116.0;300.0;PASOK;Panellinio Sosialistikó Kínima;Panhellenic Socialist Movement;4.4968;41.0;201.0;475.0;190.0;1338.0;;;;;;;non far-right;2004
GRC;Greece;parliament;2004-03-07;45.36;166.0;300.0;ND;Néa Đimokratía;New Democracy;6.7365;41.0;201.0;475.0;190.0;47.0;;;;;;;non far-right;2004
GRC;Greece;parliament;2004-03-07;2.19;0.0;300.0;LAOS;Laïkós Orthódoxos Synagermós;Popular Orthodox Rally;9.11;41.0;201.0;475.0;190.0;1179.0;Laïkós Orthódoxos Synagermós;LAOS;1.0;1900.0;2100.0;1179.0;far-right;2004
ESP;Spain;parliament;2004-03-14;5.04;5.0;350.0;PCE|IU;Partido Communista | Izquierda Unida;Communist Party | United Left;2.0183;27.0;164.0;687.0;309.0;118.0;Izquierda Unida;IU;0.0;2100.0;2100.0;118.0;non far-right;2004
ESP;Spain;parliament;2004-03-14;0.71;0.0;350.0;PA;Partidu Andalucista;Andalusian Party;4.85;27.0;164.0;687.0;309.0;370.0;;;;;;;non far-right;2004
ESP;Spain;parliament;2004-03-14;1.65;7.0;350.0;PNV;Partido Nacionalista Vasco – Euzko Alderdi Jeltzalea;Basque Nationalist Party;6.2144;27.0;164.0;687.0;309.0;1361.0;;;;;;;non far-right;2004
ESP;Spain;parliament;2004-03-14;2.56;8.0;350.0;ERC;Esquerra Republicana de Catalunya;Republican Left of Catalonia;3.1072;27.0;164.0;687.0;309.0;757.0;;;;;;;non far-right;2004
ESP;Spain;parliament;2004-03-14;3.28;10.0;350.0;CiU;Convergència i Unió;Convergence and Union;6.2564;27.0;164.0;687.0;309.0;894.0;;;;;;;non far-right;2004
ESP;Spain;parliament;2004-03-14;0.92;3.0;350.0;CC;Coalición Canaria;Canary Coalition;5.9789;27.0;164.0;687.0;309.0;234.0;;;;;;;non far-right;2004
ESP;Spain;parliament;2004-03-14;38.31;148.0;350.0;AP-P;Alianza-Partido Popular;People's Alliance-Party;7.5969;27.0;164.0;687.0;309.0;645.0;;;;;;;non far-right;2004
ESP;Spain;parliament;2004-03-14;43.27;164.0;350.0;PSOE;Partido Socialista Obrero Español;Spanish Socialist Workers Party;3.7377;27.0;164.0;687.0;309.0;902.0;;;;;;;non far-right;2004
ESP;Spain;parliament;2004-03-14;0.82;2.0;350.0;BNG;Bloque Nacionalista Galego;Galician Nationalist Bloc;2.9117;27.0;164.0;687.0;309.0;520.0;Bloque Nacionalista Galego;BNG;0.0;2100.0;2100.0;520.0;non far-right;2004
ESP;Spain;parliament;2004-03-14;0.24;1.0;350.0;Bai;Bai;Yes;;27.0;164.0;687.0;309.0;385.0;;;;;;;non far-right;2004
ESP;Spain;parliament;2004-03-14;0.32;1.0;350.0;EA;Eusko Alkartasuna;Basque Solidarity;4.3115;27.0;164.0;687.0;309.0;845.0;;;;;;;non far-right;2004
ESP;Spain;parliament;2004-03-14;0.37;1.0;350.0;CA;Chunta Aragonesista;Aragonese Council;2.75;27.0;164.0;687.0;309.0;1367.0;;;;;;;non far-right;2004
LUX;Luxembourg;parliament;2004-06-13;35.81;24.0;60.0;CSV;Chrëschtlech Sozial Vollekspartei;Christian Social People's Party;6.4474;7.0;383.0;299.0;196.0;1234.0;;;;;;;non far-right;2004
LUX;Luxembourg;parliament;2004-06-13;25.43;14.0;60.0;LSAP;Lëtzebuerger Sozialistesch Aarbechterpartei;Luxembourg Socialist Workers' Party;3.2895;7.0;383.0;299.0;196.0;701.0;;;;;;;non far-right;2004
LUX;Luxembourg;parliament;2004-06-13;14.94;10.0;60.0;DP;Demokratesch Partei;Democratic Party;6.5789;7.0;383.0;299.0;196.0;967.0;;;;;;;non far-right;2004
LUX;Luxembourg;parliament;2004-06-13;1.15;0.0;60.0;KPL;Kommunistesch Partei Lëtzebuerg;Communist Party of Luxembourg;1.3;7.0;383.0;299.0;196.0;151.0;Kommunistesch Partei Lëtzebuerg;KPL;0.0;2100.0;2100.0;151.0;non far-right;2004
LUX;Luxembourg;parliament;2004-06-13;9.04;5.0;60.0;AR|ADR;Aktiounskomitee Rente | Alternativ Demokratesch Reformpartei;Action Committee Pensions | Alternative Democratic Reform Party;8.8158;7.0;383.0;299.0;196.0;1582.0;Alternativ Demokratesch Reformpartei;ADR;1.0;2022.0;2100.0;1582.0;non far-right;2004
LUX;Luxembourg;parliament;2004-06-13;11.54;7.0;60.0;Greng;Déi Gréng;The Greens;2.5;7.0;383.0;299.0;196.0;310.0;;;;;;;non far-right;2004
LUX;Luxembourg;parliament;2004-06-13;2.01;0.0;60.0;DL;Déi Lénk;The Left;0.5263;7.0;383.0;299.0;196.0;457.0;Déi Lénk;Dei Lenk;0.0;2100.0;2100.0;457.0;non far-right;2004
SVN;Slovenia;parliament;2004-10-03;2.08;0.0;90.0;SMS;Stranka mladih Slovenije;Youth Party of Slovenia;4.2263;60.0;80.0;525.0;292.0;1512.0;;;;;;;non far-right;2004
SVN;Slovenia;parliament;2004-10-03;3.97;0.0;90.0;AS;Aktivna Slovenija;Active Slovenia;4.6;60.0;80.0;525.0;292.0;380.0;;;;;;;non far-right;2004
SVN;Slovenia;parliament;2004-10-03;;1.0;90.0;Ita;Italijanska narodna skupnost;Italian national community;;60.0;80.0;525.0;292.0;199.0;;;;;;;non far-right;2004
SVN;Slovenia;parliament;2004-10-03;;1.0;90.0;Mad;Madžarska narodna skupnost;Hungarian national community;;60.0;80.0;525.0;292.0;65.0;;;;;;;non far-right;2004
SVN;Slovenia;parliament;2004-10-03;9.09;9.0;90.0;NSI;Nova Slovenija – Krščanska ljudska stranka;New Slovenia -- Christian People's Party;7.9345;60.0;80.0;525.0;292.0;1047.0;Nova Slovenija – Krščanski Demokrati;N.Si;1.0;1900.0;2100.0;1047.0;far-right;2004
SVN;Slovenia;parliament;2004-10-03;2.62;0.0;90.0;SO;Slovenija je naša;Slovenia is Ours;;60.0;80.0;525.0;292.0;2019.0;Slovenija Je Naša;SJN;0.0;2100.0;2100.0;2019.0;non far-right;2004
SVN;Slovenia;parliament;2004-10-03;4.04;4.0;90.0;DeSUS;Demokratična stranka upokojencev Slovenije;Democratic Party of Pensioners of Slovenia;3.2292;60.0;80.0;525.0;292.0;1587.0;;;;;;;non far-right;2004
SVN;Slovenia;parliament;2004-10-03;6.27;6.0;90.0;SNS;Slovenska nacionalna stranka;Slovenian National Party;4.7941;60.0;80.0;525.0;292.0;981.0;Slovenska Nacionalna Stranka;SNS;1.0;1900.0;2100.0;981.0;far-right;2004
SVN;Slovenia;parliament;2004-10-03;6.82;7.0;90.0;SLS;Slovenska ljudska stranka;Slovenian People's Party;6.6953;60.0;80.0;525.0;292.0;16.0;;;;;;;non far-right;2004
SVN;Slovenia;parliament;2004-10-03;10.17;10.0;90.0;ZL-SD;Združena lista – Socialni demokrati;United List -- Social Democrats;3.0637;60.0;80.0;525.0;292.0;706.0;Združena levica;ZL;0.0;2100.0;2100.0;706.0;non far-right;2004
SVN;Slovenia;parliament;2004-10-03;22.8;23.0;90.0;LDS;Liberalna demokracija Slovenije;Liberal Democracy of Slovenia;3.7351;60.0;80.0;525.0;292.0;1252.0;;;;;;;non far-right;2004
SVN;Slovenia;parliament;2004-10-03;29.08;29.0;90.0;SDS;Slovenska demokratska stranka;Slovenian Democratic Party;6.9996;60.0;80.0;525.0;292.0;179.0;Slovenska Demokratska Stranka;SDS;1.0;2015.0;2100.0;179.0;non far-right;2004
LTU;Lithuania;parliament;2004-10-24;20.65;20.0;141.0;LSDP;Lietuvos socialdemokratų partija;Lithuanian Social Democratic Party;3.1972;15.0;214.0;59.0;1634.0;1277.0;;;;;;;non far-right;2004
LTU;Lithuania;parliament;2004-10-24;3.79;2.0;141.0;LLRA;Lietuvos lenkų rinkimų akcija;Election Action of Lithuania's Poles;3.865;15.0;214.0;59.0;1634.0;28.0;;;;;;;non far-right;2004
LTU;Lithuania;parliament;2004-10-24;14.75;25.0;141.0;TS-LK;Tėvynės sąjunga;Homeland Union;7.4004;15.0;214.0;59.0;1634.0;1045.0;;;;;;;non far-right;2004
LTU;Lithuania;parliament;2004-10-24;1.96;0.0;141.0;KKSS;Krikščionių konservatorių socialinė sąjunga;Christian Conservative Social Union;6.4579;15.0;214.0;59.0;1634.0;709.0;;;;;;;non far-right;2004
LTU;Lithuania;parliament;2004-10-24;28.44;39.0;141.0;DP;Darbo partija;Labour Party;3.86;15.0;214.0;59.0;1634.0;581.0;Darbo Partija;DP;0.0;2100.0;2100.0;581.0;non far-right;2004
LTU;Lithuania;parliament;2004-10-24;9.19;18.0;141.0;LiCS;Liberalų ir centro sąjunga;Liberal and Centre Union;7.7562;15.0;214.0;59.0;1634.0;983.0;;;;;;;non far-right;2004
LTU;Lithuania;parliament;2004-10-24;11.36;10.0;141.0;TT-LDP;Tvarka ir teisingumas – Liberalų demokratų partija;Order and Justice -- Liberal Democratic Party;5.2955;15.0;214.0;59.0;1634.0;1421.0;Tvarka ir Teisingumas;TT;0.0;2100.0;2100.0;1421.0;non far-right;2004
LTU;Lithuania;parliament;2004-10-24;;11.0;141.0;NS-SL;Naujoji sąjunga (socialliberalai);New Union (Social Liberals);4.2686;15.0;214.0;59.0;1634.0;856.0;;;;;;;non far-right;2004
LTU;Lithuania;parliament;2004-10-24;6.6;10.0;141.0;LVLS;Lietuvos valstiečių sąjunga;Lithuanian Peasant Union;3.2687;15.0;214.0;59.0;1634.0;191.0;;;;;;;non far-right;2004
LTU;Lithuania;parliament;2004-10-24;;6.0;141.0;none;no party affiliation;no party affiliation;;15.0;214.0;59.0;1634.0;58.0;;;;;;;non far-right;2004
LTU;Lithuania;parliament;2004-10-24;1.37;0.0;141.0;LKDP;Lietuvos krikščionys demokratai;Lithuanian Christian Democrats;6.2385;15.0;214.0;59.0;1634.0;675.0;;;;;;;non far-right;2004
ROU;Romania;parliament;2004-11-28;6.2;22.0;332.0;UDMR;Uniunea Democrată Maghiară din România;Democratic Union of Hungarians in Romania;6.016;23.0;165.0;336.0;1029.0;948.0;;;;;;;non far-right;2004
ROU;Romania;parliament;2004-11-28;36.6;132.0;332.0;PSD;Partidul Social Democrat;Social Democratic Party;3.2325;23.0;165.0;336.0;1029.0;1120.0;;;;;;;non far-right;2004
ROU;Romania;parliament;2004-11-28;31.3;64.0;332.0;PNL;Partidul Naţional Liberal;National Liberal Party;6.0543;23.0;165.0;336.0;1029.0;1015.0;;;;;;;non far-right;2004
ROU;Romania;parliament;2004-11-28;13.0;48.0;332.0;PRM;Partidul România Mare;Greater Romania Party;6.6618;23.0;165.0;336.0;1029.0;713.0;Partidul România Mare;PRM;1.0;1900.0;2100.0;713.0;far-right;2004
ROU;Romania;parliament;2004-11-28;1.8;0.0;332.0;PNT-CD;Partidul Naţional Ţărănesc Creştin Democrat;Christian-Democratic National Peasants' Party;5.5341;23.0;165.0;336.0;1029.0;888.0;;;;;;;non far-right;2004
ROU;Romania;parliament;2004-11-28;;18.0;332.0;etnice;Partidele minorităţilor etnice din România;Romanian ethnic minorities parties;;23.0;165.0;336.0;1029.0;425.0;;;;;;;non far-right;2004
ROU;Romania;parliament;2004-11-28;;48.0;332.0;PD;Partidul Democrat;Democratic Party;5.3875;23.0;165.0;336.0;1029.0;419.0;;;;;;;non far-right;2004
ROU;Romania;parliament;2004-11-28;2.2;0.0;332.0;PNG-CD;Partidul Noua Generaţie – Creştin Democrat;New Generation Party -- Christian Democratic;6.2;23.0;165.0;336.0;1029.0;1332.0;;;;;;;non far-right;2004
DNK;Denmark;parliament;2005-02-08;25.8;47.0;179.0;Sd;Socialdemokraterne;Social Democrats;3.8011;21.0;563.0;632.0;482.0;1629.0;;;;;;;non far-right;2005
DNK;Denmark;parliament;2005-02-08;13.3;24.0;179.0;DF;Dansk Folkeparti;Danish People's Party;8.2269;21.0;563.0;632.0;482.0;1418.0;Dansk Folkeparti;DF;1.0;1900.0;2100.0;1418.0;far-right;2005
DNK;Denmark;parliament;2005-02-08;29.0;52.0;179.0;V;Venstre;Liberal Party;7.292;21.0;563.0;632.0;482.0;1605.0;;;;;;;non far-right;2005
DNK;Denmark;parliament;2005-02-08;9.2;17.0;179.0;RV;Det Radikale Venstre;Danish Social Liberal Party;4.8736;21.0;563.0;632.0;482.0;211.0;;;;;;;non far-right;2005
DNK;Denmark;parliament;2005-02-08;1.0;0.0;179.0;CD;Centrumdemokraterne;Centre Democrats;5.5609;21.0;563.0;632.0;482.0;1324.0;;;;;;;non far-right;2005
DNK;Denmark;parliament;2005-02-08;10.3;18.0;179.0;KF;Konservative;Conservatives;7.2186;21.0;563.0;632.0;482.0;590.0;;;;;;;non far-right;2005
DNK;Denmark;parliament;2005-02-08;;1.0;179.0;T;Tjóðveldi;Republic (Faroe Islands);1.3;21.0;563.0;632.0;482.0;2568.0;;;;;;;non far-right;2005
DNK;Denmark;parliament;2005-02-08;;1.0;179.0;FF;Hin føroyski fólkaflokkurin – radikalt sjálvstýri;People's Party (Faroe Islands);7.4;21.0;563.0;632.0;482.0;2574.0;;;;;;;non far-right;2005
DNK;Denmark;parliament;2005-02-08;1.7;0.0;179.0;KrF;Kristeligt Folkeparti;Christian People's Party;5.6982;21.0;563.0;632.0;482.0;1331.0;;;;;;;non far-right;2005
DNK;Denmark;parliament;2005-02-08;;1.0;179.0;IA;Inuit Ataqatigiit;Community of the People;1.3;21.0;563.0;632.0;482.0;1891.0;;;;;;;non far-right;2005
DNK;Denmark;parliament;2005-02-08;3.4;6.0;179.0;En-O;Enhedslisten – De Rød-Grønne;Red-Green Alliance;0.8912;21.0;563.0;632.0;482.0;306.0;Enhedslisten – De Rød-Grønne;En-O;0.0;2100.0;2100.0;306.0;non far-right;2005
DNK;Denmark;parliament;2005-02-08;6.0;11.0;179.0;SF;Socialistisk Folkeparti;Socialist Peoples Party;2.1347;21.0;563.0;632.0;482.0;1644.0;Socialistisk Folkeparti;SF;0.0;2100.0;2100.0;1644.0;non far-right;2005
DNK;Denmark;parliament;2005-02-08;;1.0;179.0;Si;Siumut;Forward (Greenland);3.3;21.0;563.0;632.0;482.0;74.0;;;;;;;non far-right;2005
PRT;Portugal;parliament;2005-02-20;46.4;121.0;230.0;PS;Partido Socialista;Socialist Party;4.0492;63.0;210.0;657.0;755.0;725.0;;;;;;;non far-right;2005
PRT;Portugal;parliament;2005-02-20;7.46;12.0;230.0;CDS-PP;Centro Democrático e Social – Partido Popular;Democratic and Social Centre -- People's Party;8.0222;63.0;210.0;657.0;755.0;251.0;;;;;;;non far-right;2005
PRT;Portugal;parliament;2005-02-20;;12.0;230.0;PCP;Partido Comunista Português;Portuguese Communist Party;2.1754;63.0;210.0;657.0;755.0;514.0;Partido Comunista Português;PCP;0.0;2100.0;2100.0;514.0;non far-right;2005
PRT;Portugal;parliament;2005-02-20;6.54;8.0;230.0;BE;Bloco de Esquerda;Bloc of the Left;1.6425;63.0;210.0;657.0;755.0;557.0;Bloco de Esquerda;BE;0.0;2100.0;2100.0;557.0;non far-right;2005
PRT;Portugal;parliament;2005-02-20;;2.0;230.0;PEV;Partido Ecologista – Os Verdes;Ecology Party -- Greens;1.6579;63.0;210.0;657.0;755.0;1535.0;;;;;;;non far-right;2005
PRT;Portugal;parliament;2005-02-20;0.86;0.0;230.0;PCTP/MRPP;Comunista dos Trabalhadores Portugueses / Movimento Reorganizativo do Partido do Proletariado;Communist Party of the Portuguese Workers / Reorganizative Movement of the Party of the Proletariat;1.3;63.0;210.0;657.0;755.0;281.0;;;;;;;non far-right;2005
PRT;Portugal;parliament;2005-02-20;7.77;;230.0;CDU;Coligação Democrático Unitária;Unified Democratic Coalition;2.2233;63.0;210.0;657.0;755.0;1295.0;;;;;;;non far-right;2005
PRT;Portugal;parliament;2005-02-20;29.64;75.0;230.0;PSD;Partido Social Democrata;Social Democratic Party;6.2949;63.0;210.0;657.0;755.0;1273.0;;;;;;;non far-right;2005
GBR;United Kingdom;parliament;2005-05-05;0.6;3.0;646.0;Plaid;Plaid Cymru;Plaid Cymru;3.1183;44.0;233.0;208.0;19.0;311.0;;;;;;;non far-right;2005
GBR;United Kingdom;parliament;2005-05-05;0.5;1.0;646.0;UUP;Ulster Unionist Party;Ulster Unionist Party;8.3;44.0;233.0;208.0;19.0;1210.0;;;;;;;non far-right;2005
GBR;United Kingdom;parliament;2005-05-05;35.2;355.0;646.0;Lab;Labour Party;Labour;4.3562;44.0;233.0;208.0;19.0;1556.0;;;;;;;non far-right;2005
GBR;United Kingdom;parliament;2005-05-05;32.4;198.0;646.0;Con;Conservatives;Conservatives;7.4261;44.0;233.0;208.0;19.0;773.0;;;;;;;non far-right;2005
GBR;United Kingdom;parliament;2005-05-05;22.0;62.0;646.0;Lib;Liberals;Liberals;4.2875;44.0;233.0;208.0;19.0;659.0;;;;;;;non far-right;2005
GBR;United Kingdom;parliament;2005-05-05;0.9;9.0;646.0;DUP;Democratic Unionist Party;Democratic Unionist Party;7.4;44.0;233.0;208.0;19.0;319.0;Democratic Unionist Party;DUP;0.0;2100.0;2100.0;319.0;non far-right;2005
GBR;United Kingdom;parliament;2005-05-05;1.5;6.0;646.0;SNP;Scottish National Party – Pàrtaidh Nàiseanta na h-Alba;Scottish National Party;3.5871;44.0;233.0;208.0;19.0;1284.0;;;;;;;non far-right;2005
GBR;United Kingdom;parliament;2005-05-05;0.6;5.0;646.0;SF;Sinn Féin;Sinn Fein;1.3;44.0;233.0;208.0;19.0;689.0;;;;;;;non far-right;2005
GBR;United Kingdom;parliament;2005-05-05;;3.0;646.0;etc;others;others;;44.0;233.0;208.0;19.0;453.0;;;;;;;non far-right;2005
GBR;United Kingdom;parliament;2005-05-05;0.5;3.0;646.0;SDLP;Social Democratic and Labour Party;Social Democratic and Labour Party;3.3;44.0;233.0;208.0;19.0;1023.0;;;;;;;non far-right;2005
GBR;United Kingdom;parliament;2005-05-05;0.3;1.0;646.0;R;Respect – The Unity Coalition;Respect -- The Unity Coalition;;44.0;233.0;208.0;19.0;1057.0;Respect – The Unity Coalition;R;0.0;2100.0;2100.0;1057.0;non far-right;2005
GBR;United Kingdom;parliament;2005-05-05;1.0;0.0;646.0;GP;Green Party;Green Party;2.57;44.0;233.0;208.0;19.0;467.0;;;;;;;non far-right;2005
GBR;United Kingdom;parliament;2005-05-05;2.2;0.0;646.0;UKIP;United Kingdom Independence Party;United Kingdom Independence Party;7.8429;44.0;233.0;208.0;19.0;1272.0;United Kingdom Independence Party;UKIP;1.0;2002.0;2100.0;1272.0;far-right;2005
BGR;Bulgaria;parliament;2005-06-25;1.3;0.0;240.0;KR;Koalitsiya na Rozata;Coalition of the Rose;3.3;10.0;618.0;681.0;575.0;2179.0;;;;;;;non far-right;2005
BGR;Bulgaria;parliament;2005-06-25;2.95;0.0;240.0;NV;Novoto vreme;New Times;2.5;10.0;618.0;681.0;575.0;2180.0;;;;;;;non far-right;2005
BGR;Bulgaria;parliament;2005-06-25;8.14;21.0;240.0;Ataka;Ataka;Attack;5.46;10.0;618.0;681.0;575.0;535.0;Ataka;Ataka;1.0;1900.0;2100.0;535.0;far-right;2005
BGR;Bulgaria;parliament;2005-06-25;1.25;0.0;240.0;ER;Evroroma;Euroroma;;10.0;618.0;681.0;575.0;2178.0;;;;;;;non far-right;2005
BGR;Bulgaria;parliament;2005-06-25;7.68;20.0;240.0;ODS;Obedineni Demokratichni Sili;United Democratic Forces;6.9611;10.0;618.0;681.0;575.0;784.0;;;;;;;non far-right;2005
BGR;Bulgaria;parliament;2005-06-25;6.44;17.0;240.0;DSB|DB;Demokrati za Silna Balgariya | Demokratichna Balgariya;Democrats for a Strong Bulgaria | Democratic Bulgaria;7.85;10.0;618.0;681.0;575.0;57.0;;;;;;;non far-right;2005
BGR;Bulgaria;parliament;2005-06-25;12.81;34.0;240.0;DPS;Dvizhenie za Prava i Svobodi;Movement for Rights and Freedoms;4.5828;10.0;618.0;681.0;575.0;1286.0;;;;;;;non far-right;2005
BGR;Bulgaria;parliament;2005-06-25;19.88;53.0;240.0;NDSV;Natsionalno Dvizhenie Simeon Vtori;National Movement Simeon II;5.7567;10.0;618.0;681.0;575.0;544.0;Natsionalno Dvizhenie za Stabilnost i Vazhod;NDSV;0.0;2100.0;2100.0;544.0;non far-right;2005
BGR;Bulgaria;parliament;2005-06-25;30.95;82.0;240.0;KzB|DL;Koalitsiya za Balgariya | Demokratichna Levitsa;Coalition for Bulgaria | Democratic Left;2.8982;10.0;618.0;681.0;575.0;1160.0;;;;;;;non far-right;2005
BGR;Bulgaria;parliament;2005-06-25;5.19;13.0;240.0;BNS;Balgarski Naroden Suyuz;Bulgarian People's Union;5.8;10.0;618.0;681.0;575.0;1375.0;;;;;;;non far-right;2005
NOR;Norway;parliament;2005-09-12;14.1;23.0;169.0;H;Høyre;Conservative Party;7.8994;9.0;3.0;328.0;300.0;1435.0;;;;;;;non far-right;2005
NOR;Norway;parliament;2005-09-12;5.9;10.0;169.0;V;Venstre;Liberal Party of Norway;5.1467;9.0;3.0;328.0;300.0;647.0;;;;;;;non far-right;2005
NOR;Norway;parliament;2005-09-12;6.5;11.0;169.0;Sp;Senterpartiet;Centre Party;4.6565;9.0;3.0;328.0;300.0;702.0;;;;;;;non far-right;2005
NOR;Norway;parliament;2005-09-12;1.2;0.0;169.0;RV;Rød Valgallianse;Red Electoral Alliance;0.4089;9.0;3.0;328.0;300.0;1638.0;Rødt;Rodt;0.0;2100.0;2100.0;1638.0;non far-right;2005
NOR;Norway;parliament;2005-09-12;6.8;11.0;169.0;KrF;Kristelig Folkeparti;Christian Democratic Party;5.8516;9.0;3.0;328.0;300.0;1538.0;;;;;;;non far-right;2005
NOR;Norway;parliament;2005-09-12;8.8;15.0;169.0;SV;Sosialistisk Venstreparti;Socialist Left Party;1.5839;9.0;3.0;328.0;300.0;81.0;Sosialistisk Venstreparti;SV;0.0;2100.0;2100.0;81.0;non far-right;2005
NOR;Norway;parliament;2005-09-12;32.7;61.0;169.0;DNA;Det norske Arbeiderparti;Norwegian Labour Party;3.3706;9.0;3.0;328.0;300.0;104.0;;;;;;;non far-right;2005
NOR;Norway;parliament;2005-09-12;22.1;38.0;169.0;Fr;Fremskrittspartiet;Progress Party;8.7595;9.0;3.0;328.0;300.0;351.0;Fremskrittspartiet;FrP;1.0;1900.0;2100.0;351.0;far-right;2005
DEU;Germany;parliament;2005-09-18;27.8;180.0;614.0;CDU;Christlich Demokratische Union;Christian Democratic Union;6.2503;54.0;118.0;385.0;529.0;808.0;;;;;;;non far-right;2005
DEU;Germany;parliament;2005-09-18;34.2;222.0;614.0;SPD;Sozialdemokratische Partei Deutschlands;Social Democratic Party of Germany;3.6451;54.0;118.0;385.0;529.0;558.0;;;;;;;non far-right;2005
DEU;Germany;parliament;2005-09-18;1.6;0.0;614.0;NPD;Nationaldemokratische Partei Deutschlands;National Democratic Party;9.8246;54.0;118.0;385.0;529.0;1537.0;;;;;;;non far-right;2005
DEU;Germany;parliament;2005-09-18;7.4;46.0;614.0;CSU;Christlich Soziale Union;Christian Social Union;7.2871;54.0;118.0;385.0;529.0;1180.0;;;;;;;non far-right;2005
DEU;Germany;parliament;2005-09-18;8.1;51.0;614.0;B90/Gru;Bündnis 90 / Die Grünen;Alliance 90 / Greens;2.9308;54.0;118.0;385.0;529.0;772.0;;;;;;;non far-right;2005
DEU;Germany;parliament;2005-09-18;8.7;54.0;614.0;PDS|Li;PDS | Die Linke;PDS | The Left;1.2152;54.0;118.0;385.0;529.0;791.0;PDS / Die Linke;Linke;0.0;2100.0;2100.0;791.0;non far-right;2005
DEU;Germany;parliament;2005-09-18;9.8;61.0;614.0;FDP;Freie Demokratische Partei;Free Democratic Party;5.9233;54.0;118.0;385.0;529.0;543.0;;;;;;;non far-right;2005
POL;Poland;parliament;2005-09-25;1.05;0.0;460.0;ROP;Ruch Odbudowy Polski;Movement for the Reconstruction of Poland;5.7895;74.0;188.0;565.0;322.0;148.0;Ruch Odbudowy Polski;ROP;1.0;1900.0;2100.0;148.0;far-right;2005
POL;Poland;parliament;2005-09-25;1.57;0.0;460.0;UPR|KNP;Unia Polityki Realnej | Kongres Nowej Prawicy;Real Politics Union | Congress of the New Right;9.7368;74.0;188.0;565.0;322.0;1549.0;Unia Polityki Realnej;UPR;1.0;1900.0;2100.0;1549.0;far-right;2005
POL;Poland;parliament;2005-09-25;2.45;0.0;460.0;D|W|U;Demokratyczna | Wolności | Unia;Democratic | Freedom | Union;5.2295;74.0;188.0;565.0;322.0;1104.0;;;;;;;non far-right;2005
POL;Poland;parliament;2005-09-25;0.29;2.0;460.0;MN;Mniejszość niemiecka w Polsce;German minority;;74.0;188.0;565.0;322.0;900.0;;;;;;;non far-right;2005
POL;Poland;parliament;2005-09-25;7.0;25.0;460.0;PSL;Polskie Stronnictwo Ludowe;Polish People's Party;4.1856;74.0;188.0;565.0;322.0;664.0;;;;;;;non far-right;2005
POL;Poland;parliament;2005-09-25;8.0;34.0;460.0;LPR;Liga Polskich Rodzin;League of Polish Families;8.8852;74.0;188.0;565.0;322.0;987.0;Liga Polskich Rodzin;LPR;1.0;1900.0;2010.0;987.0;far-right;2005
POL;Poland;parliament;2005-09-25;11.3;55.0;460.0;SLD;Sojusz Lewicy Demokratycznej;Democratic Left Alliance;2.8299;74.0;188.0;565.0;322.0;629.0;;;;;;;non far-right;2005
POL;Poland;parliament;2005-09-25;27.0;155.0;460.0;PiS;Prawo i Sprawiedliwość;Law and Justice;7.6997;74.0;188.0;565.0;322.0;528.0;Prawo i Sprawiedliwosc;PiS;1.0;2005.0;2100.0;528.0;far-right;2005
POL;Poland;parliament;2005-09-25;24.1;133.0;460.0;PO;Platforma Obywatelska;Civic Platform;6.2355;74.0;188.0;565.0;322.0;512.0;;;;;;;non far-right;2005
POL;Poland;parliament;2005-09-25;11.4;56.0;460.0;SRP;Samoobrona Rzeczypospolitej Polskiej;Self-Defense of the Republic Poland;3.997;74.0;188.0;565.0;322.0;207.0;Samoobrona Rzeczypospolitej Polskiej;SO;0.0;2100.0;2100.0;207.0;non far-right;2005
POL;Poland;parliament;2005-09-25;3.89;0.0;460.0;SDPL;Socjaldemokracja Polska;Social Democracy of Poland;3.0;74.0;188.0;565.0;322.0;1140.0;;;;;;;non far-right;2005
ITA;Italy;parliament;2006-04-09;0.09;1.0;630.0;ALD;Autonomie Liberté Démocratie;Autonomy Liberty Democracy;6.0;26.0;107.0;498.0;567.0;1063.0;;;;;;;non far-right;2006
ITA;Italy;parliament;2006-04-09;0.18;1.0;630.0;one-seat;one seat;one seat;;26.0;107.0;498.0;567.0;2302.0;;;;;;;non far-right;2006
ITA;Italy;parliament;2006-04-09;0.47;4.0;630.0;SVP;Südtiroler Volkspartei;South Tyrol Peoples Party;5.4;26.0;107.0;498.0;567.0;1030.0;;;;;;;non far-right;2006
ITA;Italy;parliament;2006-04-09;0.73;4.0;630.0;DCA;Democrazia Cristiana per le Autonomie;Christian Democracy for the Autonomies;6.2;26.0;107.0;498.0;567.0;52.0;;;;;;;non far-right;2006
ITA;Italy;parliament;2006-04-09;1.08;6.0;630.0;LUP;L'Unione-Prodi;The Union-Prodi;2.6216;26.0;107.0;498.0;567.0;1246.0;;;;;;;non far-right;2006
ITA;Italy;parliament;2006-04-09;1.39;10.0;630.0;UDEUR;Unione Democratici per l'Europa;Union of Democrats for Europe;5.285;26.0;107.0;498.0;567.0;399.0;;;;;;;non far-right;2006
ITA;Italy;parliament;2006-04-09;2.0;15.0;630.0;FdV;Federazione dei Verdi;Federation of the Greens;2.3725;26.0;107.0;498.0;567.0;910.0;;;;;;;non far-right;2006
ITA;Italy;parliament;2006-04-09;2.25;16.0;630.0;PdCI;Partito dei Comunisti Italiani;Party of the Italian Communists;1.0423;26.0;107.0;498.0;567.0;1661.0;Partito dei Comunisti Italiani;PDCI;0.0;2100.0;2100.0;1661.0;non far-right;2006
ITA;Italy;parliament;2006-04-09;30.43;220.0;630.0;CeS;Centro-sinistra;Centre Left;3.3;26.0;107.0;498.0;567.0;1048.0;;;;;;;non far-right;2006
ITA;Italy;parliament;2006-04-09;2.31;17.0;630.0;IdV;Italia dei Valori;Italy of Values;4.8712;26.0;107.0;498.0;567.0;693.0;Lista Di Pietro - Italia dei Valori;IdV;0.0;2100.0;2100.0;693.0;non far-right;2006
ITA;Italy;parliament;2006-04-09;2.53;18.0;630.0;R;Radicali;Radicals;3.9732;26.0;107.0;498.0;567.0;1296.0;;;;;;;non far-right;2006
ITA;Italy;parliament;2006-04-09;6.75;39.0;630.0;UC;Unione / Centro;Union / Centre;6.1092;26.0;107.0;498.0;567.0;226.0;;;;;;;non far-right;2006
ITA;Italy;parliament;2006-04-09;5.69;41.0;630.0;PRC;Partito della Rifondazione Comunista;Communist Refoundation Party;0.8849;26.0;107.0;498.0;567.0;1321.0;Partito della Rifondazione Comunista;PRC;0.0;2100.0;2100.0;1321.0;non far-right;2006
ITA;Italy;parliament;2006-04-09;12.01;71.0;630.0;AN;Alleanza Nazionale;National Alliance;8.0871;26.0;107.0;498.0;567.0;373.0;Alleanza Nazionale;AN;1.0;1900.0;2100.0;373.0;far-right;2006
ITA;Italy;parliament;2006-04-09;23.6;140.0;630.0;FI-PdL;Forza Italia – Il Popolo della Libertà;Go Italy -- The People of Freedom;7.1459;26.0;107.0;498.0;567.0;596.0;Forza Italia (1994-2009);FI1;0.0;2100.0;2100.0;596.0;non far-right;2006
HUN;Hungary;parliament;2006-04-09;42.0;;386.0;Fi+KDNP;Fidesz – Magyar Polgári Szövetség / Kereszténydemokrata Néppárt;Fidesz -- Hungarian Civic Party / Christian Democratic People's Party;6.5432;39.0;194.0;463.0;188.0;437.0;;;;;;;far-right;2006
HUN;Hungary;parliament;2006-04-09;2.2;0.0;386.0;MIEP;Magyar Igazság és Élet Pártja;Hungarian Justice and Life Party;9.6065;39.0;194.0;463.0;188.0;95.0;Magyar Igazság és Élet Pártja;MIÉP;1.0;1900.0;2100.0;95.0;far-right;2006
HUN;Hungary;parliament;2006-04-09;;1.0;386.0;one-seat;one seat;one seat;;39.0;194.0;463.0;188.0;952.0;;;;;;;non far-right;2006
HUN;Hungary;parliament;2006-04-09;5.0;11.0;386.0;MDF;Magyar Demokrata Fórum;Hungarian Democratic Forum;6.4826;39.0;194.0;463.0;188.0;546.0;;;;;;;non far-right;2006
HUN;Hungary;parliament;2006-04-09;6.5;20.0;386.0;SzDSz;Szabad Demokraták Szövetsége;Alliance of Free Democrats;3.9659;39.0;194.0;463.0;188.0;1426.0;;;;;;;non far-right;2006
HUN;Hungary;parliament;2006-04-09;;141.0;386.0;Fi-MPSz;Fidesz – Magyar Polgári Szövetség;Fidesz -- Hungarian Civic Union;6.5432;39.0;194.0;463.0;188.0;921.0;Fidesz;Fidesz;1.0;2010.0;2100.0;921.0;non far-right;2006
HUN;Hungary;parliament;2006-04-09;;23.0;386.0;KDNP;Kereszténydemokrata Néppárt;Christian Democratic People's Party;7.4;39.0;194.0;463.0;188.0;434.0;;;;;;;non far-right;2006
HUN;Hungary;parliament;2006-04-09;43.2;190.0;386.0;MSZP;Magyar Szocialista Párt;Hungarian Socialist Party;2.8743;39.0;194.0;463.0;188.0;1591.0;;;;;;;non far-right;2006
ITA;Italy;parliament;2006-04-09;4.51;26.0;630.0;LN;Lega Nord;North League;7.8007;26.0;107.0;498.0;567.0;1436.0;Lega (Nord);Lega;1.0;1900.0;2100.0;1436.0;far-right;2006
ITA;Italy;parliament;2006-04-09;0.25;1.0;630.0;AIE;Associativo Italiani all'Estero;Associative Italians Abroad;;26.0;107.0;498.0;567.0;927.0;;;;;;;non far-right;2006
CYP;Cyprus;parliament;2006-05-21;30.34;18.0;56.0;DISY;Dimokratikós Sinayermós;Democratic Rally;8.6842;51.0;556.0;339.0;342.0;1575.0;;;;;;;non far-right;2006
CYP;Cyprus;parliament;2006-05-21;1.22;0.0;56.0;KEP;K.E.P;Free Citizens Movement;;51.0;556.0;339.0;342.0;1735.0;;;;;;;non far-right;2006
CYP;Cyprus;parliament;2006-05-21;1.56;0.0;56.0;ED;Enomeni Dimokrates;United Democrats;7.1053;51.0;556.0;339.0;342.0;1523.0;;;;;;;non far-right;2006
CYP;Cyprus;parliament;2006-05-21;1.95;1.0;56.0;KOP;Kinima Oikologoi Perivallontistoi;Ecological and Environmental Movement;5.7895;51.0;556.0;339.0;342.0;1621.0;;;;;;;non far-right;2006
CYP;Cyprus;parliament;2006-05-21;5.75;3.0;56.0;EK;Evropaiko Komma;European Party;6.0;51.0;556.0;339.0;342.0;491.0;EVROKO;EVROKO;1.0;1900.0;2100.0;491.0;far-right;2006
CYP;Cyprus;parliament;2006-05-21;8.91;5.0;56.0;EDEK;Kinima Sosialdimokraton EDEK;Movement for Social Democracy EDEK;3.2895;51.0;556.0;339.0;342.0;945.0;;;;;;;non far-right;2006
CYP;Cyprus;parliament;2006-05-21;17.92;11.0;56.0;DIKO;Dimokratikó Kómma;Democratic Party;5.1316;51.0;556.0;339.0;342.0;851.0;;;;;;;non far-right;2006
CYP;Cyprus;parliament;2006-05-21;31.13;18.0;56.0;AKEL;Anorthotikó Kómma Ergazómenou Laoú;Progressive Party of Working People;1.0526;51.0;556.0;339.0;342.0;572.0;Anorthotikó Kómma Ergazómenou Laoú;AKEL;0.0;2100.0;2100.0;572.0;non far-right;2006
CZE;Czech Republic;parliament;2006-06-03;2.08;0.0;200.0;SNK-ED;SNK Evropští demokraté;SNK European Democrats;6.0929;68.0;50.0;487.0;15.0;1532.0;;;;;;;non far-right;2006
CZE;Czech Republic;parliament;2006-06-03;7.22;13.0;200.0;KDU-CSL;Křesťanská a demokratická unie – Československá strana lidová;Christian Democratic Union -- People's Party;5.8099;68.0;50.0;487.0;15.0;1245.0;;;;;;;non far-right;2006
CZE;Czech Republic;parliament;2006-06-03;12.81;26.0;200.0;KSCM;Komunistická strana Cech a Moravy;Communist Party of Bohemia and Moravia;0.7498;68.0;50.0;487.0;15.0;1173.0;Komunistická strana Cech a Moravy;KSCM;0.0;2100.0;2100.0;1173.0;non far-right;2006
CZE;Czech Republic;parliament;2006-06-03;32.32;74.0;200.0;CSSD;Česká strana sociálně demokratická;Czech Social Democratic Party;3.0463;68.0;50.0;487.0;15.0;789.0;;;;;;;non far-right;2006
CZE;Czech Republic;parliament;2006-06-03;35.38;81.0;200.0;ODS;Občanská demokratická strana;Civic Democratic Party;7.3637;68.0;50.0;487.0;15.0;829.0;;;;;;;non far-right;2006
CZE;Czech Republic;parliament;2006-06-03;6.29;6.0;200.0;SZ;Strana zelených;Green Party;4.123;68.0;50.0;487.0;15.0;196.0;;;;;;;non far-right;2006
SVK;Slovakia;parliament;2006-06-17;1.42;0.0;150.0;ANO;Aliancia nového občana;Alliance of the New Citizen;7.2404;1.0;192.0;218.0;185.0;1200.0;Aliancia Nového Obcana;ANO;0.0;2100.0;2100.0;1200.0;non far-right;2006
SVK;Slovakia;parliament;2006-06-17;3.88;0.0;150.0;KSS;Komunistická strana Slovenska;Communist Party of Slovakia;0.5275;1.0;192.0;218.0;185.0;44.0;Komunistická Strana Slovenska;KSS;0.0;2100.0;2100.0;44.0;non far-right;2006
SVK;Slovakia;parliament;2006-06-17;8.31;14.0;150.0;KDH;Kresťanskodemokratické hnutie;Christian Democratic Movement;7.1082;1.0;192.0;218.0;185.0;1432.0;;;;;;;non far-right;2006
SVK;Slovakia;parliament;2006-06-17;8.79;15.0;150.0;HZDS;Hnutie za demokratické Slovensko;Movement for a Democratic Slovakia;4.8914;1.0;192.0;218.0;185.0;1142.0;Hnutie za Demokratické Slovensko;HZDS / ĽS-HZDS;0.0;2100.0;2100.0;1142.0;non far-right;2006
SVK;Slovakia;parliament;2006-06-17;11.68;20.0;150.0;MK;Maďarskej koalície – Magyar koalíció;Hungarian Coalition;6.5005;1.0;192.0;218.0;185.0;559.0;;;;;;;non far-right;2006
SVK;Slovakia;parliament;2006-06-17;11.73;20.0;150.0;SNS;Slovenská národná strana;Slovak National Party;7.0198;1.0;192.0;218.0;185.0;1072.0;Slovenská Národná Strana;SNS;1.0;1900.0;2100.0;1072.0;far-right;2006
SVK;Slovakia;parliament;2006-06-17;18.35;31.0;150.0;SDKU-DS;Slovenská demokratická a kresťanská únia – Demokratická strana;Slovak Democratic and Christian Union -- Democratic Party;7.3591;1.0;192.0;218.0;185.0;131.0;;;;;;;non far-right;2006
SVK;Slovakia;parliament;2006-06-17;29.14;50.0;150.0;Smer;Smer – sociálna demokracia;Direction -- Social Democracy;3.3799;1.0;192.0;218.0;185.0;220.0;Smer – Slovenská Sociálna Demokracia;Smer;0.0;2100.0;2100.0;220.0;non far-right;2006
SVK;Slovakia;parliament;2006-06-17;3.47;0.0;150.0;SF;Slobodné fórum;Free Forum;5.46;1.0;192.0;218.0;185.0;752.0;;;;;;;non far-right;2006
SWE;Sweden;parliament;2006-09-17;35.2;130.0;349.0;SAP;Socialdemokraterna;Social Democrats;3.4447;35.0;629.0;156.0;641.0;904.0;;;;;;;non far-right;2006
SWE;Sweden;parliament;2006-09-17;26.1;97.0;349.0;M;Moderaterna;Moderate Party;7.8907;35.0;629.0;156.0;641.0;657.0;;;;;;;non far-right;2006
SWE;Sweden;parliament;2006-09-17;7.9;29.0;349.0;C;Centerpartiet;Centre Party;5.8084;35.0;629.0;156.0;641.0;1461.0;;;;;;;non far-right;2006
SWE;Sweden;parliament;2006-09-17;5.2;19.0;349.0;MP;Miljöpartiet de Gröna;Greens;3.3789;35.0;629.0;156.0;641.0;1154.0;;;;;;;non far-right;2006
SWE;Sweden;parliament;2006-09-17;6.6;24.0;349.0;KD;Kristdemokraterna;Christian Democrats;7.195;35.0;629.0;156.0;641.0;282.0;;;;;;;non far-right;2006
SWE;Sweden;parliament;2006-09-17;5.8;22.0;349.0;V;Vänsterpartiet (kommunisterna);Left Party (Communists);1.5464;35.0;629.0;156.0;641.0;882.0;Vänsterpartiet;V;0.0;2100.0;2100.0;882.0;non far-right;2006
SWE;Sweden;parliament;2006-09-17;2.9;0.0;349.0;SD;Sverigedemokraterna;Sweden Democrats;8.7;35.0;629.0;156.0;641.0;1546.0;Sverigedemokraterna;SD;1.0;1900.0;2100.0;1546.0;far-right;2006
SWE;Sweden;parliament;2006-09-17;7.5;28.0;349.0;FP;Folkpartiet;People's Party;6.2906;35.0;629.0;156.0;641.0;892.0;;;;;;;non far-right;2006
AUT;Austria;parliament;2006-10-01;35.3;68.0;183.0;SPO;Sozialdemokratische Partei Österreichs;Social Democratic Party of Austria;3.7293;59.0;197.0;365.0;888.0;973.0;;;;;;;non far-right;2006
AUT;Austria;parliament;2006-10-01;2.8;0.0;183.0;Martin;Liste Dr. Hans-Peter Martin;Hans-Peter Martin's List;4.2;59.0;197.0;365.0;888.0;669.0;Liste Hans-Peter Martin;Martin;0.0;2100.0;2100.0;669.0;non far-right;2006
AUT;Austria;parliament;2006-10-01;34.3;66.0;183.0;OVP;Österreichische Volkspartei;Austrian People's Party;6.4733;59.0;197.0;365.0;888.0;1013.0;;;;;;;non far-right;2006
AUT;Austria;parliament;2006-10-01;4.1;7.0;183.0;BZO;Bündnis Zukunft Österreich;Alliance for the Future of Austria;8.83;59.0;197.0;365.0;888.0;1536.0;Bündnis Zukunft Österreich;BZÖ;0.0;1900.0;2008.0;1536.0;non far-right;2006
AUT;Austria;parliament;2006-10-01;11.0;21.0;183.0;FPO;Freiheitliche Partei Österreichs;Freedom Party of Austria;8.3494;59.0;197.0;365.0;888.0;50.0;Freiheitliche Partei Österreichs;FPÖ;1.0;1900.0;2100.0;50.0;far-right;2006
AUT;Austria;parliament;2006-10-01;11.1;21.0;183.0;Gruene;Die Grünen – Die Grüne Alternative;The Greens -- The Green Alternative;2.4604;59.0;197.0;365.0;888.0;1429.0;;;;;;;non far-right;2006
AUT;Austria;parliament;2006-10-01;1.0;0.0;183.0;KPO;Kommunistische Partei Österreichs;Communist Party of Austria;0.5;59.0;197.0;365.0;888.0;769.0;;;;;;;non far-right;2006
LVA;Latvia;parliament;2006-10-07;19.56;23.0;100.0;TP;Tautas Partija;People's Party;7.7544;55.0;52.0;260.0;535.0;811.0;;;;;;;non far-right;2006
LVA;Latvia;parliament;2006-10-07;3.5;0.0;100.0;LSDSP;Latvijas Sociāldemokrātiskā Strādnieku Partija;Latvian Social Democratic Workers' Party;2.5;55.0;52.0;260.0;535.0;1656.0;;;;;;;non far-right;2006
LVA;Latvia;parliament;2006-10-07;16.71;18.0;100.0;ZZS;Zaļo un Zemnieku savienība;Green and Farmers' Union;5.2632;55.0;52.0;260.0;535.0;466.0;;;;;;;non far-right;2006
LVA;Latvia;parliament;2006-10-07;14.42;17.0;100.0;S;Saskaņas;Harmony;3.0;55.0;52.0;260.0;535.0;1100.0;;;;;;;non far-right;2006
LVA;Latvia;parliament;2006-10-07;8.58;10.0;100.0;LPP/LC;Latvijas Pirmā partija / Latvijas Ceļš;Latvian First Party / Latvian Way Party;7.4;55.0;52.0;260.0;535.0;662.0;;;;;;;non far-right;2006
LVA;Latvia;parliament;2006-10-07;6.94;8.0;100.0;NA/TB/LNNK;Nacionālā apvienība / Tēvzemei un Brīvībai / LNNK;National Alliance / For Fatherland and Freedom / LNNK;8.2588;55.0;52.0;260.0;535.0;521.0;Nacionālā Apvienība;;1.0;1900.0;2100.0;521.0;far-right;2006
LVA;Latvia;parliament;2006-10-07;2.08;0.0;100.0;SDLP;Sociāldemokrātiskā Labklājības partija;Social Democratic Welfare Party;3.3;55.0;52.0;260.0;535.0;257.0;;;;;;;non far-right;2006
LVA;Latvia;parliament;2006-10-07;1.48;0.0;100.0;VL;Visu Latvijai!;All For Latvia!;7.4;55.0;52.0;260.0;535.0;801.0;;;;;;;non far-right;2006
LVA;Latvia;parliament;2006-10-07;16.38;18.0;100.0;JL;Jaunais Laiks;New Era;7.3026;55.0;52.0;260.0;535.0;1518.0;Jaunais Laiks;JL;0.0;2100.0;2100.0;1518.0;non far-right;2006
LVA;Latvia;parliament;2006-10-07;6.03;6.0;100.0;PCTVL;Par cilvēka tiesībām vienotā Latvijā;For Human Rights in a United Latvia;1.25;55.0;52.0;260.0;535.0;1520.0;;;;;;;non far-right;2006
LVA;Latvia;parliament;2006-10-07;1.27;0.0;100.0;JD;Jaunie Demokrāti;New Democrats;7.4;55.0;52.0;260.0;535.0;1294.0;;;;;;;non far-right;2006
NLD;Netherlands;parliament;2006-11-22;26.51;41.0;150.0;CDA;Christen Democratisch Appèl;Christian Democratic Appeal;5.9376;8.0;578.0;335.0;65.0;235.0;;;;;;;non far-right;2006
NLD;Netherlands;parliament;2006-11-22;21.19;33.0;150.0;PvdA;Partij van de Arbeid;Labour Party;3.6118;8.0;578.0;335.0;65.0;742.0;;;;;;;non far-right;2006
NLD;Netherlands;parliament;2006-11-22;16.58;25.0;150.0;SP;Socialistiese Partij;Socialist Party;1.3682;8.0;578.0;335.0;65.0;357.0;Socialistiese Partij;SP;0.0;2100.0;2100.0;357.0;non far-right;2006
NLD;Netherlands;parliament;2006-11-22;14.67;22.0;150.0;VVD;Volkspartij voor Vrijheid en Democratie;People's Party for Freedom and Democracy;7.3482;8.0;578.0;335.0;65.0;1409.0;;;;;;;non far-right;2006
NLD;Netherlands;parliament;2006-11-22;5.89;9.0;150.0;PVV;Partij voor de Vrijheid;Party for Freedom;8.8;8.0;578.0;335.0;65.0;1501.0;Partij voor de Vrijheid;PVV;1.0;1900.0;2100.0;1501.0;far-right;2006
NLD;Netherlands;parliament;2006-11-22;0.64;0.0;150.0;no-seat;no seat;no seat;;8.0;578.0;335.0;65.0;2110.0;;;;;;;non far-right;2006
NLD;Netherlands;parliament;2006-11-22;1.83;2.0;150.0;PvdD;Partij voor de Dieren;Party for the Animals;;8.0;578.0;335.0;65.0;990.0;;;;;;;non far-right;2006
NLD;Netherlands;parliament;2006-11-22;1.56;2.0;150.0;SGP;Staatkundig Gereformeerde Partij;Political Reformed Party;8.7531;8.0;578.0;335.0;65.0;1251.0;;;;;;;non far-right;2006
NLD;Netherlands;parliament;2006-11-22;4.6;7.0;150.0;GL;GroenLinks;GreenLeft;2.0454;8.0;578.0;335.0;65.0;756.0;;;;;;;non far-right;2006
NLD;Netherlands;parliament;2006-11-22;3.97;6.0;150.0;CU;ChristenUnie;ChristianUnion;6.1732;8.0;578.0;335.0;65.0;1206.0;;;;;;;non far-right;2006
NLD;Netherlands;parliament;2006-11-22;1.96;3.0;150.0;D66;Democraten 66;Democrats 66;4.5066;8.0;578.0;335.0;65.0;345.0;;;;;;;non far-right;2006
EST;Estonia;parliament;2007-03-04;10.6;10.0;101.0;SDE|M;Sotsiaaldemokraatlik Erakond | Mõõdukad;Social Democratic Party | Moderates;4.1915;75.0;83.0;423.0;274.0;1448.0;;;;;;;non far-right;2007
EST;Estonia;parliament;2007-03-04;1.0;0.0;101.0;K-EUR;Konstitutsioonierakond – Eestimaa Ühendatud Rahvapartei;Constitution Party -- Estonian United People's Party;2.0282;75.0;83.0;423.0;274.0;1590.0;;;;;;;non far-right;2007
EST;Estonia;parliament;2007-03-04;27.8;31.0;101.0;ERe;Eesti Reformierakond;Estonian Reform Party;7.8969;75.0;83.0;423.0;274.0;113.0;;;;;;;non far-right;2007
EST;Estonia;parliament;2007-03-04;1.7;0.0;101.0;EKD;Eesti Kristlikud Demokraadid;Estonian Christian Democrats;7.5789;75.0;83.0;423.0;274.0;609.0;;;;;;;non far-right;2007
EST;Estonia;parliament;2007-03-04;7.1;6.0;101.0;EER;Erakond Eestimaa Rohelised;Estonian Greens;2.5;75.0;83.0;423.0;274.0;219.0;;;;;;;non far-right;2007
EST;Estonia;parliament;2007-03-04;17.9;19.0;101.0;IRL;Erakond Isamaa ja Res Publica Liit;Pro Patria and Res Publica Union;8.4962;75.0;83.0;423.0;274.0;1597.0;;;;;;;non far-right;2007
EST;Estonia;parliament;2007-03-04;7.1;6.0;101.0;ERa/EKR;Eestimaa Rahvalliit / Eesti Konservatiivne Rahvaerakond;People's Union of Estonia / Conservative People's Party;4.5812;75.0;83.0;423.0;274.0;417.0;Eesti Konservatiivne Rahvaerakond;EKRE;1.0;1900.0;2100.0;417.0;far-right;2007
EST;Estonia;parliament;2007-03-04;26.1;29.0;101.0;EK;Eesti Keskerakond;Estonian Centre Party;3.9562;75.0;83.0;423.0;274.0;1137.0;Eesti Keskerakond;EK;0.0;2100.0;2100.0;1137.0;non far-right;2007
FIN;Finland;parliament;2007-03-18;4.1;5.0;200.0;SP|P;Suomen Puolue | Perussuomalaiset;Finnish Party | True Finns;6.6331;67.0;314.0;253.0;759.0;200.0;Suomen Maaseudun Puolue | Perussuomalaiset;PS;1.0;1900.0;2100.0;200.0;far-right;2007
FIN;Finland;parliament;2007-03-18;0.7;0.0;200.0;SKP-Y;Suomen Kommunistinen Puolue  (Yhtenäisyys) – Finlands Kommunistiska Partiet (Enhet);Communist  Party of Finland (Unity);1.3;67.0;314.0;253.0;759.0;806.0;;;;;;;non far-right;2007
FIN;Finland;parliament;2007-03-18;0.4;1.0;200.0;AS;Åländsk Samling;Aland Coalition;;67.0;314.0;253.0;759.0;66.0;;;;;;;non far-right;2007
FIN;Finland;parliament;2007-03-18;4.9;7.0;200.0;KD;Kristillisdemokraatit – Kristdemokraterna;Christian Democrats;7.1884;67.0;314.0;253.0;759.0;1463.0;;;;;;;non far-right;2007
FIN;Finland;parliament;2007-03-18;8.5;15.0;200.0;VIHR;Vihreä Liitto – Gröna Förbundet;Green League;3.6465;67.0;314.0;253.0;759.0;1062.0;;;;;;;non far-right;2007
FIN;Finland;parliament;2007-03-18;8.8;17.0;200.0;DL|VAS;Demokraattinen Liitto – Demokratiska Förbundet | Vasemmistoliitto – Vänsterförbundet;Democratic Union | Left Alliance;2.1843;67.0;314.0;253.0;759.0;1292.0;Demokraattinen Liitto | Vasemmistoliitto;VAS;0.0;2100.0;2100.0;1292.0;non far-right;2007
FIN;Finland;parliament;2007-03-18;21.4;45.0;200.0;SSDP;Suomen Sosialidemokraattinen Puolue – Finlands Socialdemokratiska Parti;Social Democratic Party of Finland;3.5595;67.0;314.0;253.0;759.0;395.0;;;;;;;non far-right;2007
FIN;Finland;parliament;2007-03-18;22.3;50.0;200.0;KOK;Kansallinen Kokoomus – Samlingspartiet;National Coalition Party;7.2451;67.0;314.0;253.0;759.0;1118.0;;;;;;;non far-right;2007
FIN;Finland;parliament;2007-03-18;23.1;51.0;200.0;KESK;Keskusta;Centre Party;5.8027;67.0;314.0;253.0;759.0;94.0;;;;;;;non far-right;2007
FIN;Finland;parliament;2007-03-18;4.6;9.0;200.0;RKP-SFP;Ruotsalainen Kansanpuolue – Svenska Folkepartiet i Finland;Swedish People's Party;6.3906;67.0;314.0;253.0;759.0;585.0;;;;;;;non far-right;2007
IRL;Ireland;parliament;2007-05-24;0.64;0.0;166.0;SP;Socialist Party;Socialist Party;1.3;37.0;190.0;408.0;179.0;1014.0;Socialist Party;SP;0.0;2100.0;2100.0;1014.0;non far-right;2007
IRL;Ireland;parliament;2007-05-24;2.73;2.0;166.0;PD;Progressive Democrats;Progressive Democrats;8.0109;37.0;190.0;408.0;179.0;651.0;;;;;;;non far-right;2007
IRL;Ireland;parliament;2007-05-24;41.56;78.0;166.0;FF;Fianna Fáil;Fianna Fail;6.0713;37.0;190.0;408.0;179.0;280.0;;;;;;;non far-right;2007
IRL;Ireland;parliament;2007-05-24;4.69;6.0;166.0;Green;Green Party  – Comhaontas Glas;Green Party;2.435;37.0;190.0;408.0;179.0;1573.0;;;;;;;non far-right;2007
IRL;Ireland;parliament;2007-05-24;10.13;20.0;166.0;Lab;Labour Party;Labour Party;3.6252;37.0;190.0;408.0;179.0;318.0;;;;;;;non far-right;2007
IRL;Ireland;parliament;2007-05-24;;5.0;166.0;none;no party affiliation;no party affiliation;;37.0;190.0;408.0;179.0;30.0;;;;;;;non far-right;2007
IRL;Ireland;parliament;2007-05-24;6.94;4.0;166.0;SF;Sinn Féin;Sinn Fein;2.7935;37.0;190.0;408.0;179.0;2217.0;Sinn Féin;SF;0.0;2100.0;2100.0;2217.0;non far-right;2007
IRL;Ireland;parliament;2007-05-24;27.32;51.0;166.0;FG;Fine Gael;Fine Gael (Family of the Irish);6.4372;37.0;190.0;408.0;179.0;1393.0;;;;;;;non far-right;2007
BEL;Belgium;parliament;2007-06-10;3.98;4.0;150.0;AGL-Gr;Agalev – Groen;Agalev -- Green;2.5762;64.0;401.0;143.0;449.0;1594.0;;;;;;;non far-right;2007
BEL;Belgium;parliament;2007-06-10;0.84;0.0;150.0;PA-PTB;Partij van de Arbeid – Parti du Travail de Belgique;Workers' Party of Belgium;1.3;64.0;401.0;143.0;449.0;256.0;Partij van de Arbeid – Parti du Travail;PVDA/PTB;0.0;2100.0;2100.0;256.0;non far-right;2007
BEL;Belgium;parliament;2007-06-10;4.03;5.0;150.0;LD|LDD;Lijst Dedecker | Libertair, Direct, Democratisch;List Dedecker | Libertarian, Direct, Democratic;6.0;64.0;401.0;143.0;449.0;221.0;Lijst Dedecker;LDD;0.0;2100.0;2100.0;221.0;non far-right;2007
BEL;Belgium;parliament;2007-06-10;2.0;1.0;150.0;FN;Front National;National Front;9.655;64.0;401.0;143.0;449.0;171.0;Front National;FN;1.0;1900.0;2100.0;171.0;far-right;2007
BEL;Belgium;parliament;2007-06-10;6.1;10.0;150.0;PSC-CDH;Parti Social Chrétien – Centre Democrate Humaniste;Francophone Christian Social Party -- Humanist Democratic Centre;5.4974;64.0;401.0;143.0;449.0;1192.0;;;;;;;non far-right;2007
BEL;Belgium;parliament;2007-06-10;10.26;14.0;150.0;SPa+Spi;Socialistische Partij Anders / Sociaal-Liberale Partij;Socialist Party Different / Social Liberal Party;3.255;64.0;401.0;143.0;449.0;1113.0;;;;;;;non far-right;2007
BEL;Belgium;parliament;2007-06-10;12.0;17.0;150.0;VB;Vlaams Blok | Vlaams Belang;Flemish Block | Flemish Interest;9.6622;64.0;401.0;143.0;449.0;993.0;Vlaams Belang;VB;1.0;1900.0;2100.0;993.0;far-right;2007
BEL;Belgium;parliament;2007-06-10;18.5;30.0;150.0;CD+NVA;Christen-Democratisch & Vlaams / Nieuw-Vlaams Alliantie;Christian-Democrat and Flemish / New Flemish Alliance;6.2;64.0;401.0;143.0;449.0;972.0;;;;;;;non far-right;2007
BEL;Belgium;parliament;2007-06-10;12.5;23.0;150.0;MR;Mouvement Réformateur;Reformist Movement;6.6889;64.0;401.0;143.0;449.0;915.0;;;;;;;non far-right;2007
BEL;Belgium;parliament;2007-06-10;10.86;20.0;150.0;PS;Parti Socialiste;Socialist Party [Francophone];2.9307;64.0;401.0;143.0;449.0;1378.0;;;;;;;non far-right;2007
BEL;Belgium;parliament;2007-06-10;11.83;18.0;150.0;PVV|VLD;Partij voor Vrijheid en Vooruitgang | Vlaamse Liberalen en Democraten;Party of Liberty and Progress | Flemish Liberals and Democrats;7.0053;64.0;401.0;143.0;449.0;1110.0;;;;;;;non far-right;2007
BEL;Belgium;parliament;2007-06-10;5.1;8.0;150.0;Ecolo;Écologistes Confédérés pour l'organisation de luttes originales;Confederated ecologists for the organisation of original struggles;2.641;64.0;401.0;143.0;449.0;161.0;;;;;;;non far-right;2007
FRA;France;parliament;2007-06-17;39.54;313.0;577.0;UMP|LR;Union pour un mouvement populaire | Les Républicains;Union for a Popular Movement | The Republicans;7.4997;43.0;171.0;403.0;807.0;658.0;;;;;;;non far-right;2007
FRA;France;parliament;2007-06-17;3.41;0.0;577.0;ex-gau;extrême gauche;other far-left;1.3;43.0;171.0;403.0;807.0;2083.0;;;;;;;non far-right;2007
FRA;France;parliament;2007-06-17;4.29;0.0;577.0;FN;Rassemblement National;National Rally;9.6854;43.0;171.0;403.0;807.0;270.0;Front National / Rassemblement National;FN / RN;1.0;1900.0;2100.0;270.0;far-right;2007
FRA;France;parliament;2007-06-17;1.2;1.0;577.0;MF;Mouvement pour la France;Movement for France;8.1721;43.0;171.0;403.0;807.0;1101.0;Mouvement pour la France;MPF;1.0;1900.0;2100.0;1101.0;far-right;2007
FRA;France;parliament;2007-06-17;;1.0;577.0;none;sans étiquette;no party affiliation;;43.0;171.0;403.0;807.0;947.0;;;;;;;non far-right;2007
FRA;France;parliament;2007-06-17;7.61;3.0;577.0;UDF|MD;Union pour la démocratie française | Mouvement démocrate;Union for French Democracy | Democratic Movement;6.1017;43.0;171.0;403.0;807.0;509.0;;;;;;;non far-right;2007
FRA;France;parliament;2007-06-17;1.32;7.0;577.0;PRG;Parti radical de gauche;Radical Party of the Left;4.0813;43.0;171.0;403.0;807.0;1492.0;;;;;;;non far-right;2007
FRA;France;parliament;2007-06-17;2.47;9.0;577.0;d-droite;divers droite;other right;7.6583;43.0;171.0;403.0;807.0;285.0;;;;;;;non far-right;2007
FRA;France;parliament;2007-06-17;1.97;15.0;577.0;d-gauche;divers gauche;other left;3.3;43.0;171.0;403.0;807.0;177.0;;;;;;;non far-right;2007
FRA;France;parliament;2007-06-17;4.3;15.0;577.0;PCF;Parti communiste française;French Communist Party;1.3741;43.0;171.0;403.0;807.0;686.0;Parti Communiste Français;PCF;0.0;2100.0;2100.0;686.0;non far-right;2007
FRA;France;parliament;2007-06-17;2.37;22.0;577.0;NC;Nouveau centre;New Centre;6.0;43.0;171.0;403.0;807.0;1058.0;;;;;;;non far-right;2007
FRA;France;parliament;2007-06-17;24.73;186.0;577.0;PS;Parti socialiste;Socialist Party;3.2493;43.0;171.0;403.0;807.0;1539.0;;;;;;;non far-right;2007
FRA;France;parliament;2007-06-17;0.51;1.0;577.0;MIM;Mouvement independantiste martiniquais;Martinican Independence Movement;;43.0;171.0;403.0;807.0;2077.0;;;;;;;non far-right;2007
FRA;France;parliament;2007-06-17;3.25;4.0;577.0;V;Les Verts;Greens;3.155;43.0;171.0;403.0;807.0;873.0;;;;;;;non far-right;2007
GRC;Greece;parliament;2007-09-16;1.05;0.0;300.0;OP;Oikologoi Prasinoi;Ecologist Greens;2.5;41.0;466.0;201.0;876.0;1280.0;;;;;;;non far-right;2007
GRC;Greece;parliament;2007-09-16;5.04;14.0;300.0;SYRIZA;Synaspismós Rizospastikís Aristerás;Coalition of the Radical Left;2.8947;41.0;466.0;201.0;876.0;1592.0;Synaspismós Rizospastikís Aristerás;SYRIZA;0.0;2100.0;2100.0;1592.0;non far-right;2007
GRC;Greece;parliament;2007-09-16;8.15;22.0;300.0;KKE;Kommounistikó Kómma Elládas;Communist Party of Greece;1.253;41.0;466.0;201.0;876.0;614.0;Kommounistikó Kómma Elládas;KKE;0.0;2100.0;2100.0;614.0;non far-right;2007
GRC;Greece;parliament;2007-09-16;38.1;102.0;300.0;PASOK;Panellinio Sosialistikó Kínima;Panhellenic Socialist Movement;4.4968;41.0;466.0;201.0;876.0;1338.0;;;;;;;non far-right;2007
GRC;Greece;parliament;2007-09-16;41.84;152.0;300.0;ND;Néa Đimokratía;New Democracy;6.7365;41.0;466.0;201.0;876.0;47.0;;;;;;;non far-right;2007
GRC;Greece;parliament;2007-09-16;3.8;10.0;300.0;LAOS;Laïkós Orthódoxos Synagermós;Popular Orthodox Rally;9.11;41.0;466.0;201.0;876.0;1179.0;Laïkós Orthódoxos Synagermós;LAOS;1.0;1900.0;2100.0;1179.0;far-right;2007
POL;Poland;parliament;2007-10-19;1.53;0.0;460.0;SRP;Samoobrona Rzeczypospolitej Polskiej;Self-Defense of the Republic Poland;3.997;74.0;560.0;188.0;356.0;207.0;Samoobrona Rzeczypospolitej Polskiej;SO;0.0;2100.0;2100.0;207.0;non far-right;2007
POL;Poland;parliament;2007-10-19;;0.0;460.0;UP;Unia Pracy;Labour Union;2.0348;74.0;560.0;188.0;356.0;838.0;;;;;;;non far-right;2007
POL;Poland;parliament;2007-10-19;0.2;1.0;460.0;MN;Mniejszość niemiecka w Polsce;German minority;;74.0;560.0;188.0;356.0;900.0;;;;;;;non far-right;2007
POL;Poland;parliament;2007-10-19;;1.0;460.0;D|W|U;Demokratyczna | Wolności | Unia;Democratic | Freedom | Union;5.2295;74.0;560.0;188.0;356.0;1104.0;;;;;;;non far-right;2007
POL;Poland;parliament;2007-10-19;41.51;209.0;460.0;PO;Platforma Obywatelska;Civic Platform;6.2355;74.0;560.0;188.0;356.0;512.0;;;;;;;non far-right;2007
POL;Poland;parliament;2007-10-19;;10.0;460.0;SDPL;Socjaldemokracja Polska;Social Democracy of Poland;3.0;74.0;560.0;188.0;356.0;1140.0;;;;;;;non far-right;2007
POL;Poland;parliament;2007-10-19;;37.0;460.0;SLD;Sojusz Lewicy Demokratycznej;Democratic Left Alliance;2.8299;74.0;560.0;188.0;356.0;629.0;;;;;;;non far-right;2007
POL;Poland;parliament;2007-10-19;32.11;166.0;460.0;PiS;Prawo i Sprawiedliwość;Law and Justice;7.6997;74.0;560.0;188.0;356.0;528.0;Prawo i Sprawiedliwosc;PiS;1.0;2005.0;2100.0;528.0;far-right;2007
POL;Poland;parliament;2007-10-19;;5.0;460.0;none;no party affiliation;no party affiliation;;74.0;560.0;188.0;356.0;1011.0;;;;;;;non far-right;2007
POL;Poland;parliament;2007-10-19;1.3;0.0;460.0;LPR;Liga Polskich Rodzin;League of Polish Families;8.8852;74.0;560.0;188.0;356.0;987.0;Liga Polskich Rodzin;LPR;1.0;1900.0;2010.0;987.0;far-right;2007
POL;Poland;parliament;2007-10-19;8.91;31.0;460.0;PSL;Polskie Stronnictwo Ludowe;Polish People's Party;4.1856;74.0;560.0;188.0;356.0;664.0;;;;;;;non far-right;2007
POL;Poland;parliament;2007-10-19;13.15;;460.0;LiD;Lewica i Demokraci;Left and Democrats;2.6486;74.0;560.0;188.0;356.0;180.0;;;;;;;non far-right;2007
CHE;Switzerland;parliament;2007-10-21;15.8;31.0;200.0;FDP-PRD;Freisinnig-Demokratische Partei der Schweiz – Parti Radical-Democratique Suisse;Radical Democratic Party;6.3249;40.0;310.0;206.0;855.0;26.0;;;;;;;non far-right;2007
CHE;Switzerland;parliament;2007-10-21;0.5;0.0;200.0;NA|SD;Nationale Aktion – Action Nationale | Schweizer Demokraten – Démocrates Suisses;National Action -- Swiss Democrats;9.4247;40.0;310.0;206.0;855.0;628.0;Schweizer Demokraten;SD;1.0;1900.0;2100.0;628.0;far-right;2007
CHE;Switzerland;parliament;2007-10-21;0.7;1.0;200.0;PdA;Partei der Arbeit der Schweiz;Swiss Party of Labour;0.5263;40.0;310.0;206.0;855.0;1167.0;Partei der Arbeit der Schweiz;PdA;0.0;2100.0;2100.0;1167.0;non far-right;2007
CHE;Switzerland;parliament;2007-10-21;0.4;1.0;200.0;CsP-PCS;Christlich-soziale Partei – Parti chrétien-social;Christian Social Party;6.2;40.0;310.0;206.0;855.0;1012.0;;;;;;;non far-right;2007
CHE;Switzerland;parliament;2007-10-21;1.3;1.0;200.0;EDU-UDF;Eidgenössisch-Demokratische Union – Union Démocratique Fédérale;Federal Democratic Union of Switzerland;8.6579;40.0;310.0;206.0;855.0;1318.0;Eidgenössisch-Demokratische Union;EDU;1.0;1900.0;2100.0;1318.0;far-right;2007
CHE;Switzerland;parliament;2007-10-21;2.4;2.0;200.0;EVP-PEP;Evangelische Volkspartei der Schweiz – Parti Populaire Evangelique Suisse;Protestant Peoples Party;4.9248;40.0;310.0;206.0;855.0;602.0;;;;;;;non far-right;2007
CHE;Switzerland;parliament;2007-10-21;1.4;3.0;200.0;GPL-PVL;Grünliberale Partei der Schweiz – Parti Vert-Libéral;Green Liberal Party;2.5;40.0;310.0;206.0;855.0;308.0;;;;;;;non far-right;2007
CHE;Switzerland;parliament;2007-10-21;0.6;1.0;200.0;LdT;Lega dei Ticinesi;Ticino League;8.7;40.0;310.0;206.0;855.0;1500.0;Lega dei Ticinesi;LdT;1.0;1900.0;2100.0;1500.0;far-right;2007
CHE;Switzerland;parliament;2007-10-21;9.6;20.0;200.0;Grue;Grüne – Écologiste;Greens;1.6886;40.0;310.0;206.0;855.0;141.0;;;;;;;non far-right;2007
CHE;Switzerland;parliament;2007-10-21;14.5;31.0;200.0;KK/CVP;Katholische Konservative / Christlichdemokratische Volkspartei – Conservateurs catholiques  /  Parti démocrate-chrétien;Catholic Conservative / Christian Democratic People's Party;4.7288;40.0;310.0;206.0;855.0;531.0;;;;;;;non far-right;2007
CHE;Switzerland;parliament;2007-10-21;19.5;43.0;200.0;SP-PS;Sozialdemokratische Partei der Schweiz – Parti Socialiste Suisse;Social Democratic Party of Switzerland;1.8319;40.0;310.0;206.0;855.0;35.0;;;;;;;non far-right;2007
CHE;Switzerland;parliament;2007-10-21;28.9;62.0;200.0;SVP-UDC;Schweizerische Volkspartei – Union Démocratique du Centre;Swiss People's Party;7.3575;40.0;310.0;206.0;855.0;750.0;Schweizerische Volkspartei;SVP;1.0;1900.0;2100.0;750.0;far-right;2007
CHE;Switzerland;parliament;2007-10-21;1.9;4.0;200.0;LPS;Liberale Partei der Schweiz – Parti liberal suisse;Liberal Party of Switzerland;7.2961;40.0;310.0;206.0;855.0;458.0;;;;;;;non far-right;2007
DNK;Denmark;parliament;2007-11-13;2.2;4.0;179.0;En-O;Enhedslisten – De Rød-Grønne;Red-Green Alliance;0.8912;21.0;174.0;563.0;316.0;306.0;Enhedslisten – De Rød-Grønne;En-O;0.0;2100.0;2100.0;306.0;non far-right;2007
DNK;Denmark;parliament;2007-11-13;;1.0;179.0;T;Tjóðveldi;Republic (Faroe Islands);1.3;21.0;174.0;563.0;316.0;2568.0;;;;;;;non far-right;2007
DNK;Denmark;parliament;2007-11-13;0.9;0.0;179.0;KrF;Kristeligt Folkeparti;Christian People's Party;5.6982;21.0;174.0;563.0;316.0;1331.0;;;;;;;non far-right;2007
DNK;Denmark;parliament;2007-11-13;;1.0;179.0;Si;Siumut;Forward (Greenland);3.3;21.0;174.0;563.0;316.0;74.0;;;;;;;non far-right;2007
DNK;Denmark;parliament;2007-11-13;;1.0;179.0;IA;Inuit Ataqatigiit;Community of the People;1.3;21.0;174.0;563.0;316.0;1891.0;;;;;;;non far-right;2007
DNK;Denmark;parliament;2007-11-13;;1.0;179.0;Sbf;Sambandsflokkurin;Union Party (Faroe Islands);7.4;21.0;174.0;563.0;316.0;1892.0;;;;;;;non far-right;2007
DNK;Denmark;parliament;2007-11-13;2.8;5.0;179.0;NLA;Ny-Liberal Alliance;New-Liberal Alliance;6.0;21.0;174.0;563.0;316.0;376.0;;;;;;;non far-right;2007
DNK;Denmark;parliament;2007-11-13;26.2;46.0;179.0;V;Venstre;Liberal Party;7.292;21.0;174.0;563.0;316.0;1605.0;;;;;;;non far-right;2007
DNK;Denmark;parliament;2007-11-13;5.1;9.0;179.0;RV;Det Radikale Venstre;Danish Social Liberal Party;4.8736;21.0;174.0;563.0;316.0;211.0;;;;;;;non far-right;2007
DNK;Denmark;parliament;2007-11-13;10.4;18.0;179.0;KF;Konservative;Conservatives;7.2186;21.0;174.0;563.0;316.0;590.0;;;;;;;non far-right;2007
DNK;Denmark;parliament;2007-11-13;13.0;23.0;179.0;SF;Socialistisk Folkeparti;Socialist Peoples Party;2.1347;21.0;174.0;563.0;316.0;1644.0;Socialistisk Folkeparti;SF;0.0;2100.0;2100.0;1644.0;non far-right;2007
DNK;Denmark;parliament;2007-11-13;13.9;25.0;179.0;DF;Dansk Folkeparti;Danish People's Party;8.2269;21.0;174.0;563.0;316.0;1418.0;Dansk Folkeparti;DF;1.0;1900.0;2100.0;1418.0;far-right;2007
DNK;Denmark;parliament;2007-11-13;25.5;45.0;179.0;Sd;Socialdemokraterne;Social Democrats;3.8011;21.0;174.0;563.0;316.0;1629.0;;;;;;;non far-right;2007
HRV;Croatia;parliament;2007-11-25;1.5;3.0;153.0;IDS;Istarski demokratski sabor;Istrian Democratic Assembly;3.4211;62.0;793.0;795.0;1053.0;1627.0;;;;;;;non far-right;2007
HRV;Croatia;parliament;2007-11-25;35.9;66.0;153.0;HDZ;Hrvatska demokratska zajednica;Croatian Democratic Union;7.1053;62.0;793.0;795.0;1053.0;276.0;Hrvatska Demokratska Zajednica;HDZ;1.0;1900.0;2000.0;276.0;non far-right;2007
HRV;Croatia;parliament;2007-11-25;30.8;56.0;153.0;SPH;Socijaldemokratska partija Hrvatske;Social Democratic Party of Croatia;3.2456;62.0;793.0;795.0;1053.0;1493.0;;;;;;;non far-right;2007
HRV;Croatia;parliament;2007-11-25;6.7;7.0;153.0;HNS-LD;Hrvatska narodna stranka – Liberalni demokrati;Croatian People's Party -- Liberal Democrats;1.8421;62.0;793.0;795.0;1053.0;1384.0;;;;;;;non far-right;2007
HRV;Croatia;parliament;2007-11-25;;4.0;153.0;ethnic;ethnic;ethnic;;62.0;793.0;795.0;1053.0;2192.0;;;;;;;non far-right;2007
HRV;Croatia;parliament;2007-11-25;6.4;6.0;153.0;HSS;Hrvatska seljačka stranka;Croatian Peasant Party;6.2281;62.0;793.0;795.0;1053.0;1465.0;;;;;;;non far-right;2007
HRV;Croatia;parliament;2007-11-25;1.8;3.0;153.0;HDSSB;Hrvatski demokratski savez Slavonije i Baranje;Croatian Democratic Alliance of Slavonia and Baranja;8.7;62.0;793.0;795.0;1053.0;2135.0;Hrvatski demokratski savez Slavonije i Baranje;HDSSB;1.0;1900.0;2100.0;2135.0;far-right;2007
HRV;Croatia;parliament;2007-11-25;1.5;3.0;153.0;SDSS;Samostalna demokratska srpska stranka;Independent Democratic Serb Party;3.3;62.0;793.0;795.0;1053.0;2133.0;;;;;;;non far-right;2007
HRV;Croatia;parliament;2007-11-25;3.4;1.0;153.0;HSP;Hrvatska stranka prava;Croatian Party of Rights;8.7719;62.0;793.0;795.0;1053.0;1044.0;Hrvatska Stranka Prava;HSP;1.0;1900.0;2100.0;1044.0;far-right;2007
HRV;Croatia;parliament;2007-11-25;4.0;1.0;153.0;HSU;Hrvatska stranka umirovljenika;Croatian Party of Pensioners;;62.0;793.0;795.0;1053.0;2134.0;;;;;;;non far-right;2007
HRV;Croatia;parliament;2007-11-25;;1.0;153.0;SDA;Stranka demokratske akcije Hrvatske;Party of Democratic Action of Croatia;7.4;62.0;793.0;795.0;1053.0;2270.0;;;;;;;non far-right;2007
HRV;Croatia;parliament;2007-11-25;;2.0;153.0;HSLS;Hrvatska socijalno liberalna stranka;Croatian Social Liberal Party;7.193;62.0;793.0;795.0;1053.0;1102.0;;;;;;;non far-right;2007
MLT;Malta;parliament;2008-03-08;49.34;35.0;69.0;PN;Partit Nazzjonalista;Nationalist Party;5.7143;72.0;203.0;509.0;298.0;984.0;;;;;;;non far-right;2008
MLT;Malta;parliament;2008-03-08;48.79;34.0;69.0;PL;Partit Laburista;Malta Labour Party;4.2105;72.0;203.0;509.0;298.0;1003.0;;;;;;;non far-right;2008
MLT;Malta;parliament;2008-03-08;1.31;0.0;69.0;AD;Alternattiva Demokratika;Democratic Alternative;3.7895;72.0;203.0;509.0;298.0;360.0;;;;;;;non far-right;2008
ESP;Spain;parliament;2008-03-09;44.36;169.0;350.0;PSOE;Partido Socialista Obrero Español;Spanish Socialist Workers Party;3.7377;27.0;500.0;164.0;806.0;902.0;;;;;;;non far-right;2008
ESP;Spain;parliament;2008-03-09;1.17;3.0;350.0;ERC;Esquerra Republicana de Catalunya;Republican Left of Catalonia;3.1072;27.0;500.0;164.0;806.0;757.0;;;;;;;non far-right;2008
ESP;Spain;parliament;2008-03-09;3.81;2.0;350.0;PCE|IU;Partido Communista | Izquierda Unida;Communist Party | United Left;2.0183;27.0;500.0;164.0;806.0;118.0;Izquierda Unida;IU;0.0;2100.0;2100.0;118.0;non far-right;2008
ESP;Spain;parliament;2008-03-09;3.06;10.0;350.0;CiU;Convergència i Unió;Convergence and Union;6.2564;27.0;500.0;164.0;806.0;894.0;;;;;;;non far-right;2008
ESP;Spain;parliament;2008-03-09;1.2;6.0;350.0;PNV;Partido Nacionalista Vasco – Euzko Alderdi Jeltzalea;Basque Nationalist Party;6.2144;27.0;500.0;164.0;806.0;1361.0;;;;;;;non far-right;2008
ESP;Spain;parliament;2008-03-09;0.84;2.0;350.0;BNG;Bloque Nacionalista Galego;Galician Nationalist Bloc;2.9117;27.0;500.0;164.0;806.0;520.0;Bloque Nacionalista Galego;BNG;0.0;2100.0;2100.0;520.0;non far-right;2008
ESP;Spain;parliament;2008-03-09;0.69;2.0;350.0;CC;Coalición Canaria;Canary Coalition;5.9789;27.0;500.0;164.0;806.0;234.0;;;;;;;non far-right;2008
ESP;Spain;parliament;2008-03-09;0.25;1.0;350.0;Bai;Bai;Yes;;27.0;500.0;164.0;806.0;385.0;;;;;;;non far-right;2008
ESP;Spain;parliament;2008-03-09;1.2;1.0;350.0;UPyD;Unión Progreso y Democracia;Union, Progress and Democracy;6.0;27.0;500.0;164.0;806.0;551.0;;;;;;;non far-right;2008
ESP;Spain;parliament;2008-03-09;0.27;0.0;350.0;no-seat;no seat;no seat;;27.0;500.0;164.0;806.0;2056.0;;;;;;;non far-right;2008
ESP;Spain;parliament;2008-03-09;40.1;154.0;350.0;AP-P;Alianza-Partido Popular;People's Alliance-Party;7.5969;27.0;500.0;164.0;806.0;645.0;;;;;;;non far-right;2008
ITA;Italy;parliament;2008-04-13;0.08;1.0;630.0;ALD;Autonomie Liberté Démocratie;Autonomy Liberty Democracy;6.0;26.0;111.0;107.0;117.0;1063.0;;;;;;;non far-right;2008
ITA;Italy;parliament;2008-04-13;2.46;0.0;630.0;MSFT;Fiamma Tricolore;Fiamma Tricolore;9.5762;26.0;111.0;107.0;117.0;176.0;Movimento Sociale Fiamma Tricolore;MSFT;1.0;1900.0;2100.0;176.0;far-right;2008
ITA;Italy;parliament;2008-04-13;34.04;217.0;630.0;PD;Partito Democratico;Democratic Party;2.6216;26.0;111.0;107.0;117.0;382.0;;;;;;;non far-right;2008
ITA;Italy;parliament;2008-04-13;0.24;1.0;630.0;AIE;Associativo Italiani all'Estero;Associative Italians Abroad;;26.0;111.0;107.0;117.0;927.0;;;;;;;non far-right;2008
ITA;Italy;parliament;2008-04-13;3.16;0.0;630.0;PRC;Partito della Rifondazione Comunista;Communist Refoundation Party;0.8849;26.0;111.0;107.0;117.0;1321.0;Partito della Rifondazione Comunista;PRC;0.0;2100.0;2100.0;1321.0;non far-right;2008
ITA;Italy;parliament;2008-04-13;0.4;2.0;630.0;SVP;Südtiroler Volkspartei;South Tyrol Peoples Party;5.4;26.0;111.0;107.0;117.0;1030.0;;;;;;;non far-right;2008
ITA;Italy;parliament;2008-04-13;38.23;276.0;630.0;FI-PdL;Forza Italia – Il Popolo della Libertà;Go Italy -- The People of Freedom;7.1459;26.0;111.0;107.0;117.0;596.0;Forza Italia (1994-2009);FI1;0.0;2100.0;2100.0;596.0;non far-right;2008
ITA;Italy;parliament;2008-04-13;4.48;29.0;630.0;IdV;Italia dei Valori;Italy of Values;4.8712;26.0;111.0;107.0;117.0;693.0;Lista Di Pietro - Italia dei Valori;IdV;0.0;2100.0;2100.0;693.0;non far-right;2008
ITA;Italy;parliament;2008-04-13;5.85;36.0;630.0;UC;Unione / Centro;Union / Centre;6.1092;26.0;111.0;107.0;117.0;226.0;;;;;;;non far-right;2008
ITA;Italy;parliament;2008-04-13;8.29;60.0;630.0;LN;Lega Nord;North League;7.8007;26.0;111.0;107.0;117.0;1436.0;Lega (Nord);Lega;1.0;1900.0;2100.0;1436.0;far-right;2008
ITA;Italy;parliament;2008-04-13;1.12;8.0;630.0;MpA;Movimento per l'Autonomia;Movement for Autonomy;6.2;26.0;111.0;107.0;117.0;1040.0;;;;;;;non far-right;2008
SVN;Slovenia;parliament;2008-09-21;30.45;29.0;90.0;ZL-SD;Združena lista – Socialni demokrati;United List -- Social Democrats;3.0637;60.0;522.0;80.0;407.0;706.0;Združena levica;ZL;0.0;2100.0;2100.0;706.0;non far-right;2008
SVN;Slovenia;parliament;2008-09-21;29.26;28.0;90.0;SDS;Slovenska demokratska stranka;Slovenian Democratic Party;6.9996;60.0;522.0;80.0;407.0;179.0;Slovenska Demokratska Stranka;SDS;1.0;2015.0;2100.0;179.0;non far-right;2008
SVN;Slovenia;parliament;2008-09-21;9.37;9.0;90.0;Zares;Zares;For Real;3.3;60.0;522.0;80.0;407.0;326.0;;;;;;;non far-right;2008
SVN;Slovenia;parliament;2008-09-21;7.45;7.0;90.0;DeSUS;Demokratična stranka upokojencev Slovenije;Democratic Party of Pensioners of Slovenia;3.2292;60.0;522.0;80.0;407.0;1587.0;;;;;;;non far-right;2008
SVN;Slovenia;parliament;2008-09-21;5.4;5.0;90.0;SNS;Slovenska nacionalna stranka;Slovenian National Party;4.7941;60.0;522.0;80.0;407.0;981.0;Slovenska Nacionalna Stranka;SNS;1.0;1900.0;2100.0;981.0;far-right;2008
SVN;Slovenia;parliament;2008-09-21;5.21;5.0;90.0;SLS;Slovenska ljudska stranka;Slovenian People's Party;6.6953;60.0;522.0;80.0;407.0;16.0;;;;;;;non far-right;2008
SVN;Slovenia;parliament;2008-09-21;5.21;5.0;90.0;LDS;Liberalna demokracija Slovenije;Liberal Democracy of Slovenia;3.7351;60.0;522.0;80.0;407.0;1252.0;;;;;;;non far-right;2008
SVN;Slovenia;parliament;2008-09-21;;1.0;90.0;Mad;Madžarska narodna skupnost;Hungarian national community;;60.0;522.0;80.0;407.0;65.0;;;;;;;non far-right;2008
SVN;Slovenia;parliament;2008-09-21;;1.0;90.0;Ita;Italijanska narodna skupnost;Italian national community;;60.0;522.0;80.0;407.0;199.0;;;;;;;non far-right;2008
SVN;Slovenia;parliament;2008-09-21;3.4;0.0;90.0;NSI;Nova Slovenija – Krščanska ljudska stranka;New Slovenia -- Christian People's Party;7.9345;60.0;522.0;80.0;407.0;1047.0;Nova Slovenija – Krščanski Demokrati;N.Si;1.0;1900.0;2100.0;1047.0;far-right;2008
SVN;Slovenia;parliament;2008-09-21;1.81;0.0;90.0;LIPA;Stranka Lipa;Party Lime Tree;8.7;60.0;522.0;80.0;407.0;1946.0;;;;;;;non far-right;2008
AUT;Austria;parliament;2008-09-28;10.43;20.0;183.0;Gruene;Die Grünen – Die Grüne Alternative;The Greens -- The Green Alternative;2.4604;59.0;607.0;197.0;583.0;1429.0;;;;;;;non far-right;2008
AUT;Austria;parliament;2008-09-28;2.09;0.0;183.0;LIF;Liberales Forum;Liberal Forum;4.8806;59.0;607.0;197.0;583.0;955.0;;;;;;;non far-right;2008
AUT;Austria;parliament;2008-09-28;10.7;21.0;183.0;BZO;Bündnis Zukunft Österreich;Alliance for the Future of Austria;8.83;59.0;607.0;197.0;583.0;1536.0;Bündnis Zukunft Österreich;BZÖ;0.0;1900.0;2008.0;1536.0;non far-right;2008
AUT;Austria;parliament;2008-09-28;25.98;51.0;183.0;OVP;Österreichische Volkspartei;Austrian People's Party;6.4733;59.0;607.0;197.0;583.0;1013.0;;;;;;;non far-right;2008
AUT;Austria;parliament;2008-09-28;29.26;57.0;183.0;SPO;Sozialdemokratische Partei Österreichs;Social Democratic Party of Austria;3.7293;59.0;607.0;197.0;583.0;973.0;;;;;;;non far-right;2008
AUT;Austria;parliament;2008-09-28;17.54;34.0;183.0;FPO;Freiheitliche Partei Österreichs;Freedom Party of Austria;8.3494;59.0;607.0;197.0;583.0;50.0;Freiheitliche Partei Österreichs;FPÖ;1.0;1900.0;2100.0;50.0;far-right;2008
AUT;Austria;parliament;2008-09-28;1.76;0.0;183.0;Fritz;Bürgerforum Österreich – Liste Fritz Dinkhauser;The Citizens' Forum Austria;3.3;59.0;607.0;197.0;583.0;1746.0;;;;;;;non far-right;2008
LTU;Lithuania;parliament;2008-10-12;5.73;11.0;141.0;LRLS;Lietuvos Respublikos liberalų sąjūdis;Liberals Movement of the Republic of Lithuania;7.7562;15.0;646.0;214.0;579.0;482.0;;;;;;;non far-right;2008
LTU;Lithuania;parliament;2008-10-12;12.68;15.0;141.0;TT-LDP;Tvarka ir teisingumas – Liberalų demokratų partija;Order and Justice -- Liberal Democratic Party;5.2955;15.0;646.0;214.0;579.0;1421.0;Tvarka ir Teisingumas;TT;0.0;2100.0;2100.0;1421.0;non far-right;2008
LTU;Lithuania;parliament;2008-10-12;15.09;16.0;141.0;TPP;Tautos prisikėlimo partija;National Resurrection Party;6.0;15.0;646.0;214.0;579.0;1502.0;Tautos Prisikelimo Partija;TPP;0.0;2100.0;2100.0;1502.0;non far-right;2008
LTU;Lithuania;parliament;2008-10-12;1.11;0.0;141.0;PDP;Pilietinės demokratijos partija;Civic Democratic Party;6.0;15.0;646.0;214.0;579.0;676.0;;;;;;;non far-right;2008
LTU;Lithuania;parliament;2008-10-12;1.75;0.0;141.0;JL;Jaunoji Lietuva;Young Lithuania;9.8;15.0;646.0;214.0;579.0;383.0;Jaunoji Lietuva;JL;1.0;1900.0;2100.0;383.0;far-right;2008
LTU;Lithuania;parliament;2008-10-12;;4.0;141.0;none;no party affiliation;no party affiliation;;15.0;646.0;214.0;579.0;58.0;;;;;;;non far-right;2008
LTU;Lithuania;parliament;2008-10-12;4.79;3.0;141.0;LLRA;Lietuvos lenkų rinkimų akcija;Election Action of Lithuania's Poles;3.865;15.0;646.0;214.0;579.0;28.0;;;;;;;non far-right;2008
LTU;Lithuania;parliament;2008-10-12;3.73;3.0;141.0;LVLS;Lietuvos valstiečių sąjunga;Lithuanian Peasant Union;3.2687;15.0;646.0;214.0;579.0;191.0;;;;;;;non far-right;2008
LTU;Lithuania;parliament;2008-10-12;3.64;1.0;141.0;NS-SL;Naujoji sąjunga (socialliberalai);New Union (Social Liberals);4.2686;15.0;646.0;214.0;579.0;856.0;;;;;;;non far-right;2008
LTU;Lithuania;parliament;2008-10-12;3.24;0.0;141.0;SPF;Socialist People's Front;Socialist People's Front;1.3;15.0;646.0;214.0;579.0;1056.0;;;;;;;non far-right;2008
LTU;Lithuania;parliament;2008-10-12;11.72;25.0;141.0;LSDP;Lietuvos socialdemokratų partija;Lithuanian Social Democratic Party;3.1972;15.0;646.0;214.0;579.0;1277.0;;;;;;;non far-right;2008
LTU;Lithuania;parliament;2008-10-12;19.72;45.0;141.0;TS-LK;Tėvynės sąjunga;Homeland Union;7.4004;15.0;646.0;214.0;579.0;1045.0;;;;;;;non far-right;2008
LTU;Lithuania;parliament;2008-10-12;8.99;10.0;141.0;DP;Darbo partija;Labour Party;3.86;15.0;646.0;214.0;579.0;581.0;Darbo Partija;DP;0.0;2100.0;2100.0;581.0;non far-right;2008
LTU;Lithuania;parliament;2008-10-12;5.34;8.0;141.0;LiCS;Liberalų ir centro sąjunga;Liberal and Centre Union;7.7562;15.0;646.0;214.0;579.0;983.0;;;;;;;non far-right;2008
ROU;Romania;parliament;2008-11-30;18.57;65.0;334.0;PNL;Partidul Naţional Liberal;National Liberal Party;6.0543;23.0;319.0;165.0;118.0;1015.0;;;;;;;non far-right;2008
ROU;Romania;parliament;2008-11-30;;4.0;334.0;PU|PC;Partidul Umanist | Partidul Conservator;Humanist Party | Conservative Party;4.7622;23.0;319.0;165.0;118.0;5.0;;;;;;;non far-right;2008
ROU;Romania;parliament;2008-11-30;;18.0;334.0;etnice;Partidele minorităţilor etnice din România;Romanian ethnic minorities parties;;23.0;319.0;165.0;118.0;425.0;;;;;;;non far-right;2008
ROU;Romania;parliament;2008-11-30;6.17;22.0;334.0;UDMR;Uniunea Democrată Maghiară din România;Democratic Union of Hungarians in Romania;6.016;23.0;319.0;165.0;118.0;948.0;;;;;;;non far-right;2008
ROU;Romania;parliament;2008-11-30;33.09;110.0;334.0;PSD;Partidul Social Democrat;Social Democratic Party;3.2325;23.0;319.0;165.0;118.0;1120.0;;;;;;;non far-right;2008
ROU;Romania;parliament;2008-11-30;2.27;0.0;334.0;PNG-CD;Partidul Noua Generaţie – Creştin Democrat;New Generation Party -- Christian Democratic;6.2;23.0;319.0;165.0;118.0;1332.0;;;;;;;non far-right;2008
ROU;Romania;parliament;2008-11-30;3.15;0.0;334.0;PRM;Partidul România Mare;Greater Romania Party;6.6618;23.0;319.0;165.0;118.0;713.0;Partidul România Mare;PRM;1.0;1900.0;2100.0;713.0;far-right;2008
ROU;Romania;parliament;2008-11-30;32.36;115.0;334.0;PD-L;Partidul Democrat-Liberal;Democratic Liberal Party;5.3875;23.0;319.0;165.0;118.0;958.0;;;;;;;non far-right;2008
LUX;Luxembourg;parliament;2009-06-07;8.13;4.0;60.0;AR|ADR;Aktiounskomitee Rente | Alternativ Demokratesch Reformpartei;Action Committee Pensions | Alternative Democratic Reform Party;8.8158;7.0;172.0;383.0;12.0;1582.0;Alternativ Demokratesch Reformpartei;ADR;1.0;2022.0;2100.0;1582.0;non far-right;2009
LUX;Luxembourg;parliament;2009-06-07;11.71;7.0;60.0;Greng;Déi Gréng;The Greens;2.5;7.0;172.0;383.0;12.0;310.0;;;;;;;non far-right;2009
LUX;Luxembourg;parliament;2009-06-07;14.98;9.0;60.0;DP;Demokratesch Partei;Democratic Party;6.5789;7.0;172.0;383.0;12.0;967.0;;;;;;;non far-right;2009
LUX;Luxembourg;parliament;2009-06-07;21.56;13.0;60.0;LSAP;Lëtzebuerger Sozialistesch Aarbechterpartei;Luxembourg Socialist Workers' Party;3.2895;7.0;172.0;383.0;12.0;701.0;;;;;;;non far-right;2009
LUX;Luxembourg;parliament;2009-06-07;38.04;26.0;60.0;CSV;Chrëschtlech Sozial Vollekspartei;Christian Social People's Party;6.4474;7.0;172.0;383.0;12.0;1234.0;;;;;;;non far-right;2009
LUX;Luxembourg;parliament;2009-06-07;1.47;0.0;60.0;KPL;Kommunistesch Partei Lëtzebuerg;Communist Party of Luxembourg;1.3;7.0;172.0;383.0;12.0;151.0;Kommunistesch Partei Lëtzebuerg;KPL;0.0;2100.0;2100.0;151.0;non far-right;2009
LUX;Luxembourg;parliament;2009-06-07;3.29;1.0;60.0;DL;Déi Lénk;The Left;0.5263;7.0;172.0;383.0;12.0;457.0;Déi Lénk;Dei Lenk;0.0;2100.0;2100.0;457.0;non far-right;2009
BGR;Bulgaria;parliament;2009-07-05;14.45;38.0;240.0;DPS;Dvizhenie za Prava i Svobodi;Movement for Rights and Freedoms;4.5828;10.0;79.0;618.0;425.0;1286.0;;;;;;;non far-right;2009
BGR;Bulgaria;parliament;2009-07-05;17.7;40.0;240.0;KzB|DL;Koalitsiya za Balgariya | Demokratichna Levitsa;Coalition for Bulgaria | Democratic Left;2.8982;10.0;79.0;618.0;425.0;1160.0;;;;;;;non far-right;2009
BGR;Bulgaria;parliament;2009-07-05;6.76;15.0;240.0;SK;Sinyata Koalitsiya;Blue Coalition;7.4;10.0;79.0;618.0;425.0;1254.0;;;;;;;non far-right;2009
BGR;Bulgaria;parliament;2009-07-05;39.72;116.0;240.0;GERB;Grazhdani za Evropeysko Razvitie na Balgariya;Citizens for European Development of Bulgaria;8.7;10.0;79.0;618.0;425.0;1541.0;Grazhdani za Evropeysko Razvitie na Bulgariya;GERB;0.0;2100.0;2100.0;1541.0;non far-right;2009
BGR;Bulgaria;parliament;2009-07-05;3.26;0.0;240.0;Lider;Lider;Lider;6.0;10.0;79.0;618.0;425.0;566.0;;;;;;;non far-right;2009
BGR;Bulgaria;parliament;2009-07-05;3.02;0.0;240.0;NDSV;Natsionalno Dvizhenie Simeon Vtori;National Movement Simeon II;5.7567;10.0;79.0;618.0;425.0;544.0;Natsionalno Dvizhenie za Stabilnost i Vazhod;NDSV;0.0;2100.0;2100.0;544.0;non far-right;2009
BGR;Bulgaria;parliament;2009-07-05;4.13;10.0;240.0;RZS;Red, zakonnost i spravedlivost;Order, Lawfulness and Justice;8.7;10.0;79.0;618.0;425.0;636.0;;;;;;;non far-right;2009
BGR;Bulgaria;parliament;2009-07-05;9.36;21.0;240.0;Ataka;Ataka;Attack;5.46;10.0;79.0;618.0;425.0;535.0;Ataka;Ataka;1.0;1900.0;2100.0;535.0;far-right;2009
NOR;Norway;parliament;2009-09-14;6.2;11.0;169.0;Sp;Senterpartiet;Centre Party;4.6565;9.0;285.0;3.0;693.0;702.0;;;;;;;non far-right;2009
NOR;Norway;parliament;2009-09-14;6.2;11.0;169.0;SV;Sosialistisk Venstreparti;Socialist Left Party;1.5839;9.0;285.0;3.0;693.0;81.0;Sosialistisk Venstreparti;SV;0.0;2100.0;2100.0;81.0;non far-right;2009
NOR;Norway;parliament;2009-09-14;17.2;30.0;169.0;H;Høyre;Conservative Party;7.8994;9.0;285.0;3.0;693.0;1435.0;;;;;;;non far-right;2009
NOR;Norway;parliament;2009-09-14;22.9;41.0;169.0;Fr;Fremskrittspartiet;Progress Party;8.7595;9.0;285.0;3.0;693.0;351.0;Fremskrittspartiet;FrP;1.0;1900.0;2100.0;351.0;far-right;2009
NOR;Norway;parliament;2009-09-14;35.4;64.0;169.0;DNA;Det norske Arbeiderparti;Norwegian Labour Party;3.3706;9.0;285.0;3.0;693.0;104.0;;;;;;;non far-right;2009
NOR;Norway;parliament;2009-09-14;3.9;2.0;169.0;V;Venstre;Liberal Party of Norway;5.1467;9.0;285.0;3.0;693.0;647.0;;;;;;;non far-right;2009
NOR;Norway;parliament;2009-09-14;5.5;10.0;169.0;KrF;Kristelig Folkeparti;Christian Democratic Party;5.8516;9.0;285.0;3.0;693.0;1538.0;;;;;;;non far-right;2009
NOR;Norway;parliament;2009-09-14;1.4;0.0;169.0;RV;Rød Valgallianse;Red Electoral Alliance;0.4089;9.0;285.0;3.0;693.0;1638.0;Rødt;Rodt;0.0;2100.0;2100.0;1638.0;non far-right;2009
PRT;Portugal;parliament;2009-09-27;0.96;0.0;230.0;PCTP/MRPP;Comunista dos Trabalhadores Portugueses / Movimento Reorganizativo do Partido do Proletariado;Communist Party of the Portuguese Workers / Reorganizative Movement of the Party of the Proletariat;1.3;63.0;405.0;210.0;169.0;281.0;;;;;;;non far-right;2009
PRT;Portugal;parliament;2009-09-27;8.11;15.0;230.0;CDU;Coligação Democrático Unitária;Unified Democratic Coalition;2.2233;63.0;405.0;210.0;169.0;1295.0;;;;;;;non far-right;2009
PRT;Portugal;parliament;2009-09-27;10.12;16.0;230.0;BE;Bloco de Esquerda;Bloc of the Left;1.6425;63.0;405.0;210.0;169.0;557.0;Bloco de Esquerda;BE;0.0;2100.0;2100.0;557.0;non far-right;2009
PRT;Portugal;parliament;2009-09-27;10.77;21.0;230.0;CDS-PP;Centro Democrático e Social – Partido Popular;Democratic and Social Centre -- People's Party;8.0222;63.0;405.0;210.0;169.0;251.0;;;;;;;non far-right;2009
PRT;Portugal;parliament;2009-09-27;30.04;81.0;230.0;PSD;Partido Social Democrata;Social Democratic Party;6.2949;63.0;405.0;210.0;169.0;1273.0;;;;;;;non far-right;2009
PRT;Portugal;parliament;2009-09-27;37.73;97.0;230.0;PS;Partido Socialista;Socialist Party;4.0492;63.0;405.0;210.0;169.0;725.0;;;;;;;non far-right;2009
DEU;Germany;parliament;2009-09-27;27.3;194.0;622.0;CDU;Christlich Demokratische Union;Christian Democratic Union;6.2503;54.0;93.0;118.0;85.0;808.0;;;;;;;non far-right;2009
DEU;Germany;parliament;2009-09-27;14.6;93.0;622.0;FDP;Freie Demokratische Partei;Free Democratic Party;5.9233;54.0;93.0;118.0;85.0;543.0;;;;;;;non far-right;2009
DEU;Germany;parliament;2009-09-27;11.9;76.0;622.0;PDS|Li;PDS | Die Linke;PDS | The Left;1.2152;54.0;93.0;118.0;85.0;791.0;PDS / Die Linke;Linke;0.0;2100.0;2100.0;791.0;non far-right;2009
DEU;Germany;parliament;2009-09-27;10.7;68.0;622.0;B90/Gru;Bündnis 90 / Die Grünen;Alliance 90 / Greens;2.9308;54.0;93.0;118.0;85.0;772.0;;;;;;;non far-right;2009
DEU;Germany;parliament;2009-09-27;6.5;45.0;622.0;CSU;Christlich Soziale Union;Christian Social Union;7.2871;54.0;93.0;118.0;85.0;1180.0;;;;;;;non far-right;2009
DEU;Germany;parliament;2009-09-27;2.0;0.0;622.0;Pi;Piratenpartei Deutschland;German Pirate Party;;54.0;93.0;118.0;85.0;865.0;;;;;;;non far-right;2009
DEU;Germany;parliament;2009-09-27;1.5;0.0;622.0;NPD;Nationaldemokratische Partei Deutschlands;National Democratic Party;9.8246;54.0;93.0;118.0;85.0;1537.0;;;;;;;non far-right;2009
DEU;Germany;parliament;2009-09-27;23.0;146.0;622.0;SPD;Sozialdemokratische Partei Deutschlands;Social Democratic Party of Germany;3.6451;54.0;93.0;118.0;85.0;558.0;;;;;;;non far-right;2009
GRC;Greece;parliament;2009-10-04;4.6;13.0;300.0;SYRIZA;Synaspismós Rizospastikís Aristerás;Coalition of the Radical Left;2.8947;41.0;651.0;466.0;581.0;1592.0;Synaspismós Rizospastikís Aristerás;SYRIZA;0.0;2100.0;2100.0;1592.0;non far-right;2009
GRC;Greece;parliament;2009-10-04;33.47;91.0;300.0;ND;Néa Đimokratía;New Democracy;6.7365;41.0;651.0;466.0;581.0;47.0;;;;;;;non far-right;2009
GRC;Greece;parliament;2009-10-04;7.54;21.0;300.0;KKE;Kommounistikó Kómma Elládas;Communist Party of Greece;1.253;41.0;651.0;466.0;581.0;614.0;Kommounistikó Kómma Elládas;KKE;0.0;2100.0;2100.0;614.0;non far-right;2009
GRC;Greece;parliament;2009-10-04;43.92;160.0;300.0;PASOK;Panellinio Sosialistikó Kínima;Panhellenic Socialist Movement;4.4968;41.0;651.0;466.0;581.0;1338.0;;;;;;;non far-right;2009
GRC;Greece;parliament;2009-10-04;2.53;0.0;300.0;OP;Oikologoi Prasinoi;Ecologist Greens;2.5;41.0;651.0;466.0;581.0;1280.0;;;;;;;non far-right;2009
GRC;Greece;parliament;2009-10-04;5.63;15.0;300.0;LAOS;Laïkós Orthódoxos Synagermós;Popular Orthodox Rally;9.11;41.0;651.0;466.0;581.0;1179.0;Laïkós Orthódoxos Synagermós;LAOS;1.0;1900.0;2100.0;1179.0;far-right;2009
HUN;Hungary;parliament;2010-04-25;;227.0;386.0;Fi-MPSz;Fidesz – Magyar Polgári Szövetség;Fidesz -- Hungarian Civic Union;6.5432;39.0;688.0;194.0;162.0;921.0;Fidesz;Fidesz;1.0;2010.0;2100.0;921.0;far-right;2010
HUN;Hungary;parliament;2010-04-25;19.3;59.0;386.0;MSZP;Magyar Szocialista Párt;Hungarian Socialist Party;2.8743;39.0;688.0;194.0;162.0;1591.0;;;;;;;non far-right;2010
HUN;Hungary;parliament;2010-04-25;16.67;47.0;386.0;Jobbik;Jobbik Magyarországért Mozgalom;Jobbik Movement for a Better Hungary;8.7;39.0;688.0;194.0;162.0;600.0;Jobbik Magyarországért Mozgalom;Jobbik;1.0;1900.0;2018.0;600.0;far-right;2010
HUN;Hungary;parliament;2010-04-25;;36.0;386.0;KDNP;Kereszténydemokrata Néppárt;Christian Democratic People's Party;7.4;39.0;688.0;194.0;162.0;434.0;;;;;;;non far-right;2010
HUN;Hungary;parliament;2010-04-25;7.48;16.0;386.0;LMP;Lehet Más a Politika;Politics Can Be Different;2.5;39.0;688.0;194.0;162.0;403.0;;;;;;;non far-right;2010
HUN;Hungary;parliament;2010-04-25;;1.0;386.0;none;független;no party affiliation;;39.0;688.0;194.0;162.0;1617.0;;;;;;;non far-right;2010
HUN;Hungary;parliament;2010-04-25;2.18;0.0;386.0;MDF;Magyar Demokrata Fórum;Hungarian Democratic Forum;6.4826;39.0;688.0;194.0;162.0;546.0;;;;;;;non far-right;2010
HUN;Hungary;parliament;2010-04-25;52.73;;386.0;Fi+KDNP;Fidesz – Magyar Polgári Szövetség / Kereszténydemokrata Néppárt;Fidesz -- Hungarian Civic Party / Christian Democratic People's Party;6.5432;39.0;688.0;194.0;162.0;437.0;;;;;;;far-right;2010
GBR;United Kingdom;parliament;2010-05-06;29.0;258.0;650.0;Lab;Labour Party;Labour;4.3562;44.0;582.0;233.0;119.0;1556.0;;;;;;;non far-right;2010
GBR;United Kingdom;parliament;2010-05-06;0.6;5.0;650.0;SF;Sinn Féin;Sinn Fein;1.3;44.0;582.0;233.0;119.0;689.0;;;;;;;non far-right;2010
GBR;United Kingdom;parliament;2010-05-06;1.7;6.0;650.0;SNP;Scottish National Party – Pàrtaidh Nàiseanta na h-Alba;Scottish National Party;3.5871;44.0;582.0;233.0;119.0;1284.0;;;;;;;non far-right;2010
GBR;United Kingdom;parliament;2010-05-06;0.6;8.0;650.0;DUP;Democratic Unionist Party;Democratic Unionist Party;7.4;44.0;582.0;233.0;119.0;319.0;Democratic Unionist Party;DUP;0.0;2100.0;2100.0;319.0;non far-right;2010
GBR;United Kingdom;parliament;2010-05-06;23.0;57.0;650.0;Lib;Liberals;Liberals;4.2875;44.0;582.0;233.0;119.0;659.0;;;;;;;non far-right;2010
GBR;United Kingdom;parliament;2010-05-06;0.6;3.0;650.0;Plaid;Plaid Cymru;Plaid Cymru;3.1183;44.0;582.0;233.0;119.0;311.0;;;;;;;non far-right;2010
GBR;United Kingdom;parliament;2010-05-06;1.0;1.0;650.0;GP;Green Party;Green Party;2.57;44.0;582.0;233.0;119.0;467.0;;;;;;;non far-right;2010
GBR;United Kingdom;parliament;2010-05-06;;1.0;650.0;etc;others;others;;44.0;582.0;233.0;119.0;453.0;;;;;;;non far-right;2010
GBR;United Kingdom;parliament;2010-05-06;0.14;1.0;650.0;one-seat;one seat;one seat;;44.0;582.0;233.0;119.0;2296.0;;;;;;;non far-right;2010
GBR;United Kingdom;parliament;2010-05-06;1.9;0.0;650.0;BNP;British National Party;British National Party;8.7;44.0;582.0;233.0;119.0;1250.0;;;;;;;non far-right;2010
GBR;United Kingdom;parliament;2010-05-06;3.1;0.0;650.0;UKIP;United Kingdom Independence Party;United Kingdom Independence Party;7.8429;44.0;582.0;233.0;119.0;1272.0;United Kingdom Independence Party;UKIP;1.0;2002.0;2100.0;1272.0;far-right;2010
GBR;United Kingdom;parliament;2010-05-06;0.4;3.0;650.0;SDLP;Social Democratic and Labour Party;Social Democratic and Labour Party;3.3;44.0;582.0;233.0;119.0;1023.0;;;;;;;non far-right;2010
GBR;United Kingdom;parliament;2010-05-06;36.1;307.0;650.0;Con;Conservatives;Conservatives;7.4261;44.0;582.0;233.0;119.0;773.0;;;;;;;non far-right;2010
CZE;Czech Republic;parliament;2010-05-29;10.88;24.0;200.0;VV;Věci veřejné;Public Affairs;6.0;68.0;599.0;50.0;157.0;336.0;Veci verejné;VV;0.0;2100.0;2100.0;336.0;non far-right;2010
CZE;Czech Republic;parliament;2010-05-29;22.08;56.0;200.0;CSSD;Česká strana sociálně demokratická;Czech Social Democratic Party;3.0463;68.0;599.0;50.0;157.0;789.0;;;;;;;non far-right;2010
CZE;Czech Republic;parliament;2010-05-29;20.22;53.0;200.0;ODS;Občanská demokratická strana;Civic Democratic Party;7.3637;68.0;599.0;50.0;157.0;829.0;;;;;;;non far-right;2010
CZE;Czech Republic;parliament;2010-05-29;16.7;38.0;200.0;TOP09;Tradice Odpovědnost Prosperita 09;Tradition Responsibility Prosperity 09;7.4;68.0;599.0;50.0;157.0;2.0;;;;;;;non far-right;2010
CZE;Czech Republic;parliament;2010-05-29;11.27;26.0;200.0;KSCM;Komunistická strana Cech a Moravy;Communist Party of Bohemia and Moravia;0.7498;68.0;599.0;50.0;157.0;1173.0;Komunistická strana Cech a Moravy;KSCM;0.0;2100.0;2100.0;1173.0;non far-right;2010
CZE;Czech Republic;parliament;2010-05-29;;3.0;200.0;STAN;Starostové a nezávislí;Mayors and Independents;6.0;68.0;599.0;50.0;157.0;2024.0;;;;;;;non far-right;2010
CZE;Czech Republic;parliament;2010-05-29;3.67;0.0;200.0;S-JB;Suverenita – blok Jany Bobošíkové;Sovereignty -- Jana Bobosikova Bloc;8.7;68.0;599.0;50.0;157.0;1613.0;;;;;;;non far-right;2010
CZE;Czech Republic;parliament;2010-05-29;2.44;0.0;200.0;SZ;Strana zelených;Green Party;4.123;68.0;599.0;50.0;157.0;196.0;;;;;;;non far-right;2010
CZE;Czech Republic;parliament;2010-05-29;4.39;0.0;200.0;KDU-CSL;Křesťanská a demokratická unie – Československá strana lidová;Christian Democratic Union -- People's Party;5.8099;68.0;599.0;50.0;157.0;1245.0;;;;;;;non far-right;2010
CZE;Czech Republic;parliament;2010-05-29;1.14;0.0;200.0;DSSS;Dělnická strana sociální spravedlnosti;Workers' Party of Social Justice;8.7;68.0;599.0;50.0;157.0;795.0;;;;;;;non far-right;2010
CZE;Czech Republic;parliament;2010-05-29;4.33;0.0;200.0;SPOZ;Strana práv občanů – Zemanovci;Party of Civic Rights -- Zemanovci;3.3;68.0;599.0;50.0;157.0;406.0;;;;;;;non far-right;2010
NLD;Netherlands;parliament;2010-06-09;0.56;0.0;150.0;no-seat;no seat;no seat;;8.0;530.0;578.0;652.0;2110.0;;;;;;;non far-right;2010
NLD;Netherlands;parliament;2010-06-09;1.74;2.0;150.0;SGP;Staatkundig Gereformeerde Partij;Political Reformed Party;8.7531;8.0;530.0;578.0;652.0;1251.0;;;;;;;non far-right;2010
NLD;Netherlands;parliament;2010-06-09;1.3;2.0;150.0;PvdD;Partij voor de Dieren;Party for the Animals;;8.0;530.0;578.0;652.0;990.0;;;;;;;non far-right;2010
NLD;Netherlands;parliament;2010-06-09;3.24;5.0;150.0;CU;ChristenUnie;ChristianUnion;6.1732;8.0;530.0;578.0;652.0;1206.0;;;;;;;non far-right;2010
NLD;Netherlands;parliament;2010-06-09;6.67;10.0;150.0;GL;GroenLinks;GreenLeft;2.0454;8.0;530.0;578.0;652.0;756.0;;;;;;;non far-right;2010
NLD;Netherlands;parliament;2010-06-09;9.82;15.0;150.0;SP;Socialistiese Partij;Socialist Party;1.3682;8.0;530.0;578.0;652.0;357.0;Socialistiese Partij;SP;0.0;2100.0;2100.0;357.0;non far-right;2010
NLD;Netherlands;parliament;2010-06-09;6.95;10.0;150.0;D66;Democraten 66;Democrats 66;4.5066;8.0;530.0;578.0;652.0;345.0;;;;;;;non far-right;2010
NLD;Netherlands;parliament;2010-06-09;15.45;24.0;150.0;PVV;Partij voor de Vrijheid;Party for Freedom;8.8;8.0;530.0;578.0;652.0;1501.0;Partij voor de Vrijheid;PVV;1.0;1900.0;2100.0;1501.0;far-right;2010
NLD;Netherlands;parliament;2010-06-09;19.63;30.0;150.0;PvdA;Partij van de Arbeid;Labour Party;3.6118;8.0;530.0;578.0;652.0;742.0;;;;;;;non far-right;2010
NLD;Netherlands;parliament;2010-06-09;20.49;31.0;150.0;VVD;Volkspartij voor Vrijheid en Democratie;People's Party for Freedom and Democracy;7.3482;8.0;530.0;578.0;652.0;1409.0;;;;;;;non far-right;2010
NLD;Netherlands;parliament;2010-06-09;13.61;21.0;150.0;CDA;Christen Democratisch Appèl;Christian Democratic Appeal;5.9376;8.0;530.0;578.0;652.0;235.0;;;;;;;non far-right;2010
SVK;Slovakia;parliament;2010-06-12;8.12;10.0;150.0;MH;Most-Híd;Most-Hid;7.4;1.0;524.0;192.0;269.0;1620.0;;;;;;;non far-right;2010
SVK;Slovakia;parliament;2010-06-12;15.42;28.0;150.0;SDKU-DS;Slovenská demokratická a kresťanská únia – Demokratická strana;Slovak Democratic and Christian Union -- Democratic Party;7.3591;1.0;524.0;192.0;269.0;131.0;;;;;;;non far-right;2010
SVK;Slovakia;parliament;2010-06-12;34.79;62.0;150.0;Smer;Smer – sociálna demokracia;Direction -- Social Democracy;3.3799;1.0;524.0;192.0;269.0;220.0;Smer – Slovenská Sociálna Demokracia;Smer;0.0;2100.0;2100.0;220.0;non far-right;2010
SVK;Slovakia;parliament;2010-06-12;4.33;0.0;150.0;MK;Maďarskej koalície – Magyar koalíció;Hungarian Coalition;6.5005;1.0;524.0;192.0;269.0;559.0;;;;;;;non far-right;2010
SVK;Slovakia;parliament;2010-06-12;1.33;0.0;150.0;LsNS;Ľudová strana Naše Slovensko;People's Party Our Slovakia;8.7;1.0;524.0;192.0;269.0;586.0;Kotlebovci – Ludová Strana Naše Slovensko;L'SNS;1.0;1900.0;2100.0;586.0;far-right;2010
SVK;Slovakia;parliament;2010-06-12;4.32;0.0;150.0;HZDS;Hnutie za demokratické Slovensko;Movement for a Democratic Slovakia;4.8914;1.0;524.0;192.0;269.0;1142.0;Hnutie za Demokratické Slovensko;HZDS / ĽS-HZDS;0.0;2100.0;2100.0;1142.0;non far-right;2010
SVK;Slovakia;parliament;2010-06-12;2.41;0.0;150.0;SDL-05;Strana demokratickej ľavice – 2005;Party of the Democratic Left -- 2005;3.3;1.0;524.0;192.0;269.0;2317.0;;;;;;;non far-right;2010
SVK;Slovakia;parliament;2010-06-12;5.07;9.0;150.0;SNS;Slovenská národná strana;Slovak National Party;7.0198;1.0;524.0;192.0;269.0;1072.0;Slovenská Národná Strana;SNS;1.0;1900.0;2100.0;1072.0;far-right;2010
SVK;Slovakia;parliament;2010-06-12;;4.0;150.0;OLaNO;Obyčajní ľudia a nezávislé osobnosti;Ordinary People and Independent;7.4;1.0;524.0;192.0;269.0;1759.0;Hnutie Slovensko;Hnutie Slovensko;0.0;2100.0;2100.0;1759.0;non far-right;2010
SVK;Slovakia;parliament;2010-06-12;;4.0;150.0;OKS;Obcianska konzervatívna strana;Civic Conservative Party;8.4211;1.0;524.0;192.0;269.0;1645.0;;;;;;;non far-right;2010
SVK;Slovakia;parliament;2010-06-12;8.52;15.0;150.0;KDH;Kresťanskodemokratické hnutie;Christian Democratic Movement;7.1082;1.0;524.0;192.0;269.0;1432.0;;;;;;;non far-right;2010
SVK;Slovakia;parliament;2010-06-12;12.14;18.0;150.0;SaS;Sloboda a solidarita;Freedom and Solidarity;6.0;1.0;524.0;192.0;269.0;1460.0;;;;;;;non far-right;2010
BEL;Belgium;parliament;2010-06-13;10.85;17.0;150.0;CVP|CD&V;Christelijke Volkspartij | Christen-Democratisch en Vlaams;Flemish Christian Peoples Party | Christian Democrats & Flemish;5.7667;64.0;486.0;401.0;431.0;723.0;;;;;;;non far-right;2010
BEL;Belgium;parliament;2010-06-13;4.38;5.0;150.0;AGL-Gr;Agalev – Groen;Agalev -- Green;2.5762;64.0;486.0;401.0;431.0;1594.0;;;;;;;non far-right;2010
BEL;Belgium;parliament;2010-06-13;4.8;8.0;150.0;Ecolo;Écologistes Confédérés pour l'organisation de luttes originales;Confederated ecologists for the organisation of original struggles;2.641;64.0;486.0;401.0;431.0;161.0;;;;;;;non far-right;2010
BEL;Belgium;parliament;2010-06-13;5.52;9.0;150.0;PSC-CDH;Parti Social Chrétien – Centre Democrate Humaniste;Francophone Christian Social Party -- Humanist Democratic Centre;5.4974;64.0;486.0;401.0;431.0;1192.0;;;;;;;non far-right;2010
BEL;Belgium;parliament;2010-06-13;1.55;0.0;150.0;PA-PTB;Partij van de Arbeid – Parti du Travail de Belgique;Workers' Party of Belgium;1.3;64.0;486.0;401.0;431.0;256.0;Partij van de Arbeid – Parti du Travail;PVDA/PTB;0.0;2100.0;2100.0;256.0;non far-right;2010
BEL;Belgium;parliament;2010-06-13;7.76;12.0;150.0;VB;Vlaams Blok | Vlaams Belang;Flemish Block | Flemish Interest;9.6622;64.0;486.0;401.0;431.0;993.0;Vlaams Belang;VB;1.0;1900.0;2100.0;993.0;far-right;2010
BEL;Belgium;parliament;2010-06-13;9.24;13.0;150.0;SP;Socialistische Partij;Socialist Party;3.2459;64.0;486.0;401.0;431.0;1029.0;;;;;;;non far-right;2010
BEL;Belgium;parliament;2010-06-13;2.31;1.0;150.0;LD|LDD;Lijst Dedecker | Libertair, Direct, Democratisch;List Dedecker | Libertarian, Direct, Democratic;6.0;64.0;486.0;401.0;431.0;221.0;Lijst Dedecker;LDD;0.0;2100.0;2100.0;221.0;non far-right;2010
BEL;Belgium;parliament;2010-06-13;1.29;1.0;150.0;Pp;Parti populaire;People's Party;7.4;64.0;486.0;401.0;431.0;438.0;Parti populaire;PP;1.0;1900.0;2100.0;438.0;far-right;2010
BEL;Belgium;parliament;2010-06-13;9.28;18.0;150.0;MR;Mouvement Réformateur;Reformist Movement;6.6889;64.0;486.0;401.0;431.0;915.0;;;;;;;non far-right;2010
BEL;Belgium;parliament;2010-06-13;13.7;26.0;150.0;PS;Parti Socialiste;Socialist Party [Francophone];2.9307;64.0;486.0;401.0;431.0;1378.0;;;;;;;non far-right;2010
BEL;Belgium;parliament;2010-06-13;17.4;27.0;150.0;N-VA;Nieuw-Vlaamse Alliantie;New Flemish Alliance;6.5321;64.0;486.0;401.0;431.0;501.0;Nieuw-Vlaamse Alliantie;N-VA;1.0;2019.0;2025.0;501.0;non far-right;2010
BEL;Belgium;parliament;2010-06-13;8.64;13.0;150.0;PVV|VLD;Partij voor Vrijheid en Vooruitgang | Vlaamse Liberalen en Democraten;Party of Liberty and Progress | Flemish Liberals and Democrats;7.0053;64.0;486.0;401.0;431.0;1110.0;;;;;;;non far-right;2010
SWE;Sweden;parliament;2010-09-19;0.65;0.0;349.0;Pi;Piratpartiet;Pirate Party;;35.0;512.0;629.0;475.0;721.0;;;;;;;non far-right;2010
SWE;Sweden;parliament;2010-09-19;6.56;23.0;349.0;C;Centerpartiet;Centre Party;5.8084;35.0;512.0;629.0;475.0;1461.0;;;;;;;non far-right;2010
SWE;Sweden;parliament;2010-09-19;5.6;19.0;349.0;V;Vänsterpartiet (kommunisterna);Left Party (Communists);1.5464;35.0;512.0;629.0;475.0;882.0;Vänsterpartiet;V;0.0;2100.0;2100.0;882.0;non far-right;2010
SWE;Sweden;parliament;2010-09-19;30.66;112.0;349.0;SAP;Socialdemokraterna;Social Democrats;3.4447;35.0;512.0;629.0;475.0;904.0;;;;;;;non far-right;2010
SWE;Sweden;parliament;2010-09-19;30.06;107.0;349.0;M;Moderaterna;Moderate Party;7.8907;35.0;512.0;629.0;475.0;657.0;;;;;;;non far-right;2010
SWE;Sweden;parliament;2010-09-19;7.34;25.0;349.0;MP;Miljöpartiet de Gröna;Greens;3.3789;35.0;512.0;629.0;475.0;1154.0;;;;;;;non far-right;2010
SWE;Sweden;parliament;2010-09-19;7.06;24.0;349.0;FP;Folkpartiet;People's Party;6.2906;35.0;512.0;629.0;475.0;892.0;;;;;;;non far-right;2010
SWE;Sweden;parliament;2010-09-19;5.7;20.0;349.0;SD;Sverigedemokraterna;Sweden Democrats;8.7;35.0;512.0;629.0;475.0;1546.0;Sverigedemokraterna;SD;1.0;1900.0;2100.0;1546.0;far-right;2010
SWE;Sweden;parliament;2010-09-19;5.6;19.0;349.0;KD;Kristdemokraterna;Christian Democrats;7.195;35.0;512.0;629.0;475.0;282.0;;;;;;;non far-right;2010
LVA;Latvia;parliament;2010-10-02;7.84;8.0;100.0;NA/TB/LNNK;Nacionālā apvienība / Tēvzemei un Brīvībai / LNNK;National Alliance / For Fatherland and Freedom / LNNK;8.2588;55.0;690.0;52.0;519.0;521.0;Nacionālā Apvienība;;1.0;1900.0;2100.0;521.0;far-right;2010
LVA;Latvia;parliament;2010-10-02;7.82;8.0;100.0;PLL;Par Labu Latviju!;For a Good Latvia;7.4;55.0;690.0;52.0;519.0;1667.0;;;;;;;non far-right;2010
LVA;Latvia;parliament;2010-10-02;1.47;0.0;100.0;PCTVL;Par cilvēka tiesībām vienotā Latvijā;For Human Rights in a United Latvia;1.25;55.0;690.0;52.0;519.0;1520.0;;;;;;;non far-right;2010
LVA;Latvia;parliament;2010-10-02;26.61;29.0;100.0;S;Saskaņas;Harmony;3.0;55.0;690.0;52.0;519.0;1100.0;;;;;;;non far-right;2010
LVA;Latvia;parliament;2010-10-02;31.9;33.0;100.0;V;Vienotība;Unity;7.4;55.0;690.0;52.0;519.0;1666.0;;;;;;;non far-right;2010
LVA;Latvia;parliament;2010-10-02;20.11;22.0;100.0;ZZS;Zaļo un Zemnieku savienība;Green and Farmers' Union;5.2632;55.0;690.0;52.0;519.0;466.0;;;;;;;non far-right;2010
IRL;Ireland;parliament;2011-02-25;1.85;0.0;166.0;Green;Green Party  – Comhaontas Glas;Green Party;2.435;37.0;698.0;190.0;173.0;1573.0;;;;;;;non far-right;2011
IRL;Ireland;parliament;2011-02-25;36.1;76.0;166.0;FG;Fine Gael;Fine Gael (Family of the Irish);6.4372;37.0;698.0;190.0;173.0;1393.0;;;;;;;non far-right;2011
IRL;Ireland;parliament;2011-02-25;19.45;37.0;166.0;Lab;Labour Party;Labour Party;3.6252;37.0;698.0;190.0;173.0;318.0;;;;;;;non far-right;2011
IRL;Ireland;parliament;2011-02-25;17.45;20.0;166.0;FF;Fianna Fáil;Fianna Fail;6.0713;37.0;698.0;190.0;173.0;280.0;;;;;;;non far-right;2011
IRL;Ireland;parliament;2011-02-25;12.17;14.0;166.0;none;no party affiliation;no party affiliation;;37.0;698.0;190.0;173.0;30.0;;;;;;;non far-right;2011
IRL;Ireland;parliament;2011-02-25;9.94;14.0;166.0;SF;Sinn Féin;Sinn Fein;2.7935;37.0;698.0;190.0;173.0;2217.0;Sinn Féin;SF;0.0;2100.0;2100.0;2217.0;non far-right;2011
IRL;Ireland;parliament;2011-02-25;1.21;2.0;166.0;SP;Socialist Party;Socialist Party;1.3;37.0;698.0;190.0;173.0;1014.0;Socialist Party;SP;0.0;2100.0;2100.0;1014.0;non far-right;2011
IRL;Ireland;parliament;2011-02-25;0.97;2.0;166.0;PBPA;People Before Profit Alliance;People Before Profit Alliance;1.3;37.0;698.0;190.0;173.0;1804.0;;;;;;;non far-right;2011
IRL;Ireland;parliament;2011-02-25;0.5;1.0;166.0;one-seat;one seat;one seat;;37.0;698.0;190.0;173.0;2298.0;;;;;;;non far-right;2011
EST;Estonia;parliament;2011-03-06;23.3;26.0;101.0;EK;Eesti Keskerakond;Estonian Centre Party;3.9562;75.0;699.0;83.0;902.0;1137.0;Eesti Keskerakond;EK;0.0;2100.0;2100.0;1137.0;non far-right;2011
EST;Estonia;parliament;2011-03-06;28.6;33.0;101.0;ERe;Eesti Reformierakond;Estonian Reform Party;7.8969;75.0;699.0;83.0;902.0;113.0;;;;;;;non far-right;2011
EST;Estonia;parliament;2011-03-06;17.1;19.0;101.0;SDE|M;Sotsiaaldemokraatlik Erakond | Mõõdukad;Social Democratic Party | Moderates;4.1915;75.0;699.0;83.0;902.0;1448.0;;;;;;;non far-right;2011
EST;Estonia;parliament;2011-03-06;2.1;0.0;101.0;ERa/EKR;Eestimaa Rahvalliit / Eesti Konservatiivne Rahvaerakond;People's Union of Estonia / Conservative People's Party;4.5812;75.0;699.0;83.0;902.0;417.0;Eesti Konservatiivne Rahvaerakond;EKRE;1.0;1900.0;2100.0;417.0;far-right;2011
EST;Estonia;parliament;2011-03-06;20.5;23.0;101.0;IRL;Erakond Isamaa ja Res Publica Liit;Pro Patria and Res Publica Union;8.4962;75.0;699.0;83.0;902.0;1597.0;;;;;;;non far-right;2011
EST;Estonia;parliament;2011-03-06;3.8;0.0;101.0;EER;Erakond Eestimaa Rohelised;Estonian Greens;2.5;75.0;699.0;83.0;902.0;219.0;;;;;;;non far-right;2011
FIN;Finland;parliament;2011-04-17;0.2;1.0;200.0;AS;Åländsk Samling;Aland Coalition;;67.0;700.0;314.0;383.0;66.0;;;;;;;non far-right;2011
FIN;Finland;parliament;2011-04-17;0.5;0.0;200.0;Pi;Piraattipuolue;Pirate Party Finland;;67.0;700.0;314.0;383.0;2412.0;;;;;;;non far-right;2011
FIN;Finland;parliament;2011-04-17;4.0;6.0;200.0;KD;Kristillisdemokraatit – Kristdemokraterna;Christian Democrats;7.1884;67.0;700.0;314.0;383.0;1463.0;;;;;;;non far-right;2011
FIN;Finland;parliament;2011-04-17;8.1;14.0;200.0;DL|VAS;Demokraattinen Liitto – Demokratiska Förbundet | Vasemmistoliitto – Vänsterförbundet;Democratic Union | Left Alliance;2.1843;67.0;700.0;314.0;383.0;1292.0;Demokraattinen Liitto | Vasemmistoliitto;VAS;0.0;2100.0;2100.0;1292.0;non far-right;2011
FIN;Finland;parliament;2011-04-17;15.8;35.0;200.0;KESK;Keskusta;Centre Party;5.8027;67.0;700.0;314.0;383.0;94.0;;;;;;;non far-right;2011
FIN;Finland;parliament;2011-04-17;19.1;39.0;200.0;SP|P;Suomen Puolue | Perussuomalaiset;Finnish Party | True Finns;6.6331;67.0;700.0;314.0;383.0;200.0;Suomen Maaseudun Puolue | Perussuomalaiset;PS;1.0;1900.0;2100.0;200.0;far-right;2011
FIN;Finland;parliament;2011-04-17;4.3;9.0;200.0;RKP-SFP;Ruotsalainen Kansanpuolue – Svenska Folkepartiet i Finland;Swedish People's Party;6.3906;67.0;700.0;314.0;383.0;585.0;;;;;;;non far-right;2011
FIN;Finland;parliament;2011-04-17;7.3;10.0;200.0;VIHR;Vihreä Liitto – Gröna Förbundet;Green League;3.6465;67.0;700.0;314.0;383.0;1062.0;;;;;;;non far-right;2011
FIN;Finland;parliament;2011-04-17;20.4;44.0;200.0;KOK;Kansallinen Kokoomus – Samlingspartiet;National Coalition Party;7.2451;67.0;700.0;314.0;383.0;1118.0;;;;;;;non far-right;2011
FIN;Finland;parliament;2011-04-17;19.1;42.0;200.0;SSDP;Suomen Sosialidemokraattinen Puolue – Finlands Socialdemokratiska Parti;Social Democratic Party of Finland;3.5595;67.0;700.0;314.0;383.0;395.0;;;;;;;non far-right;2011
CYP;Cyprus;parliament;2011-05-22;34.28;20.0;56.0;DISY;Dimokratikós Sinayermós;Democratic Rally;8.6842;51.0;701.0;556.0;908.0;1575.0;;;;;;;non far-right;2011
CYP;Cyprus;parliament;2011-05-22;32.67;19.0;56.0;AKEL;Anorthotikó Kómma Ergazómenou Laoú;Progressive Party of Working People;1.0526;51.0;701.0;556.0;908.0;572.0;Anorthotikó Kómma Ergazómenou Laoú;AKEL;0.0;2100.0;2100.0;572.0;non far-right;2011
CYP;Cyprus;parliament;2011-05-22;15.76;9.0;56.0;DIKO;Dimokratikó Kómma;Democratic Party;5.1316;51.0;701.0;556.0;908.0;851.0;;;;;;;non far-right;2011
CYP;Cyprus;parliament;2011-05-22;8.93;5.0;56.0;EDEK;Kinima Sosialdimokraton EDEK;Movement for Social Democracy EDEK;3.2895;51.0;701.0;556.0;908.0;945.0;;;;;;;non far-right;2011
CYP;Cyprus;parliament;2011-05-22;3.88;2.0;56.0;EK;Evropaiko Komma;European Party;6.0;51.0;701.0;556.0;908.0;491.0;EVROKO;EVROKO;1.0;1900.0;2100.0;491.0;far-right;2011
CYP;Cyprus;parliament;2011-05-22;1.08;0.0;56.0;ELAM;Ethniko Laiko Metopo;National Popular Front;8.7;51.0;701.0;556.0;908.0;1768.0;Ethniko Laiko Metopo;ELAM;1.0;1900.0;2100.0;1768.0;far-right;2011
CYP;Cyprus;parliament;2011-05-22;2.21;1.0;56.0;KOP;Kinima Oikologoi Perivallontistoi;Ecological and Environmental Movement;5.7895;51.0;701.0;556.0;908.0;1621.0;;;;;;;non far-right;2011
PRT;Portugal;parliament;2011-06-05;12.21;24.0;230.0;CDS-PP;Centro Democrático e Social – Partido Popular;Democratic and Social Centre -- People's Party;8.0222;63.0;702.0;405.0;858.0;251.0;;;;;;;non far-right;2011
PRT;Portugal;parliament;2011-06-05;8.23;16.0;230.0;CDU;Coligação Democrático Unitária;Unified Democratic Coalition;2.2233;63.0;702.0;405.0;858.0;1295.0;;;;;;;non far-right;2011
PRT;Portugal;parliament;2011-06-05;5.39;8.0;230.0;BE;Bloco de Esquerda;Bloc of the Left;1.6425;63.0;702.0;405.0;858.0;557.0;Bloco de Esquerda;BE;0.0;2100.0;2100.0;557.0;non far-right;2011
PRT;Portugal;parliament;2011-06-05;1.17;0.0;230.0;PCTP/MRPP;Comunista dos Trabalhadores Portugueses / Movimento Reorganizativo do Partido do Proletariado;Communist Party of the Portuguese Workers / Reorganizative Movement of the Party of the Proletariat;1.3;63.0;702.0;405.0;858.0;281.0;;;;;;;non far-right;2011
PRT;Portugal;parliament;2011-06-05;1.08;0.0;230.0;PAN;Partido pelos Animais e pela Natureza;Party for Animals and Nature;2.5;63.0;702.0;405.0;858.0;1781.0;;;;;;;non far-right;2011
PRT;Portugal;parliament;2011-06-05;29.24;74.0;230.0;PS;Partido Socialista;Socialist Party;4.0492;63.0;702.0;405.0;858.0;725.0;;;;;;;non far-right;2011
PRT;Portugal;parliament;2011-06-05;40.31;108.0;230.0;PSD;Partido Social Democrata;Social Democratic Party;6.2949;63.0;702.0;405.0;858.0;1273.0;;;;;;;non far-right;2011
DNK;Denmark;parliament;2011-09-15;9.5;17.0;179.0;RV;Det Radikale Venstre;Danish Social Liberal Party;4.8736;21.0;722.0;174.0;71.0;211.0;;;;;;;non far-right;2011
DNK;Denmark;parliament;2011-09-15;9.2;16.0;179.0;SF;Socialistisk Folkeparti;Socialist Peoples Party;2.1347;21.0;722.0;174.0;71.0;1644.0;Socialistisk Folkeparti;SF;0.0;2100.0;2100.0;1644.0;non far-right;2011
DNK;Denmark;parliament;2011-09-15;26.7;47.0;179.0;V;Venstre;Liberal Party;7.292;21.0;722.0;174.0;71.0;1605.0;;;;;;;non far-right;2011
DNK;Denmark;parliament;2011-09-15;4.9;8.0;179.0;KF;Konservative;Conservatives;7.2186;21.0;722.0;174.0;71.0;590.0;;;;;;;non far-right;2011
DNK;Denmark;parliament;2011-09-15;6.7;12.0;179.0;En-O;Enhedslisten – De Rød-Grønne;Red-Green Alliance;0.8912;21.0;722.0;174.0;71.0;306.0;Enhedslisten – De Rød-Grønne;En-O;0.0;2100.0;2100.0;306.0;non far-right;2011
DNK;Denmark;parliament;2011-09-15;5.0;9.0;179.0;NLA;Ny-Liberal Alliance;New-Liberal Alliance;6.0;21.0;722.0;174.0;71.0;376.0;;;;;;;non far-right;2011
DNK;Denmark;parliament;2011-09-15;;1.0;179.0;IA;Inuit Ataqatigiit;Community of the People;1.3;21.0;722.0;174.0;71.0;1891.0;;;;;;;non far-right;2011
DNK;Denmark;parliament;2011-09-15;;1.0;179.0;Si;Siumut;Forward (Greenland);3.3;21.0;722.0;174.0;71.0;74.0;;;;;;;non far-right;2011
DNK;Denmark;parliament;2011-09-15;;1.0;179.0;Sbf;Sambandsflokkurin;Union Party (Faroe Islands);7.4;21.0;722.0;174.0;71.0;1892.0;;;;;;;non far-right;2011
DNK;Denmark;parliament;2011-09-15;;1.0;179.0;Jf;Javnaðarflokkurin;Social Democratic Party (Faroe Islands);3.3;21.0;722.0;174.0;71.0;1894.0;;;;;;;non far-right;2011
DNK;Denmark;parliament;2011-09-15;0.78;0.0;179.0;KrF;Kristeligt Folkeparti;Christian People's Party;5.6982;21.0;722.0;174.0;71.0;1331.0;;;;;;;non far-right;2011
DNK;Denmark;parliament;2011-09-15;24.8;44.0;179.0;Sd;Socialdemokraterne;Social Democrats;3.8011;21.0;722.0;174.0;71.0;1629.0;;;;;;;non far-right;2011
DNK;Denmark;parliament;2011-09-15;12.3;22.0;179.0;DF;Dansk Folkeparti;Danish People's Party;8.2269;21.0;722.0;174.0;71.0;1418.0;Dansk Folkeparti;DF;1.0;1900.0;2100.0;1418.0;far-right;2011
LVA;Latvia;parliament;2011-09-17;2.41;0.0;100.0;LPP/LC;Latvijas Pirmā partija / Latvijas Ceļš;Latvian First Party / Latvian Way Party;7.4;55.0;765.0;690.0;882.0;662.0;;;;;;;non far-right;2011
LVA;Latvia;parliament;2011-09-17;12.22;13.0;100.0;ZZS;Zaļo un Zemnieku savienība;Green and Farmers' Union;5.2632;55.0;765.0;690.0;882.0;466.0;;;;;;;non far-right;2011
LVA;Latvia;parliament;2011-09-17;13.88;14.0;100.0;NA/TB/LNNK;Nacionālā apvienība / Tēvzemei un Brīvībai / LNNK;National Alliance / For Fatherland and Freedom / LNNK;8.2588;55.0;765.0;690.0;882.0;521.0;Nacionālā Apvienība;;1.0;1900.0;2100.0;521.0;far-right;2011
LVA;Latvia;parliament;2011-09-17;18.83;20.0;100.0;V;Vienotība;Unity;7.4;55.0;765.0;690.0;882.0;1666.0;;;;;;;non far-right;2011
LVA;Latvia;parliament;2011-09-17;20.83;22.0;100.0;RP;Reformu partija;Reform Party;7.4;55.0;765.0;690.0;882.0;1942.0;Reformu partija;RP;0.0;2100.0;2100.0;1942.0;non far-right;2011
LVA;Latvia;parliament;2011-09-17;28.36;31.0;100.0;S;Saskaņas;Harmony;3.0;55.0;765.0;690.0;882.0;1100.0;;;;;;;non far-right;2011
POL;Poland;parliament;2011-10-09;10.02;40.0;460.0;RP;Twój Ruch (Palikota);Your (Palikot's) Movement;6.0;74.0;766.0;560.0;164.0;1945.0;;;;;;;non far-right;2011
POL;Poland;parliament;2011-10-09;39.18;207.0;460.0;PO;Platforma Obywatelska;Civic Platform;6.2355;74.0;766.0;560.0;164.0;512.0;;;;;;;non far-right;2011
POL;Poland;parliament;2011-10-09;1.06;0.0;460.0;UPR|KNP;Unia Polityki Realnej | Kongres Nowej Prawicy;Real Politics Union | Congress of the New Right;9.7368;74.0;766.0;560.0;164.0;1549.0;Unia Polityki Realnej;UPR;1.0;1900.0;2100.0;1549.0;far-right;2011
POL;Poland;parliament;2011-10-09;29.89;157.0;460.0;PiS;Prawo i Sprawiedliwość;Law and Justice;7.6997;74.0;766.0;560.0;164.0;528.0;Prawo i Sprawiedliwosc;PiS;1.0;2005.0;2100.0;528.0;far-right;2011
POL;Poland;parliament;2011-10-09;2.19;0.0;460.0;PjN;Polska jest Najważniejsza;Poland is the Most Important;7.4;74.0;766.0;560.0;164.0;1679.0;;;;;;;non far-right;2011
POL;Poland;parliament;2011-10-09;0.19;1.0;460.0;MN;Mniejszość niemiecka w Polsce;German minority;;74.0;766.0;560.0;164.0;900.0;;;;;;;non far-right;2011
POL;Poland;parliament;2011-10-09;8.24;27.0;460.0;SLD;Sojusz Lewicy Demokratycznej;Democratic Left Alliance;2.8299;74.0;766.0;560.0;164.0;629.0;;;;;;;non far-right;2011
POL;Poland;parliament;2011-10-09;8.36;28.0;460.0;PSL;Polskie Stronnictwo Ludowe;Polish People's Party;4.1856;74.0;766.0;560.0;164.0;664.0;;;;;;;non far-right;2011
CHE;Switzerland;parliament;2011-10-23;15.1;30.0;200.0;FDP-PRD;Freisinnig-Demokratische Partei der Schweiz – Parti Radical-Democratique Suisse;Radical Democratic Party;6.3249;40.0;779.0;310.0;903.0;26.0;;;;;;;non far-right;2011
CHE;Switzerland;parliament;2011-10-23;12.3;28.0;200.0;KK/CVP;Katholische Konservative / Christlichdemokratische Volkspartei – Conservateurs catholiques  /  Parti démocrate-chrétien;Catholic Conservative / Christian Democratic People's Party;4.7288;40.0;779.0;310.0;903.0;531.0;;;;;;;non far-right;2011
CHE;Switzerland;parliament;2011-10-23;26.56;54.0;200.0;SVP-UDC;Schweizerische Volkspartei – Union Démocratique du Centre;Swiss People's Party;7.3575;40.0;779.0;310.0;903.0;750.0;Schweizerische Volkspartei;SVP;1.0;1900.0;2100.0;750.0;far-right;2011
CHE;Switzerland;parliament;2011-10-23;5.38;12.0;200.0;GPL-PVL;Grünliberale Partei der Schweiz – Parti Vert-Libéral;Green Liberal Party;2.5;40.0;779.0;310.0;903.0;308.0;;;;;;;non far-right;2011
CHE;Switzerland;parliament;2011-10-23;5.42;9.0;200.0;BDP;Bürgerlich–Demokratische Partei (BDP) Graubünden;Conservative Democratic Party of Switzerland;7.4;40.0;779.0;310.0;903.0;1213.0;;;;;;;non far-right;2011
CHE;Switzerland;parliament;2011-10-23;1.27;0.0;200.0;EDU-UDF;Eidgenössisch-Demokratische Union – Union Démocratique Fédérale;Federal Democratic Union of Switzerland;8.6579;40.0;779.0;310.0;903.0;1318.0;Eidgenössisch-Demokratische Union;EDU;1.0;1900.0;2100.0;1318.0;far-right;2011
CHE;Switzerland;parliament;2011-10-23;2.0;2.0;200.0;EVP-PEP;Evangelische Volkspartei der Schweiz – Parti Populaire Evangelique Suisse;Protestant Peoples Party;4.9248;40.0;779.0;310.0;903.0;602.0;;;;;;;non far-right;2011
CHE;Switzerland;parliament;2011-10-23;0.8;2.0;200.0;LdT;Lega dei Ticinesi;Ticino League;8.7;40.0;779.0;310.0;903.0;1500.0;Lega dei Ticinesi;LdT;1.0;1900.0;2100.0;1500.0;far-right;2011
CHE;Switzerland;parliament;2011-10-23;;1.0;200.0;one-seat;one seat;one seat;;40.0;779.0;310.0;903.0;2303.0;;;;;;;non far-right;2011
CHE;Switzerland;parliament;2011-10-23;18.72;46.0;200.0;SP-PS;Sozialdemokratische Partei der Schweiz – Parti Socialiste Suisse;Social Democratic Party of Switzerland;1.8319;40.0;779.0;310.0;903.0;35.0;;;;;;;non far-right;2011
CHE;Switzerland;parliament;2011-10-23;8.43;15.0;200.0;Grue;Grüne – Écologiste;Greens;1.6886;40.0;779.0;310.0;903.0;141.0;;;;;;;non far-right;2011
CHE;Switzerland;parliament;2011-10-23;0.44;1.0;200.0;MCR;Mouvement Citoyens Genevois;Geneva Citizens' Movement;8.7;40.0;779.0;310.0;903.0;2599.0;Mouvement Citoyens Genevois;MCG;1.0;1900.0;2100.0;2599.0;far-right;2011
ESP;Spain;parliament;2011-11-20;4.23;16.0;350.0;CiU;Convergència i Unió;Convergence and Union;6.2564;27.0;777.0;500.0;497.0;894.0;;;;;;;non far-right;2011
ESP;Spain;parliament;2011-11-20;41.9;186.0;350.0;AP-P;Alianza-Partido Popular;People's Alliance-Party;7.5969;27.0;777.0;500.0;497.0;645.0;;;;;;;non far-right;2011
ESP;Spain;parliament;2011-11-20;29.16;110.0;350.0;PSOE;Partido Socialista Obrero Español;Spanish Socialist Workers Party;3.7377;27.0;777.0;500.0;497.0;902.0;;;;;;;non far-right;2011
ESP;Spain;parliament;2011-11-20;7.02;11.0;350.0;PCE|IU;Partido Communista | Izquierda Unida;Communist Party | United Left;2.0183;27.0;777.0;500.0;497.0;118.0;Izquierda Unida;IU;0.0;2100.0;2100.0;118.0;non far-right;2011
ESP;Spain;parliament;2011-11-20;1.39;7.0;350.0;EA;Eusko Alkartasuna;Basque Solidarity;4.3115;27.0;777.0;500.0;497.0;845.0;;;;;;;non far-right;2011
ESP;Spain;parliament;2011-11-20;1.35;5.0;350.0;PNV;Partido Nacionalista Vasco – Euzko Alderdi Jeltzalea;Basque Nationalist Party;6.2144;27.0;777.0;500.0;497.0;1361.0;;;;;;;non far-right;2011
ESP;Spain;parliament;2011-11-20;1.07;3.0;350.0;ERC;Esquerra Republicana de Catalunya;Republican Left of Catalonia;3.1072;27.0;777.0;500.0;497.0;757.0;;;;;;;non far-right;2011
ESP;Spain;parliament;2011-11-20;4.76;5.0;350.0;UPyD;Unión Progreso y Democracia;Union, Progress and Democracy;6.0;27.0;777.0;500.0;497.0;551.0;;;;;;;non far-right;2011
ESP;Spain;parliament;2011-11-20;0.6;2.0;350.0;CC;Coalición Canaria;Canary Coalition;5.9789;27.0;777.0;500.0;497.0;234.0;;;;;;;non far-right;2011
ESP;Spain;parliament;2011-11-20;;2.0;350.0;one-seat;one seat;one seat;;27.0;777.0;500.0;497.0;2294.0;;;;;;;non far-right;2011
ESP;Spain;parliament;2011-11-20;0.18;1.0;350.0;Bai;Bai;Yes;;27.0;777.0;500.0;497.0;385.0;;;;;;;non far-right;2011
ESP;Spain;parliament;2011-11-20;0.9;0.0;350.0;Equo;Equo;Equo;2.5;27.0;777.0;500.0;497.0;2804.0;;;;;;;non far-right;2011
ESP;Spain;parliament;2011-11-20;0.77;2.0;350.0;BNG;Bloque Nacionalista Galego;Galician Nationalist Bloc;2.9117;27.0;777.0;500.0;497.0;520.0;Bloque Nacionalista Galego;BNG;0.0;2100.0;2100.0;520.0;non far-right;2011
HRV;Croatia;parliament;2011-12-04;;2.0;151.0;HGS;Hrvatska građanska stranka;Croatian Civic Party;8.7;62.0;792.0;793.0;1057.0;2193.0;;;;;;;non far-right;2011
HRV;Croatia;parliament;2011-12-04;4.19;6.0;151.0;HL-LR;Hrvatski laburisti – Stranka rada;Croatian Labourists -- Labour Party;1.3;62.0;792.0;793.0;1057.0;2182.0;Hrvatski laburisti – Stranka rada;HL-SR;0.0;2100.0;2100.0;2182.0;non far-right;2011
HRV;Croatia;parliament;2011-12-04;2.96;6.0;151.0;HDSSB;Hrvatski demokratski savez Slavonije i Baranje;Croatian Democratic Alliance of Slavonia and Baranja;8.7;62.0;792.0;793.0;1057.0;2135.0;Hrvatski demokratski savez Slavonije i Baranje;HDSSB;1.0;1900.0;2100.0;2135.0;far-right;2011
SVN;Slovenia;parliament;2011-12-04;1.22;0.0;90.0;TRS;Stranka za trajnostni razvoj Slovenije;Party for Sustainable Development of Slovenia;3.3;60.0;778.0;522.0;907.0;1989.0;;;;;;;non far-right;2011
SVN;Slovenia;parliament;2011-12-04;1.48;0.0;90.0;LDS;Liberalna demokracija Slovenije;Liberal Democracy of Slovenia;3.7351;60.0;778.0;522.0;907.0;1252.0;;;;;;;non far-right;2011
SVN;Slovenia;parliament;2011-12-04;8.37;8.0;90.0;DL;Državljanska lista;Civic List;6.0;60.0;778.0;522.0;907.0;1988.0;;;;;;;non far-right;2011
HRV;Croatia;parliament;2011-12-04;;13.0;151.0;HNS-LD;Hrvatska narodna stranka – Liberalni demokrati;Croatian People's Party -- Liberal Democrats;1.8421;62.0;792.0;793.0;1057.0;1384.0;;;;;;;non far-right;2011
SVN;Slovenia;parliament;2011-12-04;;1.0;90.0;Ita;Italijanska narodna skupnost;Italian national community;;60.0;778.0;522.0;907.0;199.0;;;;;;;non far-right;2011
SVN;Slovenia;parliament;2011-12-04;4.88;4.0;90.0;NSI;Nova Slovenija – Krščanska ljudska stranka;New Slovenia -- Christian People's Party;7.9345;60.0;778.0;522.0;907.0;1047.0;Nova Slovenija – Krščanski Demokrati;N.Si;1.0;1900.0;2100.0;1047.0;far-right;2011
SVN;Slovenia;parliament;2011-12-04;6.83;6.0;90.0;SLS;Slovenska ljudska stranka;Slovenian People's Party;6.6953;60.0;778.0;522.0;907.0;16.0;;;;;;;non far-right;2011
SVN;Slovenia;parliament;2011-12-04;6.97;6.0;90.0;DeSUS;Demokratična stranka upokojencev Slovenije;Democratic Party of Pensioners of Slovenia;3.2292;60.0;778.0;522.0;907.0;1587.0;;;;;;;non far-right;2011
HRV;Croatia;parliament;2011-12-04;;5.0;151.0;ethnic;ethnic;ethnic;;62.0;792.0;793.0;1057.0;2192.0;;;;;;;non far-right;2011
SVN;Slovenia;parliament;2011-12-04;10.52;10.0;90.0;ZL-SD;Združena lista – Socialni demokrati;United List -- Social Democrats;3.0637;60.0;778.0;522.0;907.0;706.0;Združena levica;ZL;0.0;2100.0;2100.0;706.0;non far-right;2011
SVN;Slovenia;parliament;2011-12-04;26.19;26.0;90.0;SDS;Slovenska demokratska stranka;Slovenian Democratic Party;6.9996;60.0;778.0;522.0;907.0;179.0;Slovenska Demokratska Stranka;SDS;1.0;2015.0;2100.0;179.0;non far-right;2011
SVN;Slovenia;parliament;2011-12-04;28.51;28.0;90.0;LZJ-PS;Lista Zorana Jankovića – Pozitivna Slovenija;Zoran Jankovic's List -- Positive Slovenia;3.3;60.0;778.0;522.0;907.0;1987.0;;;;;;;non far-right;2011
HRV;Croatia;parliament;2011-12-04;;3.0;151.0;SDSS;Samostalna demokratska srpska stranka;Independent Democratic Serb Party;3.3;62.0;792.0;793.0;1057.0;2133.0;;;;;;;non far-right;2011
HRV;Croatia;parliament;2011-12-04;41.08;61.0;151.0;SPH;Socijaldemokratska partija Hrvatske;Social Democratic Party of Croatia;3.2456;62.0;792.0;793.0;1057.0;1493.0;;;;;;;non far-right;2011
HRV;Croatia;parliament;2011-12-04;23.5;41.0;151.0;HDZ;Hrvatska demokratska zajednica;Croatian Democratic Union;7.1053;62.0;792.0;793.0;1057.0;276.0;Hrvatska Demokratska Zajednica;HDZ;1.0;1900.0;2000.0;276.0;non far-right;2011
SVN;Slovenia;parliament;2011-12-04;1.8;0.0;90.0;SNS;Slovenska nacionalna stranka;Slovenian National Party;4.7941;60.0;778.0;522.0;907.0;981.0;Slovenska Nacionalna Stranka;SNS;1.0;1900.0;2100.0;981.0;far-right;2011
HRV;Croatia;parliament;2011-12-04;;3.0;151.0;abroad;abroad;abroad;;62.0;792.0;793.0;1057.0;2191.0;;;;;;;non far-right;2011
SVN;Slovenia;parliament;2011-12-04;;1.0;90.0;Mad;Madžarska narodna skupnost;Hungarian national community;;60.0;778.0;522.0;907.0;65.0;;;;;;;non far-right;2011
HRV;Croatia;parliament;2011-12-04;3.0;0.0;151.0;HSLS;Hrvatska socijalno liberalna stranka;Croatian Social Liberal Party;7.193;62.0;792.0;793.0;1057.0;1102.0;;;;;;;non far-right;2011
HRV;Croatia;parliament;2011-12-04;0.64;1.0;151.0;HSP-AS;Hrvatska stranka prava dr. Ante Starčević;Croatian Party of Rights -- Dr. Ante Starcevic;8.7;62.0;792.0;793.0;1057.0;2181.0;;;;;;;non far-right;2011
HRV;Croatia;parliament;2011-12-04;1.25;2.0;151.0;I-IG;Neovisna lista – dr.sc. Ivan Grubišić;Independent List -- PhD Ivan Grubisic;;62.0;792.0;793.0;1057.0;2195.0;;;;;;;non far-right;2011
HRV;Croatia;parliament;2011-12-04;0.64;1.0;151.0;HSS;Hrvatska seljačka stranka;Croatian Peasant Party;6.2281;62.0;792.0;793.0;1057.0;1465.0;;;;;;;non far-right;2011
HRV;Croatia;parliament;2011-12-04;;1.0;151.0;DC;Demokratski centar;Democratic Centre;5.9649;62.0;792.0;793.0;1057.0;1081.0;;;;;;;non far-right;2011
HRV;Croatia;parliament;2011-12-04;2.8;0.0;151.0;PGS;Primorsko goranski savez;Alliance of Primorje-Gorski;;62.0;792.0;793.0;1057.0;2196.0;;;;;;;non far-right;2011
HRV;Croatia;parliament;2011-12-04;;3.0;151.0;IDS;Istarski demokratski sabor;Istrian Democratic Assembly;3.4211;62.0;792.0;793.0;1057.0;1627.0;;;;;;;non far-right;2011
HRV;Croatia;parliament;2011-12-04;;3.0;151.0;HSU;Hrvatska stranka umirovljenika;Croatian Party of Pensioners;;62.0;792.0;793.0;1057.0;2134.0;;;;;;;non far-right;2011
HRV;Croatia;parliament;2011-12-04;3.0;0.0;151.0;HSP;Hrvatska stranka prava;Croatian Party of Rights;8.7719;62.0;792.0;793.0;1057.0;1044.0;Hrvatska Stranka Prava;HSP;1.0;1900.0;2100.0;1044.0;far-right;2011
SVK;Slovakia;parliament;2012-03-10;5.88;11.0;150.0;SaS;Sloboda a solidarita;Freedom and Solidarity;6.0;1.0;781.0;524.0;982.0;1460.0;;;;;;;non far-right;2012
SVK;Slovakia;parliament;2012-03-10;1.58;0.0;150.0;LsNS;Ľudová strana Naše Slovensko;People's Party Our Slovakia;8.7;1.0;781.0;524.0;982.0;586.0;Kotlebovci – Ludová Strana Naše Slovensko;L'SNS;1.0;1900.0;2100.0;586.0;far-right;2012
SVK;Slovakia;parliament;2012-03-10;6.89;13.0;150.0;MH;Most-Híd;Most-Hid;7.4;1.0;781.0;524.0;982.0;1620.0;;;;;;;non far-right;2012
SVK;Slovakia;parliament;2012-03-10;8.55;16.0;150.0;OLaNO;Obyčajní ľudia a nezávislé osobnosti;Ordinary People and Independent;7.4;1.0;781.0;524.0;982.0;1759.0;Hnutie Slovensko;Hnutie Slovensko;0.0;2100.0;2100.0;1759.0;non far-right;2012
SVK;Slovakia;parliament;2012-03-10;8.82;16.0;150.0;KDH;Kresťanskodemokratické hnutie;Christian Democratic Movement;7.1082;1.0;781.0;524.0;982.0;1432.0;;;;;;;non far-right;2012
SVK;Slovakia;parliament;2012-03-10;44.41;83.0;150.0;Smer;Smer – sociálna demokracia;Direction -- Social Democracy;3.3799;1.0;781.0;524.0;982.0;220.0;Smer – Slovenská Sociálna Demokracia;Smer;0.0;2100.0;2100.0;220.0;non far-right;2012
SVK;Slovakia;parliament;2012-03-10;6.09;11.0;150.0;SDKU-DS;Slovenská demokratická a kresťanská únia – Demokratická strana;Slovak Democratic and Christian Union -- Democratic Party;7.3591;1.0;781.0;524.0;982.0;131.0;;;;;;;non far-right;2012
SVK;Slovakia;parliament;2012-03-10;4.28;0.0;150.0;MK;Maďarskej koalície – Magyar koalíció;Hungarian Coalition;6.5005;1.0;781.0;524.0;982.0;559.0;;;;;;;non far-right;2012
SVK;Slovakia;parliament;2012-03-10;1.29;0.0;150.0;ZZ;Zmena zdola, DÚ;Change from the Bottom, DU;6.0;1.0;781.0;524.0;982.0;2013.0;;;;;;;non far-right;2012
SVK;Slovakia;parliament;2012-03-10;1.58;0.0;150.0;99%;99% – občiansky hlas;99 Percent -- Civic Voice;1.3;1.0;781.0;524.0;982.0;2015.0;;;;;;;non far-right;2012
SVK;Slovakia;parliament;2012-03-10;4.55;0.0;150.0;SNS;Slovenská národná strana;Slovak National Party;7.0198;1.0;781.0;524.0;982.0;1072.0;Slovenská Národná Strana;SNS;1.0;1900.0;2100.0;1072.0;far-right;2012
SVK;Slovakia;parliament;2012-03-10;1.22;0.0;150.0;ANO;Aliancia nového občana;Alliance of the New Citizen;7.2404;1.0;781.0;524.0;982.0;1200.0;Aliancia Nového Obcana;ANO;0.0;2100.0;2100.0;1200.0;non far-right;2012
GRC;Greece;parliament;2012-05-06;2.89;0.0;300.0;LAOS;Laïkós Orthódoxos Synagermós;Popular Orthodox Rally;9.11;41.0;783.0;651.0;984.0;1179.0;Laïkós Orthódoxos Synagermós;LAOS;1.0;1900.0;2100.0;1179.0;far-right;2012
GRC;Greece;parliament;2012-05-06;2.93;0.0;300.0;OP;Oikologoi Prasinoi;Ecologist Greens;2.5;41.0;783.0;651.0;984.0;1280.0;;;;;;;non far-right;2012
GRC;Greece;parliament;2012-05-06;2.55;0.0;300.0;DISY;Dimokratiki Symmachia;Democratic Alliance;6.0;41.0;783.0;651.0;984.0;2094.0;;;;;;;non far-right;2012
GRC;Greece;parliament;2012-05-06;2.15;0.0;300.0;DX;Dimiourgia Xana;Recreate Greece;7.4;41.0;783.0;651.0;984.0;2095.0;;;;;;;non far-right;2012
GRC;Greece;parliament;2012-05-06;1.8;0.0;300.0;D-FS;Drasi – Fileleytheri Symmachia;Action -- Liberal Alliance;6.0;41.0;783.0;651.0;984.0;2096.0;;;;;;;non far-right;2012
GRC;Greece;parliament;2012-05-06;6.11;19.0;300.0;DIMAR;Dimokratiki Aristera;Democratic Left;3.3;41.0;783.0;651.0;984.0;2093.0;;;;;;;non far-right;2012
GRC;Greece;parliament;2012-05-06;6.97;21.0;300.0;LS-CA;Laikos Syndesmos – Chrysi Avg;Peoples Association -- Golden Dawn;8.7;41.0;783.0;651.0;984.0;2092.0;Laikos Syndesmos – Chrysi Avgi;GD;1.0;1900.0;2100.0;2092.0;far-right;2012
GRC;Greece;parliament;2012-05-06;8.48;26.0;300.0;KKE;Kommounistikó Kómma Elládas;Communist Party of Greece;1.253;41.0;783.0;651.0;984.0;614.0;Kommounistikó Kómma Elládas;KKE;0.0;2100.0;2100.0;614.0;non far-right;2012
GRC;Greece;parliament;2012-05-06;10.62;33.0;300.0;ANEL;Anexartitoi Ellines;Independent Greeks;8.7;41.0;783.0;651.0;984.0;2091.0;Anexartitoi Ellines;ANEL;1.0;1900.0;2100.0;2091.0;far-right;2012
GRC;Greece;parliament;2012-05-06;16.79;52.0;300.0;SYRIZA;Synaspismós Rizospastikís Aristerás;Coalition of the Radical Left;2.8947;41.0;783.0;651.0;984.0;1592.0;Synaspismós Rizospastikís Aristerás;SYRIZA;0.0;2100.0;2100.0;1592.0;non far-right;2012
GRC;Greece;parliament;2012-05-06;18.85;108.0;300.0;ND;Néa Đimokratía;New Democracy;6.7365;41.0;783.0;651.0;984.0;47.0;;;;;;;non far-right;2012
GRC;Greece;parliament;2012-05-06;1.19;0.0;300.0;AASA;Antikapitalistiki Aristeri Synergasia gia tin Anatropi;Front of the Greek Anticapitalist Left;1.3;41.0;783.0;651.0;984.0;2097.0;;;;;;;non far-right;2012
GRC;Greece;parliament;2012-05-06;13.18;41.0;300.0;PASOK;Panellinio Sosialistikó Kínima;Panhellenic Socialist Movement;4.4968;41.0;783.0;651.0;984.0;1338.0;;;;;;;non far-right;2012
GRC;Greece;parliament;2012-06-17;1.59;0.0;300.0;DX;Dimiourgia Xana;Recreate Greece;7.4;41.0;784.0;783.0;1039.0;2095.0;;;;;;;non far-right;2012
FRA;France;parliament;2012-06-17;3.4;22.0;577.0;d-gauche;divers gauche;other left;3.3;43.0;782.0;171.0;1037.0;177.0;;;;;;;non far-right;2012
FRA;France;parliament;2012-06-17;27.12;194.0;577.0;UMP|LR;Union pour un mouvement populaire | Les Républicains;Union for a Popular Movement | The Republicans;7.4997;43.0;782.0;171.0;1037.0;658.0;;;;;;;non far-right;2012
FRA;France;parliament;2012-06-17;29.35;280.0;577.0;PS;Parti socialiste;Socialist Party;3.2493;43.0;782.0;171.0;1037.0;1539.0;;;;;;;non far-right;2012
GRC;Greece;parliament;2012-06-17;4.5;12.0;300.0;KKE;Kommounistikó Kómma Elládas;Communist Party of Greece;1.253;41.0;784.0;783.0;1039.0;614.0;Kommounistikó Kómma Elládas;KKE;0.0;2100.0;2100.0;614.0;non far-right;2012
GRC;Greece;parliament;2012-06-17;6.26;17.0;300.0;DIMAR;Dimokratiki Aristera;Democratic Left;3.3;41.0;784.0;783.0;1039.0;2093.0;;;;;;;non far-right;2012
GRC;Greece;parliament;2012-06-17;1.58;0.0;300.0;LAOS;Laïkós Orthódoxos Synagermós;Popular Orthodox Rally;9.11;41.0;784.0;783.0;1039.0;1179.0;Laïkós Orthódoxos Synagermós;LAOS;1.0;1900.0;2100.0;1179.0;far-right;2012
GRC;Greece;parliament;2012-06-17;6.92;18.0;300.0;LS-CA;Laikos Syndesmos – Chrysi Avg;Peoples Association -- Golden Dawn;8.7;41.0;784.0;783.0;1039.0;2092.0;Laikos Syndesmos – Chrysi Avgi;GD;1.0;1900.0;2100.0;2092.0;far-right;2012
FRA;France;parliament;2012-06-17;0.19;1.0;577.0;ex-dro;extrême droite;other far-right;8.7;43.0;782.0;171.0;1037.0;2079.0;;;;;;;non far-right;2012
FRA;France;parliament;2012-06-17;13.6;2.0;577.0;FN;Rassemblement National;National Rally;9.6854;43.0;782.0;171.0;1037.0;270.0;Front National / Rassemblement National;FN / RN;1.0;1900.0;2100.0;270.0;far-right;2012
FRA;France;parliament;2012-06-17;0.6;2.0;577.0;AC;Alliance centriste;Centrist Alliance;6.0;43.0;782.0;171.0;1037.0;2078.0;;;;;;;non far-right;2012
FRA;France;parliament;2012-06-17;1.77;2.0;577.0;UDF|MD;Union pour la démocratie française | Mouvement démocrate;Union for French Democracy | Democratic Movement;6.1017;43.0;782.0;171.0;1037.0;509.0;;;;;;;non far-right;2012
FRA;France;parliament;2012-06-17;0.56;2.0;577.0;MIM;Mouvement independantiste martiniquais;Martinican Independence Movement;;43.0;782.0;171.0;1037.0;2077.0;;;;;;;non far-right;2012
FRA;France;parliament;2012-06-17;1.24;6.0;577.0;PR;Parti radical-socialiste;Radical Socialist Party;3.9896;43.0;782.0;171.0;1037.0;401.0;;;;;;;non far-right;2012
FRA;France;parliament;2012-06-17;6.91;10.0;577.0;PCF;Parti communiste française;French Communist Party;1.3741;43.0;782.0;171.0;1037.0;686.0;Parti Communiste Français;PCF;0.0;2100.0;2100.0;686.0;non far-right;2012
FRA;France;parliament;2012-06-17;2.2;12.0;577.0;NC;Nouveau centre;New Centre;6.0;43.0;782.0;171.0;1037.0;1058.0;;;;;;;non far-right;2012
GRC;Greece;parliament;2012-06-17;7.51;20.0;300.0;ANEL;Anexartitoi Ellines;Independent Greeks;8.7;41.0;784.0;783.0;1039.0;2091.0;Anexartitoi Ellines;ANEL;1.0;1900.0;2100.0;2091.0;far-right;2012
GRC;Greece;parliament;2012-06-17;12.28;33.0;300.0;PASOK;Panellinio Sosialistikó Kínima;Panhellenic Socialist Movement;4.4968;41.0;784.0;783.0;1039.0;1338.0;;;;;;;non far-right;2012
GRC;Greece;parliament;2012-06-17;26.89;71.0;300.0;SYRIZA;Synaspismós Rizospastikís Aristerás;Coalition of the Radical Left;2.8947;41.0;784.0;783.0;1039.0;1592.0;Synaspismós Rizospastikís Aristerás;SYRIZA;0.0;2100.0;2100.0;1592.0;non far-right;2012
GRC;Greece;parliament;2012-06-17;29.66;129.0;300.0;ND;Néa Đimokratía;New Democracy;6.7365;41.0;784.0;783.0;1039.0;47.0;;;;;;;non far-right;2012
FRA;France;parliament;2012-06-17;5.46;17.0;577.0;V;Les Verts;Greens;3.155;43.0;782.0;171.0;1037.0;873.0;;;;;;;non far-right;2012
FRA;France;parliament;2012-06-17;3.51;15.0;577.0;d-droite;divers droite;other right;7.6583;43.0;782.0;171.0;1037.0;285.0;;;;;;;non far-right;2012
FRA;France;parliament;2012-06-17;1.65;12.0;577.0;PRG;Parti radical de gauche;Radical Party of the Left;4.0813;43.0;782.0;171.0;1037.0;1492.0;;;;;;;non far-right;2012
FRA;France;parliament;2012-06-17;0.96;0.0;577.0;no-seat;no seat;no seat;;43.0;782.0;171.0;1037.0;2080.0;;;;;;;non far-right;2012
NLD;Netherlands;parliament;2012-09-12;1.88;2.0;150.0;50+;50PLUS;50PLUS;;8.0;785.0;530.0;1028.0;2109.0;;;;;;;non far-right;2012
NLD;Netherlands;parliament;2012-09-12;0.32;0.0;150.0;no-seat;no seat;no seat;;8.0;785.0;530.0;1028.0;2110.0;;;;;;;non far-right;2012
NLD;Netherlands;parliament;2012-09-12;1.93;2.0;150.0;PvdD;Partij voor de Dieren;Party for the Animals;;8.0;785.0;530.0;1028.0;990.0;;;;;;;non far-right;2012
NLD;Netherlands;parliament;2012-09-12;2.09;3.0;150.0;SGP;Staatkundig Gereformeerde Partij;Political Reformed Party;8.7531;8.0;785.0;530.0;1028.0;1251.0;;;;;;;non far-right;2012
NLD;Netherlands;parliament;2012-09-12;3.13;5.0;150.0;CU;ChristenUnie;ChristianUnion;6.1732;8.0;785.0;530.0;1028.0;1206.0;;;;;;;non far-right;2012
NLD;Netherlands;parliament;2012-09-12;8.03;12.0;150.0;D66;Democraten 66;Democrats 66;4.5066;8.0;785.0;530.0;1028.0;345.0;;;;;;;non far-right;2012
NLD;Netherlands;parliament;2012-09-12;8.51;13.0;150.0;CDA;Christen Democratisch Appèl;Christian Democratic Appeal;5.9376;8.0;785.0;530.0;1028.0;235.0;;;;;;;non far-right;2012
NLD;Netherlands;parliament;2012-09-12;9.65;15.0;150.0;SP;Socialistiese Partij;Socialist Party;1.3682;8.0;785.0;530.0;1028.0;357.0;Socialistiese Partij;SP;0.0;2100.0;2100.0;357.0;non far-right;2012
NLD;Netherlands;parliament;2012-09-12;24.84;38.0;150.0;PvdA;Partij van de Arbeid;Labour Party;3.6118;8.0;785.0;530.0;1028.0;742.0;;;;;;;non far-right;2012
NLD;Netherlands;parliament;2012-09-12;26.58;41.0;150.0;VVD;Volkspartij voor Vrijheid en Democratie;People's Party for Freedom and Democracy;7.3482;8.0;785.0;530.0;1028.0;1409.0;;;;;;;non far-right;2012
NLD;Netherlands;parliament;2012-09-12;2.33;4.0;150.0;GL;GroenLinks;GreenLeft;2.0454;8.0;785.0;530.0;1028.0;756.0;;;;;;;non far-right;2012
NLD;Netherlands;parliament;2012-09-12;10.08;15.0;150.0;PVV;Partij voor de Vrijheid;Party for Freedom;8.8;8.0;785.0;530.0;1028.0;1501.0;Partij voor de Vrijheid;PVV;1.0;1900.0;2100.0;1501.0;far-right;2012
LTU;Lithuania;parliament;2012-10-14;18.37;38.0;141.0;LSDP;Lietuvos socialdemokratų partija;Lithuanian Social Democratic Party;3.1972;15.0;786.0;646.0;1026.0;1277.0;;;;;;;non far-right;2012
LTU;Lithuania;parliament;2012-10-14;15.08;33.0;141.0;TS-LK;Tėvynės sąjunga;Homeland Union;7.4004;15.0;786.0;646.0;1026.0;1045.0;;;;;;;non far-right;2012
LTU;Lithuania;parliament;2012-10-14;8.57;10.0;141.0;LRLS;Lietuvos Respublikos liberalų sąjūdis;Liberals Movement of the Republic of Lithuania;7.7562;15.0;786.0;646.0;1026.0;482.0;;;;;;;non far-right;2012
LTU;Lithuania;parliament;2012-10-14;7.31;12.0;141.0;TT-LDP;Tvarka ir teisingumas – Liberalų demokratų partija;Order and Justice -- Liberal Democratic Party;5.2955;15.0;786.0;646.0;1026.0;1421.0;Tvarka ir Teisingumas;TT;0.0;2100.0;2100.0;1421.0;non far-right;2012
LTU;Lithuania;parliament;2012-10-14;5.83;8.0;141.0;LLRA;Lietuvos lenkų rinkimų akcija;Election Action of Lithuania's Poles;3.865;15.0;786.0;646.0;1026.0;28.0;;;;;;;non far-right;2012
LTU;Lithuania;parliament;2012-10-14;7.99;7.0;141.0;DK;Drąsos kelias;The Way of Courage;;15.0;786.0;646.0;1026.0;2121.0;Drasos Kelias;DK;0.0;2100.0;2100.0;2121.0;non far-right;2012
LTU;Lithuania;parliament;2012-10-14;;3.0;141.0;none;no party affiliation;no party affiliation;;15.0;786.0;646.0;1026.0;58.0;;;;;;;non far-right;2012
LTU;Lithuania;parliament;2012-10-14;2.06;0.0;141.0;LiCS;Liberalų ir centro sąjunga;Liberal and Centre Union;7.7562;15.0;786.0;646.0;1026.0;983.0;;;;;;;non far-right;2012
LTU;Lithuania;parliament;2012-10-14;19.82;29.0;141.0;DP;Darbo partija;Labour Party;3.86;15.0;786.0;646.0;1026.0;581.0;Darbo Partija;DP;0.0;2100.0;2100.0;581.0;non far-right;2012
LTU;Lithuania;parliament;2012-10-14;1.76;0.0;141.0;TAIP;Tėvynės atgimimas ir perspektyva;YES -- Homeland Revival and Perspective;6.0;15.0;786.0;646.0;1026.0;2122.0;;;;;;;non far-right;2012
LTU;Lithuania;parliament;2012-10-14;3.88;1.0;141.0;LVLS;Lietuvos valstiečių sąjunga;Lithuanian Peasant Union;3.2687;15.0;786.0;646.0;1026.0;191.0;;;;;;;non far-right;2012
LTU;Lithuania;parliament;2012-10-14;1.2;0.0;141.0;KKSS;Krikščionių konservatorių socialinė sąjunga;Christian Conservative Social Union;6.4579;15.0;786.0;646.0;1026.0;709.0;;;;;;;non far-right;2012
LTU;Lithuania;parliament;2012-10-14;1.21;0.0;141.0;SPF;Socialist People's Front;Socialist People's Front;1.3;15.0;786.0;646.0;1026.0;1056.0;;;;;;;non far-right;2012
ROU;Romania;parliament;2012-12-09;1.25;0.0;412.0;PRM;Partidul România Mare;Greater Romania Party;6.6618;23.0;787.0;319.0;1033.0;713.0;Partidul România Mare;PRM;1.0;1900.0;2100.0;713.0;far-right;2012
ROU;Romania;parliament;2012-12-09;58.63;150.0;412.0;PSD;Partidul Social Democrat;Social Democratic Party;3.2325;23.0;787.0;319.0;1033.0;1120.0;;;;;;;non far-right;2012
ROU;Romania;parliament;2012-12-09;;100.0;412.0;PNL;Partidul Naţional Liberal;National Liberal Party;6.0543;23.0;787.0;319.0;1033.0;1015.0;;;;;;;non far-right;2012
ROU;Romania;parliament;2012-12-09;16.51;52.0;412.0;PD-L;Partidul Democrat-Liberal;Democratic Liberal Party;5.3875;23.0;787.0;319.0;1033.0;958.0;;;;;;;non far-right;2012
ROU;Romania;parliament;2012-12-09;13.99;47.0;412.0;PP-DD;Partidul Poporului – Dan Diaconescu;People's Party -- Dan Diaconescu;1.3;23.0;787.0;319.0;1033.0;2130.0;Partidul Poporului – Dan Diaconescu;PP-DD;0.0;2100.0;2100.0;2130.0;non far-right;2012
ROU;Romania;parliament;2012-12-09;5.13;18.0;412.0;UDMR;Uniunea Democrată Maghiară din România;Democratic Union of Hungarians in Romania;6.016;23.0;787.0;319.0;1033.0;948.0;;;;;;;non far-right;2012
ROU;Romania;parliament;2012-12-09;;18.0;412.0;etnice;Partidele minorităţilor etnice din România;Romanian ethnic minorities parties;;23.0;787.0;319.0;1033.0;425.0;;;;;;;non far-right;2012
ROU;Romania;parliament;2012-12-09;;1.0;412.0;PNT-CD;Partidul Naţional Ţărănesc Creştin Democrat;Christian-Democratic National Peasants' Party;5.5341;23.0;787.0;319.0;1033.0;888.0;;;;;;;non far-right;2012
ROU;Romania;parliament;2012-12-09;;3.0;412.0;FC;Forța Civică;Civic Force;6.2;23.0;787.0;319.0;1033.0;2129.0;;;;;;;non far-right;2012
ROU;Romania;parliament;2012-12-09;;13.0;412.0;PU|PC;Partidul Umanist | Partidul Conservator;Humanist Party | Conservative Party;4.7622;23.0;787.0;319.0;1033.0;5.0;;;;;;;non far-right;2012
ROU;Romania;parliament;2012-12-09;;10.0;412.0;UNPR;Uniunea Naţională pentru Progresul României;National Union for the Progress of Romania;3.3;23.0;787.0;319.0;1033.0;2002.0;;;;;;;non far-right;2012
ITA;Italy;parliament;2013-02-25;0.43;5.0;630.0;SVP;Südtiroler Volkspartei;South Tyrol Peoples Party;5.4;26.0;789.0;111.0;983.0;1030.0;;;;;;;non far-right;2013
ITA;Italy;parliament;2013-02-25;0.41;2.0;630.0;AIE;Associativo Italiani all'Estero;Associative Italians Abroad;;26.0;789.0;111.0;983.0;927.0;;;;;;;non far-right;2013
ITA;Italy;parliament;2013-02-25;1.15;0.0;630.0;FiD;Fermare il Declino;Stop the Decline;6.0;26.0;789.0;111.0;983.0;2158.0;;;;;;;non far-right;2013
ITA;Italy;parliament;2013-02-25;2.3;0.0;630.0;PRC;Partito della Rifondazione Comunista;Communist Refoundation Party;0.8849;26.0;789.0;111.0;983.0;1321.0;Partito della Rifondazione Comunista;PRC;0.0;2100.0;2100.0;1321.0;non far-right;2013
ITA;Italy;parliament;2013-02-25;0.05;1.0;630.0;UV;Union Valdôtaine;Valdotanian Union;;26.0;789.0;111.0;983.0;974.0;;;;;;;non far-right;2013
ITA;Italy;parliament;2013-02-25;26.27;297.0;630.0;PD;Partito Democratico;Democratic Party;2.6216;26.0;789.0;111.0;983.0;382.0;;;;;;;non far-right;2013
ITA;Italy;parliament;2013-02-25;25.88;109.0;630.0;M5S;Movimento 5 Stelle;Five Star Movement;;26.0;789.0;111.0;983.0;2155.0;Movimento 5 Stelle;M5S;0.0;2100.0;2100.0;2155.0;non far-right;2013
ITA;Italy;parliament;2013-02-25;21.99;98.0;630.0;FI-PdL;Forza Italia – Il Popolo della Libertà;Go Italy -- The People of Freedom;7.1459;26.0;789.0;111.0;983.0;596.0;Forza Italia (1994-2009);FI1;0.0;2100.0;2100.0;596.0;non far-right;2013
ITA;Italy;parliament;2013-02-25;8.84;39.0;630.0;SC;Scelta Civica;Civic Choice;6.0;26.0;789.0;111.0;983.0;2156.0;;;;;;;non far-right;2013
ITA;Italy;parliament;2013-02-25;3.25;37.0;630.0;S;Sinistra;Left;1.3;26.0;789.0;111.0;983.0;465.0;Sinistra Ecologia e Libertà;SEL;0.0;2100.0;2100.0;465.0;non far-right;2013
ITA;Italy;parliament;2013-02-25;4.1;18.0;630.0;LN;Lega Nord;North League;7.8007;26.0;789.0;111.0;983.0;1436.0;Lega (Nord);Lega;1.0;1900.0;2100.0;1436.0;far-right;2013
ITA;Italy;parliament;2013-02-25;1.97;9.0;630.0;FdI;Fratelli d'Italia;Brothers of Italy;8.7;26.0;789.0;111.0;983.0;2154.0;Fratelli d'Italia;FdI;1.0;1900.0;2100.0;2154.0;far-right;2013
ITA;Italy;parliament;2013-02-25;1.79;8.0;630.0;UC;Unione / Centro;Union / Centre;6.1092;26.0;789.0;111.0;983.0;226.0;;;;;;;non far-right;2013
ITA;Italy;parliament;2013-02-25;0.13;1.0;630.0;USEI;Unione Sudamericana Emigrati Italiani;South American Union Italian Emigrants;7.4;26.0;789.0;111.0;983.0;2671.0;;;;;;;non far-right;2013
ITA;Italy;parliament;2013-02-25;0.49;6.0;630.0;CD;Centro Democratico;Democratic Centre;6.0;26.0;789.0;111.0;983.0;2153.0;;;;;;;non far-right;2013
MLT;Malta;parliament;2013-03-09;43.34;30.0;69.0;PN;Partit Nazzjonalista;Nationalist Party;5.7143;72.0;790.0;203.0;468.0;984.0;;;;;;;non far-right;2013
MLT;Malta;parliament;2013-03-09;1.8;0.0;69.0;AD;Alternattiva Demokratika;Democratic Alternative;3.7895;72.0;790.0;203.0;468.0;360.0;;;;;;;non far-right;2013
MLT;Malta;parliament;2013-03-09;54.83;39.0;69.0;PL;Partit Laburista;Malta Labour Party;4.2105;72.0;790.0;203.0;468.0;1003.0;;;;;;;non far-right;2013
BGR;Bulgaria;parliament;2013-05-12;3.703;0.0;240.0;NFSB;Natsionalen Front za Spasenie na Balgariya;National Front for the Salvation of Bulgaria;8.7;10.0;799.0;79.0;1045.0;2211.0;Natsionalen Front za Spasenie na Balgariya;NFSB;1.0;1900.0;2100.0;2211.0;far-right;2013
BGR;Bulgaria;parliament;2013-05-12;1.339;0.0;240.0;GN;Glas Naroden;People's Voice;;10.0;799.0;79.0;1045.0;2214.0;;;;;;;non far-right;2013
BGR;Bulgaria;parliament;2013-05-12;26.609;84.0;240.0;KzB|DL;Koalitsiya za Balgariya | Demokratichna Levitsa;Coalition for Bulgaria | Democratic Left;2.8982;10.0;799.0;79.0;1045.0;1160.0;;;;;;;non far-right;2013
BGR;Bulgaria;parliament;2013-05-12;30.535;97.0;240.0;GERB;Grazhdani za Evropeysko Razvitie na Balgariya;Citizens for European Development of Bulgaria;8.7;10.0;799.0;79.0;1045.0;1541.0;Grazhdani za Evropeysko Razvitie na Bulgariya;GERB;0.0;2100.0;2100.0;1541.0;non far-right;2013
BGR;Bulgaria;parliament;2013-05-12;7.297;23.0;240.0;Ataka;Ataka;Attack;5.46;10.0;799.0;79.0;1045.0;535.0;Ataka;Ataka;1.0;1900.0;2100.0;535.0;far-right;2013
BGR;Bulgaria;parliament;2013-05-12;3.252;0.0;240.0;BNG;"Dvizhenie ""Balgariya na grazhdanite""";Bulgaria for Citizens Movement;7.4;10.0;799.0;79.0;1045.0;2213.0;;;;;;;non far-right;2013
BGR;Bulgaria;parliament;2013-05-12;1.886;0.0;240.0;VMRO;VMRO – Balgarsko Natsionalno Dvizhenie;IMRO -- Bulgarian National Movement;7.4;10.0;799.0;79.0;1045.0;2212.0;Balgarsko Natsionalno Dvizhenie;VMRO;1.0;1900.0;2100.0;2212.0;far-right;2013
BGR;Bulgaria;parliament;2013-05-12;11.306;36.0;240.0;DPS;Dvizhenie za Prava i Svobodi;Movement for Rights and Freedoms;4.5828;10.0;799.0;79.0;1045.0;1286.0;;;;;;;non far-right;2013
BGR;Bulgaria;parliament;2013-05-12;2.926;0.0;240.0;DSB|DB;Demokrati za Silna Balgariya | Demokratichna Balgariya;Democrats for a Strong Bulgaria | Democratic Bulgaria;7.85;10.0;799.0;79.0;1045.0;57.0;;;;;;;non far-right;2013
BGR;Bulgaria;parliament;2013-05-12;1.67;0.0;240.0;RZS;Red, zakonnost i spravedlivost;Order, Lawfulness and Justice;8.7;10.0;799.0;79.0;1045.0;636.0;;;;;;;non far-right;2013
BGR;Bulgaria;parliament;2013-05-12;1.374;0.0;240.0;SDS;Suyuz na Demokratichnite Sili;Union of Democratic Forces;6.1111;10.0;799.0;79.0;1045.0;423.0;;;;;;;non far-right;2013
BGR;Bulgaria;parliament;2013-05-12;1.626;0.0;240.0;CSD;Tsentŭr – Svoboda i dostoĭnstvo;Centre -- Freedom and Dignity;6.0;10.0;799.0;79.0;1045.0;2595.0;;;;;;;non far-right;2013
BGR;Bulgaria;parliament;2013-05-12;1.736;0.0;240.0;Lider;Lider;Lider;6.0;10.0;799.0;79.0;1045.0;566.0;;;;;;;non far-right;2013
NOR;Norway;parliament;2013-09-09;30.8;55.0;169.0;DNA;Det norske Arbeiderparti;Norwegian Labour Party;3.3706;9.0;801.0;285.0;551.0;104.0;;;;;;;non far-right;2013
NOR;Norway;parliament;2013-09-09;5.5;10.0;169.0;Sp;Senterpartiet;Centre Party;4.6565;9.0;801.0;285.0;551.0;702.0;;;;;;;non far-right;2013
NOR;Norway;parliament;2013-09-09;5.6;10.0;169.0;KrF;Kristelig Folkeparti;Christian Democratic Party;5.8516;9.0;801.0;285.0;551.0;1538.0;;;;;;;non far-right;2013
NOR;Norway;parliament;2013-09-09;5.2;9.0;169.0;V;Venstre;Liberal Party of Norway;5.1467;9.0;801.0;285.0;551.0;647.0;;;;;;;non far-right;2013
NOR;Norway;parliament;2013-09-09;1.1;0.0;169.0;RV;Rød Valgallianse;Red Electoral Alliance;0.4089;9.0;801.0;285.0;551.0;1638.0;Rødt;Rodt;0.0;2100.0;2100.0;1638.0;non far-right;2013
NOR;Norway;parliament;2013-09-09;4.1;7.0;169.0;SV;Sosialistisk Venstreparti;Socialist Left Party;1.5839;9.0;801.0;285.0;551.0;81.0;Sosialistisk Venstreparti;SV;0.0;2100.0;2100.0;81.0;non far-right;2013
NOR;Norway;parliament;2013-09-09;25.8;48.0;169.0;H;Høyre;Conservative Party;7.8994;9.0;801.0;285.0;551.0;1435.0;;;;;;;non far-right;2013
NOR;Norway;parliament;2013-09-09;16.3;29.0;169.0;Fr;Fremskrittspartiet;Progress Party;8.7595;9.0;801.0;285.0;551.0;351.0;Fremskrittspartiet;FrP;1.0;1900.0;2100.0;351.0;far-right;2013
NOR;Norway;parliament;2013-09-09;2.8;1.0;169.0;MDG;Miljøpartiet De Grønne;Green Party;2.5;9.0;801.0;285.0;551.0;2254.0;;;;;;;non far-right;2013
DEU;Germany;parliament;2013-09-22;8.6;64.0;631.0;PDS|Li;PDS | Die Linke;PDS | The Left;1.2152;54.0;800.0;93.0;472.0;791.0;PDS / Die Linke;Linke;0.0;2100.0;2100.0;791.0;non far-right;2013
DEU;Germany;parliament;2013-09-22;4.7;0.0;631.0;AfD;Alternative für Deutschland;Alternative for Germany;8.7;54.0;800.0;93.0;472.0;2253.0;Alternative für Deutschland;AfD;1.0;2015.0;2100.0;2253.0;non far-right;2013
DEU;Germany;parliament;2013-09-22;1.3;0.0;631.0;NPD;Nationaldemokratische Partei Deutschlands;National Democratic Party;9.8246;54.0;800.0;93.0;472.0;1537.0;;;;;;;non far-right;2013
DEU;Germany;parliament;2013-09-22;2.2;0.0;631.0;Pi;Piratenpartei Deutschland;German Pirate Party;;54.0;800.0;93.0;472.0;865.0;;;;;;;non far-right;2013
DEU;Germany;parliament;2013-09-22;4.8;0.0;631.0;FDP;Freie Demokratische Partei;Free Democratic Party;5.9233;54.0;800.0;93.0;472.0;543.0;;;;;;;non far-right;2013
DEU;Germany;parliament;2013-09-22;7.4;56.0;631.0;CSU;Christlich Soziale Union;Christian Social Union;7.2871;54.0;800.0;93.0;472.0;1180.0;;;;;;;non far-right;2013
DEU;Germany;parliament;2013-09-22;8.4;63.0;631.0;B90/Gru;Bündnis 90 / Die Grünen;Alliance 90 / Greens;2.9308;54.0;800.0;93.0;472.0;772.0;;;;;;;non far-right;2013
DEU;Germany;parliament;2013-09-22;25.7;193.0;631.0;SPD;Sozialdemokratische Partei Deutschlands;Social Democratic Party of Germany;3.6451;54.0;800.0;93.0;472.0;558.0;;;;;;;non far-right;2013
DEU;Germany;parliament;2013-09-22;34.1;255.0;631.0;CDU;Christlich Demokratische Union;Christian Democratic Union;6.2503;54.0;800.0;93.0;472.0;808.0;;;;;;;non far-right;2013
AUT;Austria;parliament;2013-09-29;20.5;40.0;183.0;FPO;Freiheitliche Partei Österreichs;Freedom Party of Austria;8.3494;59.0;802.0;607.0;268.0;50.0;Freiheitliche Partei Österreichs;FPÖ;1.0;1900.0;2100.0;50.0;far-right;2013
AUT;Austria;parliament;2013-09-29;24.0;47.0;183.0;OVP;Österreichische Volkspartei;Austrian People's Party;6.4733;59.0;802.0;607.0;268.0;1013.0;;;;;;;non far-right;2013
AUT;Austria;parliament;2013-09-29;26.8;52.0;183.0;SPO;Sozialdemokratische Partei Österreichs;Social Democratic Party of Austria;3.7293;59.0;802.0;607.0;268.0;973.0;;;;;;;non far-right;2013
AUT;Austria;parliament;2013-09-29;12.4;24.0;183.0;Gruene;Die Grünen – Die Grüne Alternative;The Greens -- The Green Alternative;2.4604;59.0;802.0;607.0;268.0;1429.0;;;;;;;non far-right;2013
AUT;Austria;parliament;2013-09-29;5.7;11.0;183.0;TS;Team Stronach;Team Stronach;6.0;59.0;802.0;607.0;268.0;2150.0;Team Stronach;TS;0.0;2100.0;2100.0;2150.0;non far-right;2013
AUT;Austria;parliament;2013-09-29;5.0;9.0;183.0;NEOS;NEOS – Das Neue Österreich;NEOS -- The New Austria;6.0;59.0;802.0;607.0;268.0;2255.0;;;;;;;non far-right;2013
AUT;Austria;parliament;2013-09-29;3.5;0.0;183.0;BZO;Bündnis Zukunft Österreich;Alliance for the Future of Austria;8.83;59.0;802.0;607.0;268.0;1536.0;Bündnis Zukunft Österreich;BZÖ;0.0;1900.0;2008.0;1536.0;non far-right;2013
AUT;Austria;parliament;2013-09-29;1.0;0.0;183.0;KPO;Kommunistische Partei Österreichs;Communist Party of Austria;0.5;59.0;802.0;607.0;268.0;769.0;;;;;;;non far-right;2013
LUX;Luxembourg;parliament;2013-10-20;33.68;23.0;60.0;CSV;Chrëschtlech Sozial Vollekspartei;Christian Social People's Party;6.4474;7.0;803.0;172.0;1063.0;1234.0;;;;;;;non far-right;2013
LUX;Luxembourg;parliament;2013-10-20;20.28;13.0;60.0;LSAP;Lëtzebuerger Sozialistesch Aarbechterpartei;Luxembourg Socialist Workers' Party;3.2895;7.0;803.0;172.0;1063.0;701.0;;;;;;;non far-right;2013
LUX;Luxembourg;parliament;2013-10-20;10.13;6.0;60.0;Greng;Déi Gréng;The Greens;2.5;7.0;803.0;172.0;1063.0;310.0;;;;;;;non far-right;2013
LUX;Luxembourg;parliament;2013-10-20;6.64;3.0;60.0;AR|ADR;Aktiounskomitee Rente | Alternativ Demokratesch Reformpartei;Action Committee Pensions | Alternative Democratic Reform Party;8.8158;7.0;803.0;172.0;1063.0;1582.0;Alternativ Demokratesch Reformpartei;ADR;1.0;2022.0;2100.0;1582.0;non far-right;2013
LUX;Luxembourg;parliament;2013-10-20;4.94;2.0;60.0;DL;Déi Lénk;The Left;0.5263;7.0;803.0;172.0;1063.0;457.0;Déi Lénk;Dei Lenk;0.0;2100.0;2100.0;457.0;non far-right;2013
LUX;Luxembourg;parliament;2013-10-20;1.64;0.0;60.0;KPL;Kommunistesch Partei Lëtzebuerg;Communist Party of Luxembourg;1.3;7.0;803.0;172.0;1063.0;151.0;Kommunistesch Partei Lëtzebuerg;KPL;0.0;2100.0;2100.0;151.0;non far-right;2013
LUX;Luxembourg;parliament;2013-10-20;2.94;0.0;60.0;Pi;Piratepartei Lëtzebuerg;Pirate Party Luxembourg;;7.0;803.0;172.0;1063.0;2256.0;;;;;;;non far-right;2013
LUX;Luxembourg;parliament;2013-10-20;1.5;0.0;60.0;PID;Partei fir Integral Demokratie;Party for Full Democracy;7.4;7.0;803.0;172.0;1063.0;2257.0;;;;;;;non far-right;2013
LUX;Luxembourg;parliament;2013-10-20;18.25;13.0;60.0;DP;Demokratesch Partei;Democratic Party;6.5789;7.0;803.0;172.0;1063.0;967.0;;;;;;;non far-right;2013
CZE;Czech Republic;parliament;2013-10-25;2.46;0.0;200.0;SSO;Strana svobodných občanů;Party of Free Citizens;8.7;68.0;805.0;599.0;1062.0;363.0;;;;;;;non far-right;2013
CZE;Czech Republic;parliament;2013-10-25;;5.0;200.0;STAN;Starostové a nezávislí;Mayors and Independents;6.0;68.0;805.0;599.0;1062.0;2024.0;;;;;;;non far-right;2013
CZE;Czech Republic;parliament;2013-10-25;1.51;0.0;200.0;SPOZ;Strana práv občanů – Zemanovci;Party of Civic Rights -- Zemanovci;3.3;68.0;805.0;599.0;1062.0;406.0;;;;;;;non far-right;2013
CZE;Czech Republic;parliament;2013-10-25;6.88;14.0;200.0;UPD;Úsvit přímé demokracie;Dawn of Direct Democracy;7.4;68.0;805.0;599.0;1062.0;2262.0;Úsvit;Usvit;1.0;1900.0;2100.0;2262.0;far-right;2013
CZE;Czech Republic;parliament;2013-10-25;6.78;14.0;200.0;KDU-CSL;Křesťanská a demokratická unie – Československá strana lidová;Christian Democratic Union -- People's Party;5.8099;68.0;805.0;599.0;1062.0;1245.0;;;;;;;non far-right;2013
CZE;Czech Republic;parliament;2013-10-25;7.72;16.0;200.0;ODS;Občanská demokratická strana;Civic Democratic Party;7.3637;68.0;805.0;599.0;1062.0;829.0;;;;;;;non far-right;2013
CZE;Czech Republic;parliament;2013-10-25;11.99;21.0;200.0;TOP09;Tradice Odpovědnost Prosperita 09;Tradition Responsibility Prosperity 09;7.4;68.0;805.0;599.0;1062.0;2.0;;;;;;;non far-right;2013
CZE;Czech Republic;parliament;2013-10-25;14.91;33.0;200.0;KSCM;Komunistická strana Cech a Moravy;Communist Party of Bohemia and Moravia;0.7498;68.0;805.0;599.0;1062.0;1173.0;Komunistická strana Cech a Moravy;KSCM;0.0;2100.0;2100.0;1173.0;non far-right;2013
CZE;Czech Republic;parliament;2013-10-25;18.65;47.0;200.0;ANO;Akce nespokojených občanů 2011;Action of Dissatisfied Citizens 2011;6.0;68.0;805.0;599.0;1062.0;2263.0;Akce nespokojených obcanu;ANO;0.0;2100.0;2100.0;2263.0;non far-right;2013
CZE;Czech Republic;parliament;2013-10-25;20.45;50.0;200.0;CSSD;Česká strana sociálně demokratická;Czech Social Democratic Party;3.0463;68.0;805.0;599.0;1062.0;789.0;;;;;;;non far-right;2013
CZE;Czech Republic;parliament;2013-10-25;3.19;0.0;200.0;SZ;Strana zelených;Green Party;4.123;68.0;805.0;599.0;1062.0;196.0;;;;;;;non far-right;2013
CZE;Czech Republic;parliament;2013-10-25;2.66;0.0;200.0;Pi;Ceska piratska strana;Czech Pirate Party;;68.0;805.0;599.0;1062.0;2261.0;;;;;;;non far-right;2013
HUN;Hungary;parliament;2014-04-06;44.87;;199.0;Fi+KDNP;Fidesz – Magyar Polgári Szövetség / Kereszténydemokrata Néppárt;Fidesz -- Hungarian Civic Party / Christian Democratic People's Party;6.5432;39.0;814.0;688.0;846.0;437.0;;;;;;;far-right;2014
HUN;Hungary;parliament;2014-04-06;;1.0;199.0;PM;Párbeszéd Magyarországért;Dialogue for Hungary;2.5;39.0;814.0;688.0;846.0;2349.0;;;;;;;non far-right;2014
HUN;Hungary;parliament;2014-04-06;;1.0;199.0;one-seat;one seat;one seat;;39.0;814.0;688.0;846.0;952.0;;;;;;;non far-right;2014
HUN;Hungary;parliament;2014-04-06;;117.0;199.0;Fi-MPSz;Fidesz – Magyar Polgári Szövetség;Fidesz -- Hungarian Civic Union;6.5432;39.0;814.0;688.0;846.0;921.0;Fidesz;Fidesz;1.0;2010.0;2100.0;921.0;far-right;2014
HUN;Hungary;parliament;2014-04-06;25.57;29.0;199.0;MSZP;Magyar Szocialista Párt;Hungarian Socialist Party;2.8743;39.0;814.0;688.0;846.0;1591.0;;;;;;;non far-right;2014
HUN;Hungary;parliament;2014-04-06;0.56;0.0;199.0;MMP;Magyar Munkáspárt;Hungarian Workers' Party;0.6316;39.0;814.0;688.0;846.0;1202.0;Magyar Munkáspárt;MMP;0.0;2100.0;2100.0;1202.0;non far-right;2014
HUN;Hungary;parliament;2014-04-06;;16.0;199.0;KDNP;Kereszténydemokrata Néppárt;Christian Democratic People's Party;7.4;39.0;814.0;688.0;846.0;434.0;;;;;;;non far-right;2014
HUN;Hungary;parliament;2014-04-06;5.34;5.0;199.0;LMP;Lehet Más a Politika;Politics Can Be Different;2.5;39.0;814.0;688.0;846.0;403.0;;;;;;;non far-right;2014
HUN;Hungary;parliament;2014-04-06;;4.0;199.0;DK;Demokratikus Koalíció;Democratic Coalition;3.3;39.0;814.0;688.0;846.0;1970.0;;;;;;;non far-right;2014
HUN;Hungary;parliament;2014-04-06;;3.0;199.0;Egyutt;Együtt – A Korszakváltók Pártja;Together -- Party for a New Era;3.3;39.0;814.0;688.0;846.0;2318.0;;;;;;;non far-right;2014
HUN;Hungary;parliament;2014-04-06;20.22;23.0;199.0;Jobbik;Jobbik Magyarországért Mozgalom;Jobbik Movement for a Better Hungary;8.7;39.0;814.0;688.0;846.0;600.0;Jobbik Magyarországért Mozgalom;Jobbik;1.0;1900.0;2018.0;600.0;far-right;2014
BEL;Belgium;parliament;2014-05-25;0.86;0.0;150.0;DLB;Debout Les Belges!;Belgians, Rise Up!;8.7;64.0;816.0;486.0;987.0;2368.0;;;;;;;non far-right;2014
BEL;Belgium;parliament;2014-05-25;3.3;6.0;150.0;Ecolo;Écologistes Confédérés pour l'organisation de luttes originales;Confederated ecologists for the organisation of original struggles;2.641;64.0;816.0;486.0;987.0;161.0;;;;;;;non far-right;2014
BEL;Belgium;parliament;2014-05-25;5.32;6.0;150.0;AGL-Gr;Agalev – Groen;Agalev -- Green;2.5762;64.0;816.0;486.0;987.0;1594.0;;;;;;;non far-right;2014
BEL;Belgium;parliament;2014-05-25;4.98;9.0;150.0;PSC-CDH;Parti Social Chrétien – Centre Democrate Humaniste;Francophone Christian Social Party -- Humanist Democratic Centre;5.4974;64.0;816.0;486.0;987.0;1192.0;;;;;;;non far-right;2014
BEL;Belgium;parliament;2014-05-25;8.83;13.0;150.0;SP;Socialistische Partij;Socialist Party;3.2459;64.0;816.0;486.0;987.0;1029.0;;;;;;;non far-right;2014
BEL;Belgium;parliament;2014-05-25;9.78;14.0;150.0;PVV|VLD;Partij voor Vrijheid en Vooruitgang | Vlaamse Liberalen en Democraten;Party of Liberty and Progress | Flemish Liberals and Democrats;7.0053;64.0;816.0;486.0;987.0;1110.0;;;;;;;non far-right;2014
BEL;Belgium;parliament;2014-05-25;11.61;18.0;150.0;CVP|CD&V;Christelijke Volkspartij | Christen-Democratisch en Vlaams;Flemish Christian Peoples Party | Christian Democrats & Flemish;5.7667;64.0;816.0;486.0;987.0;723.0;;;;;;;non far-right;2014
BEL;Belgium;parliament;2014-05-25;9.64;20.0;150.0;MR;Mouvement Réformateur;Reformist Movement;6.6889;64.0;816.0;486.0;987.0;915.0;;;;;;;non far-right;2014
BEL;Belgium;parliament;2014-05-25;11.67;23.0;150.0;PS;Parti Socialiste;Socialist Party [Francophone];2.9307;64.0;816.0;486.0;987.0;1378.0;;;;;;;non far-right;2014
BEL;Belgium;parliament;2014-05-25;20.26;33.0;150.0;N-VA;Nieuw-Vlaamse Alliantie;New Flemish Alliance;6.5321;64.0;816.0;486.0;987.0;501.0;Nieuw-Vlaamse Alliantie;N-VA;1.0;2019.0;2025.0;501.0;non far-right;2014
BEL;Belgium;parliament;2014-05-25;3.67;3.0;150.0;VB;Vlaams Blok | Vlaams Belang;Flemish Block | Flemish Interest;9.6622;64.0;816.0;486.0;987.0;993.0;Vlaams Belang;VB;1.0;1900.0;2100.0;993.0;far-right;2014
BEL;Belgium;parliament;2014-05-25;3.72;2.0;150.0;PA-PTB;Partij van de Arbeid – Parti du Travail de Belgique;Workers' Party of Belgium;1.3;64.0;816.0;486.0;987.0;256.0;Partij van de Arbeid – Parti du Travail;PVDA/PTB;0.0;2100.0;2100.0;256.0;non far-right;2014
BEL;Belgium;parliament;2014-05-25;1.8;2.0;150.0;FDF;Front Démocratique des Francophones | DéFI;Francophone Democratic Front;6.1259;64.0;816.0;486.0;987.0;969.0;;;;;;;non far-right;2014
BEL;Belgium;parliament;2014-05-25;1.52;1.0;150.0;Pp;Parti populaire;People's Party;7.4;64.0;816.0;486.0;987.0;438.0;Parti populaire;PP;1.0;1900.0;2100.0;438.0;far-right;2014
SVN;Slovenia;parliament;2014-07-13;1.34;0.0;90.0;PSS;Piratska stranka Slovenije;Slovenian Pirate Party;;60.0;817.0;778.0;1047.0;2338.0;;;;;;;non far-right;2014
SVN;Slovenia;parliament;2014-07-13;5.59;5.0;90.0;NSI;Nova Slovenija – Krščanska ljudska stranka;New Slovenia -- Christian People's Party;7.9345;60.0;817.0;778.0;1047.0;1047.0;Nova Slovenija – Krščanski Demokrati;N.Si;1.0;1900.0;2100.0;1047.0;far-right;2014
SVN;Slovenia;parliament;2014-07-13;2.2;0.0;90.0;SNS;Slovenska nacionalna stranka;Slovenian National Party;4.7941;60.0;817.0;778.0;1047.0;981.0;Slovenska Nacionalna Stranka;SNS;1.0;1900.0;2100.0;981.0;far-right;2014
SVN;Slovenia;parliament;2014-07-13;2.97;0.0;90.0;LZJ-PS;Lista Zorana Jankovića – Pozitivna Slovenija;Zoran Jankovic's List -- Positive Slovenia;3.3;60.0;817.0;778.0;1047.0;1987.0;;;;;;;non far-right;2014
SVN;Slovenia;parliament;2014-07-13;3.95;0.0;90.0;SLS;Slovenska ljudska stranka;Slovenian People's Party;6.6953;60.0;817.0;778.0;1047.0;16.0;;;;;;;non far-right;2014
SVN;Slovenia;parliament;2014-07-13;;1.0;90.0;Mad;Madžarska narodna skupnost;Hungarian national community;;60.0;817.0;778.0;1047.0;65.0;;;;;;;non far-right;2014
SVN;Slovenia;parliament;2014-07-13;;1.0;90.0;Ita;Italijanska narodna skupnost;Italian national community;;60.0;817.0;778.0;1047.0;199.0;;;;;;;non far-right;2014
SVN;Slovenia;parliament;2014-07-13;4.38;4.0;90.0;ZaAB;Zavezništvo Alenke Bratušek;Alliance of Alenka Bratusek;3.3;60.0;817.0;778.0;1047.0;2337.0;;;;;;;non far-right;2014
SVN;Slovenia;parliament;2014-07-13;5.97;6.0;90.0;ZdLe;Združena levica;United Left;1.3;60.0;817.0;778.0;1047.0;2334.0;;;;;;;non far-right;2014
SVN;Slovenia;parliament;2014-07-13;20.71;21.0;90.0;SDS;Slovenska demokratska stranka;Slovenian Democratic Party;6.9996;60.0;817.0;778.0;1047.0;179.0;Slovenska Demokratska Stranka;SDS;1.0;2015.0;2100.0;179.0;non far-right;2014
SVN;Slovenia;parliament;2014-07-13;10.18;10.0;90.0;DeSUS;Demokratična stranka upokojencev Slovenije;Democratic Party of Pensioners of Slovenia;3.2292;60.0;817.0;778.0;1047.0;1587.0;;;;;;;non far-right;2014
SVN;Slovenia;parliament;2014-07-13;34.49;36.0;90.0;SMC;Stranka modernega;Modern Center Party;3.3;60.0;817.0;778.0;1047.0;2333.0;;;;;;;non far-right;2014
SVN;Slovenia;parliament;2014-07-13;5.98;6.0;90.0;ZL-SD;Združena lista – Socialni demokrati;United List -- Social Democrats;3.0637;60.0;817.0;778.0;1047.0;706.0;Združena levica;ZL;0.0;2100.0;2100.0;706.0;non far-right;2014
SWE;Sweden;parliament;2014-09-14;6.11;22.0;349.0;C;Centerpartiet;Centre Party;5.8084;35.0;828.0;512.0;854.0;1461.0;;;;;;;non far-right;2014
SWE;Sweden;parliament;2014-09-14;3.12;0.0;349.0;Fi;Feministiskt initiativ;Feminist Initiative;;35.0;828.0;512.0;854.0;1521.0;;;;;;;non far-right;2014
SWE;Sweden;parliament;2014-09-14;4.57;16.0;349.0;KD;Kristdemokraterna;Christian Democrats;7.195;35.0;828.0;512.0;854.0;282.0;;;;;;;non far-right;2014
SWE;Sweden;parliament;2014-09-14;5.42;19.0;349.0;FP;Folkpartiet;People's Party;6.2906;35.0;828.0;512.0;854.0;892.0;;;;;;;non far-right;2014
SWE;Sweden;parliament;2014-09-14;5.72;21.0;349.0;V;Vänsterpartiet (kommunisterna);Left Party (Communists);1.5464;35.0;828.0;512.0;854.0;882.0;Vänsterpartiet;V;0.0;2100.0;2100.0;882.0;non far-right;2014
SWE;Sweden;parliament;2014-09-14;31.01;113.0;349.0;SAP;Socialdemokraterna;Social Democrats;3.4447;35.0;828.0;512.0;854.0;904.0;;;;;;;non far-right;2014
SWE;Sweden;parliament;2014-09-14;23.33;84.0;349.0;M;Moderaterna;Moderate Party;7.8907;35.0;828.0;512.0;854.0;657.0;;;;;;;non far-right;2014
SWE;Sweden;parliament;2014-09-14;6.89;25.0;349.0;MP;Miljöpartiet de Gröna;Greens;3.3789;35.0;828.0;512.0;854.0;1154.0;;;;;;;non far-right;2014
SWE;Sweden;parliament;2014-09-14;12.86;49.0;349.0;SD;Sverigedemokraterna;Sweden Democrats;8.7;35.0;828.0;512.0;854.0;1546.0;Sverigedemokraterna;SD;1.0;1900.0;2100.0;1546.0;far-right;2014
LVA;Latvia;parliament;2014-10-04;1.58;0.0;100.0;PCTVL;Par cilvēka tiesībām vienotā Latvijā;For Human Rights in a United Latvia;1.25;55.0;831.0;765.0;1073.0;1520.0;;;;;;;non far-right;2014
LVA;Latvia;parliament;2014-10-04;6.66;8.0;100.0;LRa;Latvijas Reģionu apvienība;Latvian Association of Regions;7.4;55.0;831.0;765.0;1073.0;2366.0;;;;;;;non far-right;2014
LVA;Latvia;parliament;2014-10-04;1.18;0.0;100.0;ViLa;Vienoti Latvijai;United for Latvia;6.0;55.0;831.0;765.0;1073.0;2367.0;;;;;;;non far-right;2014
LVA;Latvia;parliament;2014-10-04;16.61;17.0;100.0;NA/TB/LNNK;Nacionālā apvienība / Tēvzemei un Brīvībai / LNNK;National Alliance / For Fatherland and Freedom / LNNK;8.2588;55.0;831.0;765.0;1073.0;521.0;Nacionālā Apvienība;;1.0;1900.0;2100.0;521.0;far-right;2014
LVA;Latvia;parliament;2014-10-04;19.53;21.0;100.0;ZZS;Zaļo un Zemnieku savienība;Green and Farmers' Union;5.2632;55.0;831.0;765.0;1073.0;466.0;;;;;;;non far-right;2014
LVA;Latvia;parliament;2014-10-04;21.87;23.0;100.0;V;Vienotība;Unity;7.4;55.0;831.0;765.0;1073.0;1666.0;;;;;;;non far-right;2014
LVA;Latvia;parliament;2014-10-04;23.0;24.0;100.0;S;Saskaņas;Harmony;3.0;55.0;831.0;765.0;1073.0;1100.0;;;;;;;non far-right;2014
LVA;Latvia;parliament;2014-10-04;6.85;7.0;100.0;NsL;No sirds Latvijai;For Latvia from the Heart;7.4;55.0;831.0;765.0;1073.0;2365.0;;;;;;;non far-right;2014
BGR;Bulgaria;parliament;2014-10-05;8.89;23.0;240.0;RB;Reformatorski Blok;Reformist Bloc;7.4;10.0;840.0;799.0;1139.0;2363.0;;;;;;;non far-right;2014
BGR;Bulgaria;parliament;2014-10-05;1.19;0.0;240.0;D21;Dvizhenie 21;Movement 21;3.3;10.0;840.0;799.0;1139.0;2379.0;;;;;;;non far-right;2014
BGR;Bulgaria;parliament;2014-10-05;4.15;11.0;240.0;ABV;Alternativa za balgarsko vazrazhdane;Alternative for Bulgarian Revival;3.3;10.0;840.0;799.0;1139.0;2364.0;;;;;;;non far-right;2014
BGR;Bulgaria;parliament;2014-10-05;4.52;11.0;240.0;Ataka;Ataka;Attack;5.46;10.0;840.0;799.0;1139.0;535.0;Ataka;Ataka;1.0;1900.0;2100.0;535.0;far-right;2014
BGR;Bulgaria;parliament;2014-10-05;5.69;15.0;240.0;BBZ;Balgarija bes Zensura;Bulgaria Without Censorship;7.4;10.0;840.0;799.0;1139.0;2362.0;Prezaredi Bulgariya;BBT;1.0;1900.0;2100.0;2362.0;far-right;2014
BGR;Bulgaria;parliament;2014-10-05;7.28;19.0;240.0;NFSB;Natsionalen Front za Spasenie na Balgariya;National Front for the Salvation of Bulgaria;8.7;10.0;840.0;799.0;1139.0;2211.0;Natsionalen Front za Spasenie na Balgariya;NFSB;1.0;1900.0;2100.0;2211.0;far-right;2014
BGR;Bulgaria;parliament;2014-10-05;14.84;38.0;240.0;DPS;Dvizhenie za Prava i Svobodi;Movement for Rights and Freedoms;4.5828;10.0;840.0;799.0;1139.0;1286.0;;;;;;;non far-right;2014
BGR;Bulgaria;parliament;2014-10-05;15.4;39.0;240.0;KzB|DL;Koalitsiya za Balgariya | Demokratichna Levitsa;Coalition for Bulgaria | Democratic Left;2.8982;10.0;840.0;799.0;1139.0;1160.0;;;;;;;non far-right;2014
BGR;Bulgaria;parliament;2014-10-05;32.67;84.0;240.0;GERB;Grazhdani za Evropeysko Razvitie na Balgariya;Citizens for European Development of Bulgaria;8.7;10.0;840.0;799.0;1139.0;1541.0;Grazhdani za Evropeysko Razvitie na Bulgariya;GERB;0.0;2100.0;2100.0;1541.0;non far-right;2014
BGR;Bulgaria;parliament;2014-10-05;1.14;0.0;240.0;GN;Glas Naroden;People's Voice;;10.0;840.0;799.0;1139.0;2214.0;;;;;;;non far-right;2014
GRC;Greece;parliament;2015-01-25;1.79;0.0;300.0;EK;Enosi Kentroon;Union of Centrists;3.3;41.0;851.0;784.0;1060.0;2165.0;;;;;;;non far-right;2015
GRC;Greece;parliament;2015-01-25;1.03;0.0;300.0;LAOS;Laïkós Orthódoxos Synagermós;Popular Orthodox Rally;9.11;41.0;851.0;784.0;1060.0;1179.0;Laïkós Orthódoxos Synagermós;LAOS;1.0;1900.0;2100.0;1179.0;far-right;2015
GRC;Greece;parliament;2015-01-25;2.46;0.0;300.0;KIDISO;Kinima Dimokraton Sosialiston;Movement of Democratic Socialists;3.3;41.0;851.0;784.0;1060.0;2407.0;;;;;;;non far-right;2015
GRC;Greece;parliament;2015-01-25;4.68;13.0;300.0;PASOK;Panellinio Sosialistikó Kínima;Panhellenic Socialist Movement;4.4968;41.0;851.0;784.0;1060.0;1338.0;;;;;;;non far-right;2015
GRC;Greece;parliament;2015-01-25;4.75;13.0;300.0;ANEL;Anexartitoi Ellines;Independent Greeks;8.7;41.0;851.0;784.0;1060.0;2091.0;Anexartitoi Ellines;ANEL;1.0;1900.0;2100.0;2091.0;far-right;2015
GRC;Greece;parliament;2015-01-25;5.47;15.0;300.0;KKE;Kommounistikó Kómma Elládas;Communist Party of Greece;1.253;41.0;851.0;784.0;1060.0;614.0;Kommounistikó Kómma Elládas;KKE;0.0;2100.0;2100.0;614.0;non far-right;2015
GRC;Greece;parliament;2015-01-25;6.05;17.0;300.0;TP;To Potami;The River;3.3;41.0;851.0;784.0;1060.0;2346.0;;;;;;;non far-right;2015
GRC;Greece;parliament;2015-01-25;6.28;17.0;300.0;LS-CA;Laikos Syndesmos – Chrysi Avg;Peoples Association -- Golden Dawn;8.7;41.0;851.0;784.0;1060.0;2092.0;Laikos Syndesmos – Chrysi Avgi;GD;1.0;1900.0;2100.0;2092.0;far-right;2015
GRC;Greece;parliament;2015-01-25;27.81;76.0;300.0;ND;Néa Đimokratía;New Democracy;6.7365;41.0;851.0;784.0;1060.0;47.0;;;;;;;non far-right;2015
GRC;Greece;parliament;2015-01-25;36.34;149.0;300.0;SYRIZA;Synaspismós Rizospastikís Aristerás;Coalition of the Radical Left;2.8947;41.0;851.0;784.0;1060.0;1592.0;Synaspismós Rizospastikís Aristerás;SYRIZA;0.0;2100.0;2100.0;1592.0;non far-right;2015
GRC;Greece;parliament;2015-01-25;1.77;0.0;300.0;Tel;Teleia – Apostolos Gkletsos;Dot -- Apostolos Gkletsos;3.3;41.0;851.0;784.0;1060.0;2408.0;;;;;;;non far-right;2015
EST;Estonia;parliament;2015-03-01;0.9;0.0;101.0;EER;Erakond Eestimaa Rohelised;Estonian Greens;2.5;75.0;853.0;699.0;1095.0;219.0;;;;;;;non far-right;2015
EST;Estonia;parliament;2015-03-01;8.15;7.0;101.0;ERa/EKR;Eestimaa Rahvalliit / Eesti Konservatiivne Rahvaerakond;People's Union of Estonia / Conservative People's Party;4.5812;75.0;853.0;699.0;1095.0;417.0;Eesti Konservatiivne Rahvaerakond;EKRE;1.0;1900.0;2100.0;417.0;far-right;2015
EST;Estonia;parliament;2015-03-01;8.69;8.0;101.0;EV;Eesti Vabaerakond;Free Party;7.4;75.0;853.0;699.0;1095.0;2409.0;;;;;;;non far-right;2015
EST;Estonia;parliament;2015-03-01;13.71;14.0;101.0;IRL;Erakond Isamaa ja Res Publica Liit;Pro Patria and Res Publica Union;8.4962;75.0;853.0;699.0;1095.0;1597.0;;;;;;;non far-right;2015
EST;Estonia;parliament;2015-03-01;15.19;15.0;101.0;SDE|M;Sotsiaaldemokraatlik Erakond | Mõõdukad;Social Democratic Party | Moderates;4.1915;75.0;853.0;699.0;1095.0;1448.0;;;;;;;non far-right;2015
EST;Estonia;parliament;2015-03-01;27.69;30.0;101.0;ERe;Eesti Reformierakond;Estonian Reform Party;7.8969;75.0;853.0;699.0;1095.0;113.0;;;;;;;non far-right;2015
EST;Estonia;parliament;2015-03-01;24.81;27.0;101.0;EK;Eesti Keskerakond;Estonian Centre Party;3.9562;75.0;853.0;699.0;1095.0;1137.0;Eesti Keskerakond;EK;0.0;2100.0;2100.0;1137.0;non far-right;2015
FIN;Finland;parliament;2015-04-19;4.88;9.0;200.0;RKP-SFP;Ruotsalainen Kansanpuolue – Svenska Folkepartiet i Finland;Swedish People's Party;6.3906;67.0;855.0;700.0;1145.0;585.0;;;;;;;non far-right;2015
FIN;Finland;parliament;2015-04-19;0.85;0.0;200.0;Pi;Piraattipuolue;Pirate Party Finland;;67.0;855.0;700.0;1145.0;2412.0;;;;;;;non far-right;2015
FIN;Finland;parliament;2015-04-19;0.56;1.0;200.0;AS;Åländsk Samling;Aland Coalition;;67.0;855.0;700.0;1145.0;66.0;;;;;;;non far-right;2015
FIN;Finland;parliament;2015-04-19;3.54;5.0;200.0;KD;Kristillisdemokraatit – Kristdemokraterna;Christian Democrats;7.1884;67.0;855.0;700.0;1145.0;1463.0;;;;;;;non far-right;2015
FIN;Finland;parliament;2015-04-19;7.13;12.0;200.0;DL|VAS;Demokraattinen Liitto – Demokratiska Förbundet | Vasemmistoliitto – Vänsterförbundet;Democratic Union | Left Alliance;2.1843;67.0;855.0;700.0;1145.0;1292.0;Demokraattinen Liitto | Vasemmistoliitto;VAS;0.0;2100.0;2100.0;1292.0;non far-right;2015
FIN;Finland;parliament;2015-04-19;17.65;38.0;200.0;SP|P;Suomen Puolue | Perussuomalaiset;Finnish Party | True Finns;6.6331;67.0;855.0;700.0;1145.0;200.0;Suomen Maaseudun Puolue | Perussuomalaiset;PS;1.0;1900.0;2100.0;200.0;far-right;2015
FIN;Finland;parliament;2015-04-19;16.51;34.0;200.0;SSDP;Suomen Sosialidemokraattinen Puolue – Finlands Socialdemokratiska Parti;Social Democratic Party of Finland;3.5595;67.0;855.0;700.0;1145.0;395.0;;;;;;;non far-right;2015
FIN;Finland;parliament;2015-04-19;18.2;37.0;200.0;KOK;Kansallinen Kokoomus – Samlingspartiet;National Coalition Party;7.2451;67.0;855.0;700.0;1145.0;1118.0;;;;;;;non far-right;2015
FIN;Finland;parliament;2015-04-19;21.1;49.0;200.0;KESK;Keskusta;Centre Party;5.8027;67.0;855.0;700.0;1145.0;94.0;;;;;;;non far-right;2015
FIN;Finland;parliament;2015-04-19;8.53;15.0;200.0;VIHR;Vihreä Liitto – Gröna Förbundet;Green League;3.6465;67.0;855.0;700.0;1145.0;1062.0;;;;;;;non far-right;2015
GBR;United Kingdom;parliament;2015-05-07;0.6;8.0;650.0;DUP;Democratic Unionist Party;Democratic Unionist Party;7.4;44.0;856.0;582.0;874.0;319.0;Democratic Unionist Party;DUP;0.0;2100.0;2100.0;319.0;non far-right;2015
GBR;United Kingdom;parliament;2015-05-07;36.93;331.0;650.0;Con;Conservatives;Conservatives;7.4261;44.0;856.0;582.0;874.0;773.0;;;;;;;non far-right;2015
GBR;United Kingdom;parliament;2015-05-07;4.74;56.0;650.0;SNP;Scottish National Party – Pàrtaidh Nàiseanta na h-Alba;Scottish National Party;3.5871;44.0;856.0;582.0;874.0;1284.0;;;;;;;non far-right;2015
GBR;United Kingdom;parliament;2015-05-07;7.87;8.0;650.0;Lib;Liberals;Liberals;4.2875;44.0;856.0;582.0;874.0;659.0;;;;;;;non far-right;2015
GBR;United Kingdom;parliament;2015-05-07;0.57;4.0;650.0;SF;Sinn Féin;Sinn Fein;1.3;44.0;856.0;582.0;874.0;689.0;;;;;;;non far-right;2015
GBR;United Kingdom;parliament;2015-05-07;30.46;232.0;650.0;Lab;Labour Party;Labour;4.3562;44.0;856.0;582.0;874.0;1556.0;;;;;;;non far-right;2015
GBR;United Kingdom;parliament;2015-05-07;0.33;3.0;650.0;SDLP;Social Democratic and Labour Party;Social Democratic and Labour Party;3.3;44.0;856.0;582.0;874.0;1023.0;;;;;;;non far-right;2015
GBR;United Kingdom;parliament;2015-05-07;0.37;2.0;650.0;UUP;Ulster Unionist Party;Ulster Unionist Party;8.3;44.0;856.0;582.0;874.0;1210.0;;;;;;;non far-right;2015
GBR;United Kingdom;parliament;2015-05-07;12.65;1.0;650.0;UKIP;United Kingdom Independence Party;United Kingdom Independence Party;7.8429;44.0;856.0;582.0;874.0;1272.0;United Kingdom Independence Party;UKIP;1.0;2002.0;2100.0;1272.0;far-right;2015
GBR;United Kingdom;parliament;2015-05-07;0.2;0.0;650.0;CP;The Christian Party – Christian Peoples Alliance in England;The Christian Party -- Christian Peoples Alliance in England;6.2;44.0;856.0;582.0;874.0;2063.0;;;;;;;non far-right;2015
GBR;United Kingdom;parliament;2015-05-07;0.54;1.0;650.0;one-seat;one seat;one seat;;44.0;856.0;582.0;874.0;2296.0;;;;;;;non far-right;2015
GBR;United Kingdom;parliament;2015-05-07;3.77;1.0;650.0;GP;Green Party;Green Party;2.57;44.0;856.0;582.0;874.0;467.0;;;;;;;non far-right;2015
GBR;United Kingdom;parliament;2015-05-07;0.59;3.0;650.0;Plaid;Plaid Cymru;Plaid Cymru;3.1183;44.0;856.0;582.0;874.0;311.0;;;;;;;non far-right;2015
DNK;Denmark;parliament;2015-06-18;4.8;9.0;179.0;A;Alternativet;The Alternative;2.5;21.0;976.0;722.0;1074.0;2567.0;;;;;;;non far-right;2015
DNK;Denmark;parliament;2015-06-18;4.6;8.0;179.0;RV;Det Radikale Venstre;Danish Social Liberal Party;4.8736;21.0;976.0;722.0;1074.0;211.0;;;;;;;non far-right;2015
DNK;Denmark;parliament;2015-06-18;4.2;7.0;179.0;SF;Socialistisk Folkeparti;Socialist Peoples Party;2.1347;21.0;976.0;722.0;1074.0;1644.0;Socialistisk Folkeparti;SF;0.0;2100.0;2100.0;1644.0;non far-right;2015
DNK;Denmark;parliament;2015-06-18;;1.0;179.0;Jf;Javnaðarflokkurin;Social Democratic Party (Faroe Islands);3.3;21.0;976.0;722.0;1074.0;1894.0;;;;;;;non far-right;2015
DNK;Denmark;parliament;2015-06-18;;1.0;179.0;Si;Siumut;Forward (Greenland);3.3;21.0;976.0;722.0;1074.0;74.0;;;;;;;non far-right;2015
DNK;Denmark;parliament;2015-06-18;;1.0;179.0;T;Tjóðveldi;Republic (Faroe Islands);1.3;21.0;976.0;722.0;1074.0;2568.0;;;;;;;non far-right;2015
DNK;Denmark;parliament;2015-06-18;7.5;13.0;179.0;NLA;Ny-Liberal Alliance;New-Liberal Alliance;6.0;21.0;976.0;722.0;1074.0;376.0;;;;;;;non far-right;2015
DNK;Denmark;parliament;2015-06-18;0.8;0.0;179.0;KrF;Kristeligt Folkeparti;Christian People's Party;5.6982;21.0;976.0;722.0;1074.0;1331.0;;;;;;;non far-right;2015
DNK;Denmark;parliament;2015-06-18;3.4;6.0;179.0;KF;Konservative;Conservatives;7.2186;21.0;976.0;722.0;1074.0;590.0;;;;;;;non far-right;2015
DNK;Denmark;parliament;2015-06-18;7.8;14.0;179.0;En-O;Enhedslisten – De Rød-Grønne;Red-Green Alliance;0.8912;21.0;976.0;722.0;1074.0;306.0;Enhedslisten – De Rød-Grønne;En-O;0.0;2100.0;2100.0;306.0;non far-right;2015
DNK;Denmark;parliament;2015-06-18;;1.0;179.0;IA;Inuit Ataqatigiit;Community of the People;1.3;21.0;976.0;722.0;1074.0;1891.0;;;;;;;non far-right;2015
DNK;Denmark;parliament;2015-06-18;21.1;37.0;179.0;DF;Dansk Folkeparti;Danish People's Party;8.2269;21.0;976.0;722.0;1074.0;1418.0;Dansk Folkeparti;DF;1.0;1900.0;2100.0;1418.0;far-right;2015
DNK;Denmark;parliament;2015-06-18;26.3;47.0;179.0;Sd;Socialdemokraterne;Social Democrats;3.8011;21.0;976.0;722.0;1074.0;1629.0;;;;;;;non far-right;2015
DNK;Denmark;parliament;2015-06-18;19.5;34.0;179.0;V;Venstre;Liberal Party;7.292;21.0;976.0;722.0;1074.0;1605.0;;;;;;;non far-right;2015
GRC;Greece;parliament;2015-09-20;35.46;145.0;300.0;SYRIZA;Synaspismós Rizospastikís Aristerás;Coalition of the Radical Left;2.8947;41.0;992.0;851.0;1157.0;1592.0;Synaspismós Rizospastikís Aristerás;SYRIZA;0.0;2100.0;2100.0;1592.0;non far-right;2015
GRC;Greece;parliament;2015-09-20;28.1;75.0;300.0;ND;Néa Đimokratía;New Democracy;6.7365;41.0;992.0;851.0;1157.0;47.0;;;;;;;non far-right;2015
GRC;Greece;parliament;2015-09-20;6.99;18.0;300.0;LS-CA;Laikos Syndesmos – Chrysi Avg;Peoples Association -- Golden Dawn;8.7;41.0;992.0;851.0;1157.0;2092.0;Laikos Syndesmos – Chrysi Avgi;GD;1.0;1900.0;2100.0;2092.0;far-right;2015
GRC;Greece;parliament;2015-09-20;6.28;17.0;300.0;PASOK;Panellinio Sosialistikó Kínima;Panhellenic Socialist Movement;4.4968;41.0;992.0;851.0;1157.0;1338.0;;;;;;;non far-right;2015
GRC;Greece;parliament;2015-09-20;4.09;11.0;300.0;TP;To Potami;The River;3.3;41.0;992.0;851.0;1157.0;2346.0;;;;;;;non far-right;2015
GRC;Greece;parliament;2015-09-20;3.69;10.0;300.0;ANEL;Anexartitoi Ellines;Independent Greeks;8.7;41.0;992.0;851.0;1157.0;2091.0;Anexartitoi Ellines;ANEL;1.0;1900.0;2100.0;2091.0;far-right;2015
GRC;Greece;parliament;2015-09-20;3.43;9.0;300.0;EK;Enosi Kentroon;Union of Centrists;3.3;41.0;992.0;851.0;1157.0;2165.0;;;;;;;non far-right;2015
GRC;Greece;parliament;2015-09-20;2.86;0.0;300.0;LE|PE;Laïkí Enótita | Plefsi Eleftherias;Popular Unity | Course of Freedom;1.3;41.0;992.0;851.0;1157.0;2596.0;Laiki Enotita-Anypotakti Aristera;LAE;0.0;2100.0;2100.0;2596.0;non far-right;2015
GRC;Greece;parliament;2015-09-20;5.55;15.0;300.0;KKE;Kommounistikó Kómma Elládas;Communist Party of Greece;1.253;41.0;992.0;851.0;1157.0;614.0;Kommounistikó Kómma Elládas;KKE;0.0;2100.0;2100.0;614.0;non far-right;2015
PRT;Portugal;parliament;2015-10-04;10.58;19.0;230.0;BE;Bloco de Esquerda;Bloc of the Left;1.6425;63.0;993.0;702.0;917.0;557.0;Bloco de Esquerda;BE;0.0;2100.0;2100.0;557.0;non far-right;2015
PRT;Portugal;parliament;2015-10-04;8.56;17.0;230.0;CDU;Coligação Democrático Unitária;Unified Democratic Coalition;2.2233;63.0;993.0;702.0;917.0;1295.0;;;;;;;non far-right;2015
PRT;Portugal;parliament;2015-10-04;39.84;107.0;230.0;PSD;Partido Social Democrata;Social Democratic Party;6.2949;63.0;993.0;702.0;917.0;1273.0;;;;;;;non far-right;2015
PRT;Portugal;parliament;2015-10-04;1.44;1.0;230.0;PAN;Partido pelos Animais e pela Natureza;Party for Animals and Nature;2.5;63.0;993.0;702.0;917.0;1781.0;;;;;;;non far-right;2015
PRT;Portugal;parliament;2015-10-04;1.19;0.0;230.0;PDR;Partido Democrático Republicano;Republican Democratic Party;7.4;63.0;993.0;702.0;917.0;2597.0;;;;;;;non far-right;2015
PRT;Portugal;parliament;2015-10-04;1.15;0.0;230.0;PCTP/MRPP;Comunista dos Trabalhadores Portugueses / Movimento Reorganizativo do Partido do Proletariado;Communist Party of the Portuguese Workers / Reorganizative Movement of the Party of the Proletariat;1.3;63.0;993.0;702.0;917.0;281.0;;;;;;;non far-right;2015
PRT;Portugal;parliament;2015-10-04;33.57;86.0;230.0;PS;Partido Socialista;Socialist Party;4.0492;63.0;993.0;702.0;917.0;725.0;;;;;;;non far-right;2015
CHE;Switzerland;parliament;2015-10-18;0.32;1.0;200.0;MCR;Mouvement Citoyens Genevois;Geneva Citizens' Movement;8.7;40.0;995.0;779.0;989.0;2599.0;Mouvement Citoyens Genevois;MCG;1.0;1900.0;2100.0;2599.0;far-right;2015
CHE;Switzerland;parliament;2015-10-18;;1.0;200.0;etc;others;others;;40.0;995.0;779.0;989.0;2579.0;;;;;;;non far-right;2015
CHE;Switzerland;parliament;2015-10-18;0.86;1.0;200.0;PdA;Partei der Arbeit der Schweiz;Swiss Party of Labour;0.5263;40.0;995.0;779.0;989.0;1167.0;Partei der Arbeit der Schweiz;PdA;0.0;2100.0;2100.0;1167.0;non far-right;2015
CHE;Switzerland;parliament;2015-10-18;1.0;2.0;200.0;LdT;Lega dei Ticinesi;Ticino League;8.7;40.0;995.0;779.0;989.0;1500.0;Lega dei Ticinesi;LdT;1.0;1900.0;2100.0;1500.0;far-right;2015
CHE;Switzerland;parliament;2015-10-18;2.1;2.0;200.0;EVP-PEP;Evangelische Volkspartei der Schweiz – Parti Populaire Evangelique Suisse;Protestant Peoples Party;4.9248;40.0;995.0;779.0;989.0;602.0;;;;;;;non far-right;2015
CHE;Switzerland;parliament;2015-10-18;4.1;7.0;200.0;BDP;Bürgerlich–Demokratische Partei (BDP) Graubünden;Conservative Democratic Party of Switzerland;7.4;40.0;995.0;779.0;989.0;1213.0;;;;;;;non far-right;2015
CHE;Switzerland;parliament;2015-10-18;4.63;7.0;200.0;GPL-PVL;Grünliberale Partei der Schweiz – Parti Vert-Libéral;Green Liberal Party;2.5;40.0;995.0;779.0;989.0;308.0;;;;;;;non far-right;2015
CHE;Switzerland;parliament;2015-10-18;11.65;27.0;200.0;KK/CVP;Katholische Konservative / Christlichdemokratische Volkspartei – Conservateurs catholiques  /  Parti démocrate-chrétien;Catholic Conservative / Christian Democratic People's Party;4.7288;40.0;995.0;779.0;989.0;531.0;;;;;;;non far-right;2015
CHE;Switzerland;parliament;2015-10-18;16.4;33.0;200.0;FDP-PRD;Freisinnig-Demokratische Partei der Schweiz – Parti Radical-Democratique Suisse;Radical Democratic Party;6.3249;40.0;995.0;779.0;989.0;26.0;;;;;;;non far-right;2015
CHE;Switzerland;parliament;2015-10-18;18.84;43.0;200.0;SP-PS;Sozialdemokratische Partei der Schweiz – Parti Socialiste Suisse;Social Democratic Party of Switzerland;1.8319;40.0;995.0;779.0;989.0;35.0;;;;;;;non far-right;2015
CHE;Switzerland;parliament;2015-10-18;29.39;65.0;200.0;SVP-UDC;Schweizerische Volkspartei – Union Démocratique du Centre;Swiss People's Party;7.3575;40.0;995.0;779.0;989.0;750.0;Schweizerische Volkspartei;SVP;1.0;1900.0;2100.0;750.0;far-right;2015
CHE;Switzerland;parliament;2015-10-18;7.06;11.0;200.0;Grue;Grüne – Écologiste;Greens;1.6886;40.0;995.0;779.0;989.0;141.0;;;;;;;non far-right;2015
CHE;Switzerland;parliament;2015-10-18;1.19;0.0;200.0;EDU-UDF;Eidgenössisch-Demokratische Union – Union Démocratique Fédérale;Federal Democratic Union of Switzerland;8.6579;40.0;995.0;779.0;989.0;1318.0;Eidgenössisch-Demokratische Union;EDU;1.0;1900.0;2100.0;1318.0;far-right;2015
POL;Poland;parliament;2015-10-25;37.58;235.0;460.0;PiS;Prawo i Sprawiedliwość;Law and Justice;7.6997;74.0;996.0;766.0;1146.0;528.0;Prawo i Sprawiedliwosc;PiS;1.0;2005.0;2100.0;528.0;far-right;2015
POL;Poland;parliament;2015-10-25;4.76;0.0;460.0;KORWIN;Koalicja Odnowy Rzeczypospolitej Wolność i Nadzieja KORWiN;Coalition for the Renewal of the Republic -- Liberty and Hope;7.4;74.0;996.0;766.0;1146.0;2602.0;Konfederacja Odnowy Rzeczypospolitej Wolnosc i Nadzieja;KORWiN;1.0;1900.0;2100.0;2602.0;far-right;2015
POL;Poland;parliament;2015-10-25;24.09;138.0;460.0;PO;Platforma Obywatelska;Civic Platform;6.2355;74.0;996.0;766.0;1146.0;512.0;;;;;;;non far-right;2015
POL;Poland;parliament;2015-10-25;8.81;42.0;460.0;K;Kukiz'15;Kukiz'15;8.7;74.0;996.0;766.0;1146.0;2600.0;Kukiz'15;Kukiz '15;0.0;2100.0;2100.0;2600.0;non far-right;2015
POL;Poland;parliament;2015-10-25;7.6;28.0;460.0;N;Nowoczesna;Modern;6.0;74.0;996.0;766.0;1146.0;2601.0;;;;;;;non far-right;2015
POL;Poland;parliament;2015-10-25;5.13;16.0;460.0;PSL;Polskie Stronnictwo Ludowe;Polish People's Party;4.1856;74.0;996.0;766.0;1146.0;664.0;;;;;;;non far-right;2015
POL;Poland;parliament;2015-10-25;3.62;0.0;460.0;Razem;Partia Razem;Together Party;3.3;74.0;996.0;766.0;1146.0;2625.0;Razem;Razem;0.0;2100.0;2100.0;2625.0;non far-right;2015
POL;Poland;parliament;2015-10-25;0.18;1.0;460.0;MN;Mniejszość niemiecka w Polsce;German minority;;74.0;996.0;766.0;1146.0;900.0;;;;;;;non far-right;2015
POL;Poland;parliament;2015-10-25;7.55;0.0;460.0;SLD;Sojusz Lewicy Demokratycznej;Democratic Left Alliance;2.8299;74.0;996.0;766.0;1146.0;629.0;;;;;;;non far-right;2015
HRV;Croatia;parliament;2015-11-08;34.08;50.0;151.0;HDZ;Hrvatska demokratska zajednica;Croatian Democratic Union;7.1053;62.0;1001.0;792.0;1056.0;276.0;Hrvatska Demokratska Zajednica;HDZ;1.0;1900.0;2000.0;276.0;non far-right;2015
HRV;Croatia;parliament;2015-11-08;;2.0;151.0;one-seat;one seat;one seat;;62.0;1001.0;792.0;1056.0;2295.0;;;;;;;non far-right;2015
HRV;Croatia;parliament;2015-11-08;13.42;19.0;151.0;Most;Most nezavisnih lista;Bridge of Independent Lists;7.4;62.0;1001.0;792.0;1056.0;2615.0;Most;Most;1.0;1900.0;2100.0;2615.0;far-right;2015
HRV;Croatia;parliament;2015-11-08;;1.0;151.0;HSS;Hrvatska seljačka stranka;Croatian Peasant Party;6.2281;62.0;1001.0;792.0;1056.0;1465.0;;;;;;;non far-right;2015
HRV;Croatia;parliament;2015-11-08;3.34;2.0;151.0;MB;Milan Bandić 365 – Stranka rada i solidarnosti;Milan Bandic 365 -- The Party of Labour and Solidarity;3.3;62.0;1001.0;792.0;1056.0;2628.0;Bandić Milan 365 – Stranka Rada i Solidarnosti;BM365;0.0;2100.0;2100.0;2628.0;non far-right;2015
HRV;Croatia;parliament;2015-11-08;32.83;42.0;151.0;SPH;Socijaldemokratska partija Hrvatske;Social Democratic Party of Croatia;3.2456;62.0;1001.0;792.0;1056.0;1493.0;;;;;;;non far-right;2015
HRV;Croatia;parliament;2015-11-08;1.35;2.0;151.0;HDSSB;Hrvatski demokratski savez Slavonije i Baranje;Croatian Democratic Alliance of Slavonia and Baranja;8.7;62.0;1001.0;792.0;1056.0;2135.0;Hrvatski demokratski savez Slavonije i Baranje;HDSSB;1.0;1900.0;2100.0;2135.0;far-right;2015
HRV;Croatia;parliament;2015-11-08;;9.0;151.0;HNS-LD;Hrvatska narodna stranka – Liberalni demokrati;Croatian People's Party -- Liberal Democrats;1.8421;62.0;1001.0;792.0;1056.0;1384.0;;;;;;;non far-right;2015
HRV;Croatia;parliament;2015-11-08;1.66;5.0;151.0;ethnic;ethnic;ethnic;;62.0;1001.0;792.0;1056.0;2192.0;;;;;;;non far-right;2015
HRV;Croatia;parliament;2015-11-08;4.19;1.0;151.0;ZiZi;Živi zid;Human Shield;8.7;62.0;1001.0;792.0;1056.0;2612.0;Živi zid;ZZ;0.0;2100.0;2100.0;2612.0;non far-right;2015
HRV;Croatia;parliament;2015-11-08;;3.0;151.0;HSP-AS;Hrvatska stranka prava dr. Ante Starčević;Croatian Party of Rights -- Dr. Ante Starcevic;8.7;62.0;1001.0;792.0;1056.0;2181.0;;;;;;;non far-right;2015
HRV;Croatia;parliament;2015-11-08;;3.0;151.0;HL-LR;Hrvatski laburisti – Stranka rada;Croatian Labourists -- Labour Party;1.3;62.0;1001.0;792.0;1056.0;2182.0;Hrvatski laburisti – Stranka rada;HL-SR;0.0;2100.0;2100.0;2182.0;non far-right;2015
HRV;Croatia;parliament;2015-11-08;1.86;3.0;151.0;IDS;Istarski demokratski sabor;Istrian Democratic Assembly;3.4211;62.0;1001.0;792.0;1056.0;1627.0;;;;;;;non far-right;2015
HRV;Croatia;parliament;2015-11-08;1.54;1.0;151.0;NS;Narodna stranka – Reformisti;People's Party -- Reformists;6.0;62.0;1001.0;792.0;1056.0;2614.0;;;;;;;non far-right;2015
HRV;Croatia;parliament;2015-11-08;;1.0;151.0;Hrast;Hrvatski rast;Croatian Growth;6.2;62.0;1001.0;792.0;1056.0;2185.0;Hrvatski rast;Hrast;1.0;1900.0;2100.0;2185.0;far-right;2015
HRV;Croatia;parliament;2015-11-08;1.73;0.0;151.0;ORaH;Održivi razvoj Hrvatske;Sustainable Development of Croatia;2.5;62.0;1001.0;792.0;1056.0;2382.0;;;;;;;non far-right;2015
HRV;Croatia;parliament;2015-11-08;;3.0;151.0;SDSS;Samostalna demokratska srpska stranka;Independent Democratic Serb Party;3.3;62.0;1001.0;792.0;1056.0;2133.0;;;;;;;non far-right;2015
HRV;Croatia;parliament;2015-11-08;;2.0;151.0;HSU;Hrvatska stranka umirovljenika;Croatian Party of Pensioners;;62.0;1001.0;792.0;1056.0;2134.0;;;;;;;non far-right;2015
HRV;Croatia;parliament;2015-11-08;;2.0;151.0;HSLS;Hrvatska socijalno liberalna stranka;Croatian Social Liberal Party;7.193;62.0;1001.0;792.0;1056.0;1102.0;;;;;;;non far-right;2015
ESP;Spain;parliament;2015-12-20;28.72;123.0;350.0;AP-P;Alianza-Partido Popular;People's Alliance-Party;7.5969;27.0;998.0;777.0;988.0;645.0;;;;;;;non far-right;2015
ESP;Spain;parliament;2015-12-20;22.01;90.0;350.0;PSOE;Partido Socialista Obrero Español;Spanish Socialist Workers Party;3.7377;27.0;998.0;777.0;988.0;902.0;;;;;;;non far-right;2015
ESP;Spain;parliament;2015-12-20;12.67;42.0;350.0;P;Podemos;We Can;1.3;27.0;998.0;777.0;988.0;2376.0;Podemos;Podemos;0.0;2100.0;2100.0;2376.0;non far-right;2015
ESP;Spain;parliament;2015-12-20;3.69;12.0;350.0;ECP;En Comú Podem;In Common We Can;1.3;27.0;998.0;777.0;988.0;2606.0;;;;;;;non far-right;2015
ESP;Spain;parliament;2015-12-20;0.87;0.0;350.0;PACMA;Partido Animalista Contra el Maltrato Animal;Animalist Party Against Mistreatment to Animals;;27.0;998.0;777.0;988.0;2381.0;;;;;;;non far-right;2015
ESP;Spain;parliament;2015-12-20;0.33;1.0;350.0;CC;Coalición Canaria;Canary Coalition;5.9789;27.0;998.0;777.0;988.0;234.0;;;;;;;non far-right;2015
ESP;Spain;parliament;2015-12-20;0.87;2.0;350.0;EHB;Euskal Herria Bildu;Basque Country Unite;;27.0;998.0;777.0;988.0;2603.0;Euskal Herria Bildu;EHB;0.0;2100.0;2100.0;2603.0;non far-right;2015
ESP;Spain;parliament;2015-12-20;3.67;2.0;350.0;PCE|IU;Partido Communista | Izquierda Unida;Communist Party | United Left;2.0183;27.0;998.0;777.0;988.0;118.0;Izquierda Unida;IU;0.0;2100.0;2100.0;118.0;non far-right;2015
ESP;Spain;parliament;2015-12-20;1.63;6.0;350.0;EM|GCE;En Marea | Grupo Común da Esquerda;En Masse | Common Group of the Left;1.3;27.0;998.0;777.0;988.0;2604.0;;;;;;;non far-right;2015
ESP;Spain;parliament;2015-12-20;1.2;6.0;350.0;PNV;Partido Nacionalista Vasco – Euzko Alderdi Jeltzalea;Basque Nationalist Party;6.2144;27.0;998.0;777.0;988.0;1361.0;;;;;;;non far-right;2015
ESP;Spain;parliament;2015-12-20;2.67;9.0;350.0;C|AV;Compromís | A la valenciana;Compromise | A la valenciana;1.3;27.0;998.0;777.0;988.0;2607.0;;;;;;;non far-right;2015
ESP;Spain;parliament;2015-12-20;2.39;9.0;350.0;ERC;Esquerra Republicana de Catalunya;Republican Left of Catalonia;3.1072;27.0;998.0;777.0;988.0;757.0;;;;;;;non far-right;2015
ESP;Spain;parliament;2015-12-20;13.93;40.0;350.0;Cs;Ciudadanos – Partido de la Ciudadanía;Citizens -- Party of the Citizenry;6.0;27.0;998.0;777.0;988.0;2375.0;;;;;;;non far-right;2015
ESP;Spain;parliament;2015-12-20;2.25;8.0;350.0;CDC|JxCat;Convergència Democràtica | Junts per Catalunya;Democratic Convergence | Together for Catalonia;7.4;27.0;998.0;777.0;988.0;2605.0;;;;;;;non far-right;2015
IRL;Ireland;parliament;2016-02-26;11.14;12.0;158.0;none;no party affiliation;no party affiliation;;37.0;1002.0;698.0;904.0;30.0;;;;;;;non far-right;2016
IRL;Ireland;parliament;2016-02-26;24.35;44.0;158.0;FF;Fianna Fáil;Fianna Fail;6.0713;37.0;1002.0;698.0;904.0;280.0;;;;;;;non far-right;2016
IRL;Ireland;parliament;2016-02-26;3.01;3.0;158.0;DS;Daonlathaigh Shóisialta;Social Democrats;3.3;37.0;1002.0;698.0;904.0;2619.0;;;;;;;non far-right;2016
IRL;Ireland;parliament;2016-02-26;13.85;23.0;158.0;SF;Sinn Féin;Sinn Fein;2.7935;37.0;1002.0;698.0;904.0;2217.0;Sinn Féin;SF;0.0;2100.0;2100.0;2217.0;non far-right;2016
IRL;Ireland;parliament;2016-02-26;6.61;7.0;158.0;Lab;Labour Party;Labour Party;3.6252;37.0;1002.0;698.0;904.0;318.0;;;;;;;non far-right;2016
IRL;Ireland;parliament;2016-02-26;4.21;6.0;158.0;IA;Independent Alliance;Independent Alliance;;37.0;1002.0;698.0;904.0;2622.0;;;;;;;non far-right;2016
IRL;Ireland;parliament;2016-02-26;3.95;6.0;158.0;SP;Socialist Party;Socialist Party;1.3;37.0;1002.0;698.0;904.0;1014.0;Socialist Party;SP;0.0;2100.0;2100.0;1014.0;non far-right;2016
IRL;Ireland;parliament;2016-02-26;0.35;1.0;158.0;one-seat;one seat;one seat;;37.0;1002.0;698.0;904.0;2298.0;;;;;;;non far-right;2016
IRL;Ireland;parliament;2016-02-26;25.52;50.0;158.0;FG;Fine Gael;Fine Gael (Family of the Irish);6.4372;37.0;1002.0;698.0;904.0;1393.0;;;;;;;non far-right;2016
IRL;Ireland;parliament;2016-02-26;1.47;4.0;158.0;IC;Independents 4 Change;Independents 4 Change;1.3;37.0;1002.0;698.0;904.0;2621.0;;;;;;;non far-right;2016
IRL;Ireland;parliament;2016-02-26;2.18;0.0;158.0;RI;Renua Ireland;Renua Ireland;7.4;37.0;1002.0;698.0;904.0;2620.0;;;;;;;non far-right;2016
IRL;Ireland;parliament;2016-02-26;2.72;2.0;158.0;Green;Green Party  – Comhaontas Glas;Green Party;2.435;37.0;1002.0;698.0;904.0;1573.0;;;;;;;non far-right;2016
SVK;Slovakia;parliament;2016-03-06;28.28;49.0;150.0;Smer;Smer – sociálna demokracia;Direction -- Social Democracy;3.3799;1.0;1003.0;781.0;1027.0;220.0;Smer – Slovenská Sociálna Demokracia;Smer;0.0;2100.0;2100.0;220.0;non far-right;2016
SVK;Slovakia;parliament;2016-03-06;12.1;21.0;150.0;SaS;Sloboda a solidarita;Freedom and Solidarity;6.0;1.0;1003.0;781.0;1027.0;1460.0;;;;;;;non far-right;2016
SVK;Slovakia;parliament;2016-03-06;11.03;19.0;150.0;OLaNO;Obyčajní ľudia a nezávislé osobnosti;Ordinary People and Independent;7.4;1.0;1003.0;781.0;1027.0;1759.0;Hnutie Slovensko;Hnutie Slovensko;0.0;2100.0;2100.0;1759.0;non far-right;2016
SVK;Slovakia;parliament;2016-03-06;8.64;15.0;150.0;SNS;Slovenská národná strana;Slovak National Party;7.0198;1.0;1003.0;781.0;1027.0;1072.0;Slovenská Národná Strana;SNS;1.0;1900.0;2100.0;1072.0;far-right;2016
SVK;Slovakia;parliament;2016-03-06;8.04;14.0;150.0;LsNS;Ľudová strana Naše Slovensko;People's Party Our Slovakia;8.7;1.0;1003.0;781.0;1027.0;586.0;Kotlebovci – Ludová Strana Naše Slovensko;L'SNS;1.0;1900.0;2100.0;586.0;far-right;2016
SVK;Slovakia;parliament;2016-03-06;6.63;11.0;150.0;SR;Sme Rodina – Boris Kollár;We are family -- Boris Kollar;8.7;1.0;1003.0;781.0;1027.0;2623.0;Sme Rodina;SR;1.0;1900.0;2100.0;2623.0;far-right;2016
SVK;Slovakia;parliament;2016-03-06;5.61;10.0;150.0;S;Sieť;Network;7.4;1.0;1003.0;781.0;1027.0;2624.0;;;;;;;non far-right;2016
SVK;Slovakia;parliament;2016-03-06;4.05;0.0;150.0;MK;Maďarskej koalície – Magyar koalíció;Hungarian Coalition;6.5005;1.0;1003.0;781.0;1027.0;559.0;;;;;;;non far-right;2016
SVK;Slovakia;parliament;2016-03-06;6.5;11.0;150.0;MH;Most-Híd;Most-Hid;7.4;1.0;1003.0;781.0;1027.0;1620.0;;;;;;;non far-right;2016
SVK;Slovakia;parliament;2016-03-06;4.94;0.0;150.0;KDH;Kresťanskodemokratické hnutie;Christian Democratic Movement;7.1082;1.0;1003.0;781.0;1027.0;1432.0;;;;;;;non far-right;2016
CYP;Cyprus;parliament;2016-05-22;30.69;18.0;56.0;DISY;Dimokratikós Sinayermós;Democratic Rally;8.6842;51.0;1004.0;701.0;1086.0;1575.0;;;;;;;non far-right;2016
CYP;Cyprus;parliament;2016-05-22;1.16;0.0;56.0;KGTZTK;Kinima gia ta zoa tis Kíprou;Animal Party Cyprus;;51.0;1004.0;701.0;1086.0;2627.0;;;;;;;non far-right;2016
CYP;Cyprus;parliament;2016-05-22;25.67;16.0;56.0;AKEL;Anorthotikó Kómma Ergazómenou Laoú;Progressive Party of Working People;1.0526;51.0;1004.0;701.0;1086.0;572.0;Anorthotikó Kómma Ergazómenou Laoú;AKEL;0.0;2100.0;2100.0;572.0;non far-right;2016
CYP;Cyprus;parliament;2016-05-22;14.49;9.0;56.0;DIKO;Dimokratikó Kómma;Democratic Party;5.1316;51.0;1004.0;701.0;1086.0;851.0;;;;;;;non far-right;2016
CYP;Cyprus;parliament;2016-05-22;6.18;3.0;56.0;EDEK;Kinima Sosialdimokraton EDEK;Movement for Social Democracy EDEK;3.2895;51.0;1004.0;701.0;1086.0;945.0;;;;;;;non far-right;2016
CYP;Cyprus;parliament;2016-05-22;6.01;3.0;56.0;SYM;Symmaxia;Citizens Alliance;3.3;51.0;1004.0;701.0;1086.0;2341.0;Symmaxia;SYM / SYPOL;0.0;2100.0;2100.0;2341.0;non far-right;2016
CYP;Cyprus;parliament;2016-05-22;5.24;3.0;56.0;KINHMA;Kinima Allileggiis;Solidarity Movement;8.7;51.0;1004.0;701.0;1086.0;2626.0;Allilegii;Allilegii;1.0;1900.0;2100.0;2626.0;far-right;2016
CYP;Cyprus;parliament;2016-05-22;4.81;2.0;56.0;KOP;Kinima Oikologoi Perivallontistoi;Ecological and Environmental Movement;5.7895;51.0;1004.0;701.0;1086.0;1621.0;;;;;;;non far-right;2016
CYP;Cyprus;parliament;2016-05-22;3.71;2.0;56.0;ELAM;Ethniko Laiko Metopo;National Popular Front;8.7;51.0;1004.0;701.0;1086.0;1768.0;Ethniko Laiko Metopo;ELAM;1.0;1900.0;2100.0;1768.0;far-right;2016
ESP;Spain;parliament;2016-06-26;1.19;0.0;350.0;PACMA;Partido Animalista Contra el Maltrato Animal;Animalist Party Against Mistreatment to Animals;;27.0;1005.0;998.0;1421.0;2381.0;;;;;;;non far-right;2016
ESP;Spain;parliament;2016-06-26;2.74;9.0;350.0;C|AV;Compromís | A la valenciana;Compromise | A la valenciana;1.3;27.0;1005.0;998.0;1421.0;2607.0;;;;;;;non far-right;2016
ESP;Spain;parliament;2016-06-26;0.33;1.0;350.0;CC;Coalición Canaria;Canary Coalition;5.9789;27.0;1005.0;998.0;1421.0;234.0;;;;;;;non far-right;2016
ESP;Spain;parliament;2016-06-26;33.03;137.0;350.0;AP-P;Alianza-Partido Popular;People's Alliance-Party;7.5969;27.0;1005.0;998.0;1421.0;645.0;;;;;;;non far-right;2016
ESP;Spain;parliament;2016-06-26;22.66;85.0;350.0;PSOE;Partido Socialista Obrero Español;Spanish Socialist Workers Party;3.7377;27.0;1005.0;998.0;1421.0;902.0;;;;;;;non far-right;2016
ESP;Spain;parliament;2016-06-26;13.37;45.0;350.0;P;Podemos;We Can;1.3;27.0;1005.0;998.0;1421.0;2376.0;Podemos;Podemos;0.0;2100.0;2100.0;2376.0;non far-right;2016
ESP;Spain;parliament;2016-06-26;13.05;32.0;350.0;Cs;Ciudadanos – Partido de la Ciudadanía;Citizens -- Party of the Citizenry;6.0;27.0;1005.0;998.0;1421.0;2375.0;;;;;;;non far-right;2016
ESP;Spain;parliament;2016-06-26;0.77;2.0;350.0;EHB;Euskal Herria Bildu;Basque Country Unite;;27.0;1005.0;998.0;1421.0;2603.0;Euskal Herria Bildu;EHB;0.0;2100.0;2100.0;2603.0;non far-right;2016
ESP;Spain;parliament;2016-06-26;1.2;5.0;350.0;PNV;Partido Nacionalista Vasco – Euzko Alderdi Jeltzalea;Basque Nationalist Party;6.2144;27.0;1005.0;998.0;1421.0;1361.0;;;;;;;non far-right;2016
ESP;Spain;parliament;2016-06-26;1.44;5.0;350.0;EM|GCE;En Marea | Grupo Común da Esquerda;En Masse | Common Group of the Left;1.3;27.0;1005.0;998.0;1421.0;2604.0;;;;;;;non far-right;2016
ESP;Spain;parliament;2016-06-26;2.01;8.0;350.0;CDC|JxCat;Convergència Democràtica | Junts per Catalunya;Democratic Convergence | Together for Catalonia;7.4;27.0;1005.0;998.0;1421.0;2605.0;;;;;;;non far-right;2016
ESP;Spain;parliament;2016-06-26;2.63;9.0;350.0;ERC;Esquerra Republicana de Catalunya;Republican Left of Catalonia;3.1072;27.0;1005.0;998.0;1421.0;757.0;;;;;;;non far-right;2016
ESP;Spain;parliament;2016-06-26;3.55;12.0;350.0;ECP;En Comú Podem;In Common We Can;1.3;27.0;1005.0;998.0;1421.0;2606.0;;;;;;;non far-right;2016
HRV;Croatia;parliament;2016-09-11;;3.0;151.0;SDSS;Samostalna demokratska srpska stranka;Independent Democratic Serb Party;3.3;62.0;1007.0;1001.0;1408.0;2133.0;;;;;;;non far-right;2016
HRV;Croatia;parliament;2016-09-11;2.18;3.0;151.0;IDS;Istarski demokratski sabor;Istrian Democratic Assembly;3.4211;62.0;1007.0;1001.0;1408.0;1627.0;;;;;;;non far-right;2016
HRV;Croatia;parliament;2016-09-11;1.92;5.0;151.0;ethnic;ethnic;ethnic;;62.0;1007.0;1001.0;1408.0;2192.0;;;;;;;non far-right;2016
HRV;Croatia;parliament;2016-09-11;;5.0;151.0;HSS;Hrvatska seljačka stranka;Croatian Peasant Party;6.2281;62.0;1007.0;1001.0;1408.0;1465.0;;;;;;;non far-right;2016
HRV;Croatia;parliament;2016-09-11;5.92;8.0;151.0;ZiZi;Živi zid;Human Shield;8.7;62.0;1007.0;1001.0;1408.0;2612.0;Živi zid;ZZ;0.0;2100.0;2100.0;2612.0;non far-right;2016
HRV;Croatia;parliament;2016-09-11;35.17;61.0;151.0;HDZ;Hrvatska demokratska zajednica;Croatian Democratic Union;7.1053;62.0;1007.0;1001.0;1408.0;276.0;Hrvatska Demokratska Zajednica;HDZ;1.0;1900.0;2000.0;276.0;non far-right;2016
HRV;Croatia;parliament;2016-09-11;9.43;13.0;151.0;Most;Most nezavisnih lista;Bridge of Independent Lists;7.4;62.0;1007.0;1001.0;1408.0;2615.0;Most;Most;1.0;1900.0;2100.0;2615.0;far-right;2016
HRV;Croatia;parliament;2016-09-11;32.18;39.0;151.0;SPH;Socijaldemokratska partija Hrvatske;Social Democratic Party of Croatia;3.2456;62.0;1007.0;1001.0;1408.0;1493.0;;;;;;;non far-right;2016
HRV;Croatia;parliament;2016-09-11;0.26;1.0;151.0;one-seat;one seat;one seat;;62.0;1007.0;1001.0;1408.0;2295.0;;;;;;;non far-right;2016
HRV;Croatia;parliament;2016-09-11;1.19;1.0;151.0;HDSSB;Hrvatski demokratski savez Slavonije i Baranje;Croatian Democratic Alliance of Slavonia and Baranja;8.7;62.0;1007.0;1001.0;1408.0;2135.0;Hrvatski demokratski savez Slavonije i Baranje;HDSSB;1.0;1900.0;2100.0;2135.0;far-right;2016
HRV;Croatia;parliament;2016-09-11;;1.0;151.0;HSU;Hrvatska stranka umirovljenika;Croatian Party of Pensioners;;62.0;1007.0;1001.0;1408.0;2134.0;;;;;;;non far-right;2016
HRV;Croatia;parliament;2016-09-11;;9.0;151.0;HNS-LD;Hrvatska narodna stranka – Liberalni demokrati;Croatian People's Party -- Liberal Democrats;1.8421;62.0;1007.0;1001.0;1408.0;1384.0;;;;;;;non far-right;2016
HRV;Croatia;parliament;2016-09-11;3.84;2.0;151.0;MB;Milan Bandić 365 – Stranka rada i solidarnosti;Milan Bandic 365 -- The Party of Labour and Solidarity;3.3;62.0;1007.0;1001.0;1408.0;2628.0;Bandić Milan 365 – Stranka Rada i Solidarnosti;BM365;0.0;2100.0;2100.0;2628.0;non far-right;2016
LTU;Lithuania;parliament;2016-10-09;9.45;14.0;141.0;LRLS;Lietuvos Respublikos liberalų sąjūdis;Liberals Movement of the Republic of Lithuania;7.7562;15.0;1009.0;786.0;1633.0;482.0;;;;;;;non far-right;2016
LTU;Lithuania;parliament;2016-10-09;1.8;1.0;141.0;one-seat;one seat;one seat;;15.0;1009.0;786.0;1633.0;652.0;;;;;;;non far-right;2016
LTU;Lithuania;parliament;2016-10-09;;4.0;141.0;none;no party affiliation;no party affiliation;;15.0;1009.0;786.0;1633.0;58.0;;;;;;;non far-right;2016
LTU;Lithuania;parliament;2016-10-09;4.88;2.0;141.0;DP;Darbo partija;Labour Party;3.86;15.0;1009.0;786.0;1633.0;581.0;Darbo Partija;DP;0.0;2100.0;2100.0;581.0;non far-right;2016
LTU;Lithuania;parliament;2016-10-09;6.32;1.0;141.0;LCP;Lietuvos Centro Partija;Lithuanian Centre Party;8.7;15.0;1009.0;786.0;1633.0;2635.0;Lietuvos Centro Partija;LCP;0.0;2100.0;2100.0;2635.0;non far-right;2016
LTU;Lithuania;parliament;2016-10-09;2.03;1.0;141.0;LZP;Lietuvos žalioji partija;Lithuanian Green Party;2.5;15.0;1009.0;786.0;1633.0;21.0;;;;;;;non far-right;2016
LTU;Lithuania;parliament;2016-10-09;5.55;8.0;141.0;TT-LDP;Tvarka ir teisingumas – Liberalų demokratų partija;Order and Justice -- Liberal Democratic Party;5.2955;15.0;1009.0;786.0;1633.0;1421.0;Tvarka ir Teisingumas;TT;0.0;2100.0;2100.0;1421.0;non far-right;2016
LTU;Lithuania;parliament;2016-10-09;2.23;0.0;141.0;LLS;Lietuvos laisvės sąjunga (liberalai);Lithuanian Freedom Union (Liberals);6.0;15.0;1009.0;786.0;1633.0;2634.0;Lietuvos Laisvės Sąjunga;LLS;1.0;1900.0;2100.0;2634.0;far-right;2016
LTU;Lithuania;parliament;2016-10-09;5.72;8.0;141.0;LLRA;Lietuvos lenkų rinkimų akcija;Election Action of Lithuania's Poles;3.865;15.0;1009.0;786.0;1633.0;28.0;;;;;;;non far-right;2016
LTU;Lithuania;parliament;2016-10-09;1.05;0.0;141.0;no-seat;no seat;no seat;;15.0;1009.0;786.0;1633.0;2636.0;;;;;;;non far-right;2016
LTU;Lithuania;parliament;2016-10-09;22.45;54.0;141.0;LVLS;Lietuvos valstiečių sąjunga;Lithuanian Peasant Union;3.2687;15.0;1009.0;786.0;1633.0;191.0;;;;;;;non far-right;2016
LTU;Lithuania;parliament;2016-10-09;22.63;31.0;141.0;TS-LK;Tėvynės sąjunga;Homeland Union;7.4004;15.0;1009.0;786.0;1633.0;1045.0;;;;;;;non far-right;2016
LTU;Lithuania;parliament;2016-10-09;15.04;17.0;141.0;LSDP;Lietuvos socialdemokratų partija;Lithuanian Social Democratic Party;3.1972;15.0;1009.0;786.0;1633.0;1277.0;;;;;;;non far-right;2016
ROU;Romania;parliament;2016-12-11;1.04;0.0;329.0;PRM;Partidul România Mare;Greater Romania Party;6.6618;23.0;1015.0;787.0;1197.0;713.0;Partidul România Mare;PRM;1.0;1900.0;2100.0;713.0;far-right;2016
ROU;Romania;parliament;2016-12-11;2.79;0.0;329.0;PRU;Partidul România Unită;United Romania Party;8.7;23.0;1015.0;787.0;1197.0;2648.0;Partidul România Unita;PRU;1.0;1900.0;2100.0;2648.0;far-right;2016
ROU;Romania;parliament;2016-12-11;;17.0;329.0;etnice;Partidele minorităţilor etnice din România;Romanian ethnic minorities parties;;23.0;1015.0;787.0;1197.0;425.0;;;;;;;non far-right;2016
ROU;Romania;parliament;2016-12-11;6.19;21.0;329.0;UDMR;Uniunea Democrată Maghiară din România;Democratic Union of Hungarians in Romania;6.016;23.0;1015.0;787.0;1197.0;948.0;;;;;;;non far-right;2016
ROU;Romania;parliament;2016-12-11;5.35;18.0;329.0;PMP;Partidul Mișcarea Populară;People's Movement Party;6.2;23.0;1015.0;787.0;1197.0;2395.0;Partidul Mișcarea Populară;PMP;0.0;2100.0;2100.0;2395.0;non far-right;2016
ROU;Romania;parliament;2016-12-11;5.62;20.0;329.0;PLR|ALDE;Partidul Liberal Reformator | Alianța Liberalilor și Democraților;Liberal Reformist Party | Alliance of Liberals and Democrats;6.0;23.0;1015.0;787.0;1197.0;2647.0;;;;;;;non far-right;2016
ROU;Romania;parliament;2016-12-11;8.87;30.0;329.0;USR|PLUS;Uniunea Salvați România | Partidul Libertate, Unitate și Solidaritate;Save Romania Union | Party of Liberty, Unity and Solidarity;6.0;23.0;1015.0;787.0;1197.0;2646.0;;;;;;;non far-right;2016
ROU;Romania;parliament;2016-12-11;20.04;69.0;329.0;PNL;Partidul Naţional Liberal;National Liberal Party;6.0543;23.0;1015.0;787.0;1197.0;1015.0;;;;;;;non far-right;2016
ROU;Romania;parliament;2016-12-11;45.48;154.0;329.0;PSD;Partidul Social Democrat;Social Democratic Party;3.2325;23.0;1015.0;787.0;1197.0;1120.0;;;;;;;non far-right;2016
NLD;Netherlands;parliament;2017-03-15;21.3;33.0;150.0;VVD;Volkspartij voor Vrijheid en Democratie;People's Party for Freedom and Democracy;7.3482;8.0;1012.0;785.0;1041.0;1409.0;;;;;;;non far-right;2017
NLD;Netherlands;parliament;2017-03-15;13.1;20.0;150.0;PVV;Partij voor de Vrijheid;Party for Freedom;8.8;8.0;1012.0;785.0;1041.0;1501.0;Partij voor de Vrijheid;PVV;1.0;1900.0;2100.0;1501.0;far-right;2017
NLD;Netherlands;parliament;2017-03-15;3.1;4.0;150.0;50+;50PLUS;50PLUS;;8.0;1012.0;785.0;1041.0;2109.0;;;;;;;non far-right;2017
NLD;Netherlands;parliament;2017-03-15;12.4;19.0;150.0;CDA;Christen Democratisch Appèl;Christian Democratic Appeal;5.9376;8.0;1012.0;785.0;1041.0;235.0;;;;;;;non far-right;2017
NLD;Netherlands;parliament;2017-03-15;2.1;3.0;150.0;SGP;Staatkundig Gereformeerde Partij;Political Reformed Party;8.7531;8.0;1012.0;785.0;1041.0;1251.0;;;;;;;non far-right;2017
NLD;Netherlands;parliament;2017-03-15;9.1;14.0;150.0;GL;GroenLinks;GreenLeft;2.0454;8.0;1012.0;785.0;1041.0;756.0;;;;;;;non far-right;2017
NLD;Netherlands;parliament;2017-03-15;12.2;19.0;150.0;D66;Democraten 66;Democrats 66;4.5066;8.0;1012.0;785.0;1041.0;345.0;;;;;;;non far-right;2017
NLD;Netherlands;parliament;2017-03-15;2.1;3.0;150.0;DENK;Beweging DENK;Think;3.3;8.0;1012.0;785.0;1041.0;2641.0;;;;;;;non far-right;2017
NLD;Netherlands;parliament;2017-03-15;1.8;2.0;150.0;FvD;Forum voor Democratie;Forum for Democracy;8.7;8.0;1012.0;785.0;1041.0;2642.0;Forum voor Democratie;FVD;1.0;1900.0;2100.0;2642.0;far-right;2017
NLD;Netherlands;parliament;2017-03-15;0.4;0.0;150.0;no-seat;no seat;no seat;;8.0;1012.0;785.0;1041.0;2110.0;;;;;;;non far-right;2017
NLD;Netherlands;parliament;2017-03-15;3.4;5.0;150.0;CU;ChristenUnie;ChristianUnion;6.1732;8.0;1012.0;785.0;1041.0;1206.0;;;;;;;non far-right;2017
NLD;Netherlands;parliament;2017-03-15;5.7;9.0;150.0;PvdA;Partij van de Arbeid;Labour Party;3.6118;8.0;1012.0;785.0;1041.0;742.0;;;;;;;non far-right;2017
NLD;Netherlands;parliament;2017-03-15;9.1;14.0;150.0;SP;Socialistiese Partij;Socialist Party;1.3682;8.0;1012.0;785.0;1041.0;357.0;Socialistiese Partij;SP;0.0;2100.0;2100.0;357.0;non far-right;2017
NLD;Netherlands;parliament;2017-03-15;3.2;5.0;150.0;PvdD;Partij voor de Dieren;Party for the Animals;;8.0;1012.0;785.0;1041.0;990.0;;;;;;;non far-right;2017
BGR;Bulgaria;parliament;2017-03-26;1.59;0.0;240.0;ABV;Alternativa za balgarsko vazrazhdane;Alternative for Bulgarian Revival;3.3;10.0;1011.0;840.0;1503.0;2364.0;;;;;;;non far-right;2017
BGR;Bulgaria;parliament;2017-03-26;33.54;95.0;240.0;GERB;Grazhdani za Evropeysko Razvitie na Balgariya;Citizens for European Development of Bulgaria;8.7;10.0;1011.0;840.0;1503.0;1541.0;Grazhdani za Evropeysko Razvitie na Bulgariya;GERB;0.0;2100.0;2100.0;1541.0;non far-right;2017
BGR;Bulgaria;parliament;2017-03-26;9.31;27.0;240.0;NFSB;Natsionalen Front za Spasenie na Balgariya;National Front for the Salvation of Bulgaria;8.7;10.0;1011.0;840.0;1503.0;2211.0;Natsionalen Front za Spasenie na Balgariya;NFSB;1.0;1900.0;2100.0;2211.0;far-right;2017
BGR;Bulgaria;parliament;2017-03-26;9.24;26.0;240.0;DPS;Dvizhenie za Prava i Svobodi;Movement for Rights and Freedoms;4.5828;10.0;1011.0;840.0;1503.0;1286.0;;;;;;;non far-right;2017
BGR;Bulgaria;parliament;2017-03-26;4.26;12.0;240.0;Volya;Volya;Will;8.7;10.0;1011.0;840.0;1503.0;2637.0;Volya;Volya;1.0;1900.0;2100.0;2637.0;far-right;2017
BGR;Bulgaria;parliament;2017-03-26;3.14;0.0;240.0;RB;Reformatorski Blok;Reformist Bloc;7.4;10.0;1011.0;840.0;1503.0;2363.0;;;;;;;non far-right;2017
BGR;Bulgaria;parliament;2017-03-26;2.54;0.0;240.0;DSB|DB;Demokrati za Silna Balgariya | Demokratichna Balgariya;Democrats for a Strong Bulgaria | Democratic Bulgaria;7.85;10.0;1011.0;840.0;1503.0;57.0;;;;;;;non far-right;2017
BGR;Bulgaria;parliament;2017-03-26;2.96;0.0;240.0;DaB;Da Bulgaria!;Yes, Bulgaria!;6.0;10.0;1011.0;840.0;1503.0;2638.0;;;;;;;non far-right;2017
BGR;Bulgaria;parliament;2017-03-26;2.94;0.0;240.0;DOST;Demokrati za Otgovornost, Svoboda i Tolerantnost;Democrats for Responsibility, Solidarity and Tolerance;6.0;10.0;1011.0;840.0;1503.0;2639.0;;;;;;;non far-right;2017
BGR;Bulgaria;parliament;2017-03-26;27.93;80.0;240.0;KzB|DL;Koalitsiya za Balgariya | Demokratichna Levitsa;Coalition for Bulgaria | Democratic Left;2.8982;10.0;1011.0;840.0;1503.0;1160.0;;;;;;;non far-right;2017
BGR;Bulgaria;parliament;2017-03-26;1.11;0.0;240.0;R;Vazrazhdane;Revival;8.7;10.0;1011.0;840.0;1503.0;2640.0;Vazrazhdane;Vazrazhdane;1.0;1900.0;2100.0;2640.0;far-right;2017
MLT;Malta;parliament;2017-06-03;55.04;37.0;67.0;PL;Partit Laburista;Malta Labour Party;4.2105;72.0;1010.0;790.0;1046.0;1003.0;;;;;;;non far-right;2017
MLT;Malta;parliament;2017-06-03;43.68;30.0;67.0;PN;Partit Nazzjonalista;Nationalist Party;5.7143;72.0;1010.0;790.0;1046.0;984.0;;;;;;;non far-right;2017
MLT;Malta;parliament;2017-06-03;0.83;0.0;67.0;AD;Alternattiva Demokratika;Democratic Alternative;3.7895;72.0;1010.0;790.0;1046.0;360.0;;;;;;;non far-right;2017
GBR;United Kingdom;parliament;2017-06-08;7.37;12.0;650.0;Lib;Liberals;Liberals;4.2875;44.0;1013.0;856.0;1489.0;659.0;;;;;;;non far-right;2017
GBR;United Kingdom;parliament;2017-06-08;0.9;10.0;650.0;DUP;Democratic Unionist Party;Democratic Unionist Party;7.4;44.0;1013.0;856.0;1489.0;319.0;Democratic Unionist Party;DUP;0.0;2100.0;2100.0;319.0;non far-right;2017
GBR;United Kingdom;parliament;2017-06-08;39.99;262.0;650.0;Lab;Labour Party;Labour;4.3562;44.0;1013.0;856.0;1489.0;1556.0;;;;;;;non far-right;2017
GBR;United Kingdom;parliament;2017-06-08;3.0;35.0;650.0;SNP;Scottish National Party – Pàrtaidh Nàiseanta na h-Alba;Scottish National Party;3.5871;44.0;1013.0;856.0;1489.0;1284.0;;;;;;;non far-right;2017
GBR;United Kingdom;parliament;2017-06-08;1.8;0.0;650.0;UKIP;United Kingdom Independence Party;United Kingdom Independence Party;7.8429;44.0;1013.0;856.0;1489.0;1272.0;United Kingdom Independence Party;UKIP;1.0;2002.0;2100.0;1272.0;far-right;2017
GBR;United Kingdom;parliament;2017-06-08;42.45;318.0;650.0;Con;Conservatives;Conservatives;7.4261;44.0;1013.0;856.0;1489.0;773.0;;;;;;;non far-right;2017
GBR;United Kingdom;parliament;2017-06-08;1.63;1.0;650.0;GP;Green Party;Green Party;2.57;44.0;1013.0;856.0;1489.0;467.0;;;;;;;non far-right;2017
GBR;United Kingdom;parliament;2017-06-08;0.5;4.0;650.0;Plaid;Plaid Cymru;Plaid Cymru;3.1183;44.0;1013.0;856.0;1489.0;311.0;;;;;;;non far-right;2017
GBR;United Kingdom;parliament;2017-06-08;0.7;7.0;650.0;SF;Sinn Féin;Sinn Fein;1.3;44.0;1013.0;856.0;1489.0;689.0;;;;;;;non far-right;2017
GBR;United Kingdom;parliament;2017-06-08;0.58;1.0;650.0;one-seat;one seat;one seat;;44.0;1013.0;856.0;1489.0;2296.0;;;;;;;non far-right;2017
FRA;France;parliament;2017-06-18;0.47;3.0;577.0;PRG;Parti radical de gauche;Radical Party of the Left;4.0813;43.0;1014.0;782.0;1508.0;1492.0;;;;;;;non far-right;2017
FRA;France;parliament;2017-06-18;0.77;0.0;577.0;ex-gau;extrême gauche;other far-left;1.3;43.0;1014.0;782.0;1508.0;2083.0;;;;;;;non far-right;2017
FRA;France;parliament;2017-06-18;0.3;1.0;577.0;ex-dro;extrême droite;other far-right;8.7;43.0;1014.0;782.0;1508.0;2079.0;;;;;;;non far-right;2017
FRA;France;parliament;2017-06-18;1.17;1.0;577.0;DLR|DLF;Debout la république | Debout la France;Republic Arise | France Arise;7.4;43.0;1014.0;782.0;1508.0;2399.0;Debout la république | Debout la France;DLR / DLF;1.0;1900.0;2100.0;2399.0;far-right;2017
FRA;France;parliament;2017-06-18;4.3;1.0;577.0;V;Les Verts;Greens;3.155;43.0;1014.0;782.0;1508.0;873.0;;;;;;;non far-right;2017
FRA;France;parliament;2017-06-18;;5.0;577.0;none;sans étiquette;no party affiliation;;43.0;1014.0;782.0;1508.0;947.0;;;;;;;non far-right;2017
FRA;France;parliament;2017-06-18;;3.0;577.0;etc;divers;others;;43.0;1014.0;782.0;1508.0;1328.0;;;;;;;non far-right;2017
FRA;France;parliament;2017-06-18;13.2;8.0;577.0;FN;Rassemblement National;National Rally;9.6854;43.0;1014.0;782.0;1508.0;270.0;Front National / Rassemblement National;FN / RN;1.0;1900.0;2100.0;270.0;far-right;2017
FRA;France;parliament;2017-06-18;2.72;10.0;577.0;PCF;Parti communiste française;French Communist Party;1.3741;43.0;1014.0;782.0;1508.0;686.0;Parti Communiste Français;PCF;0.0;2100.0;2100.0;686.0;non far-right;2017
FRA;France;parliament;2017-06-18;1.6;12.0;577.0;d-gauche;divers gauche;other left;3.3;43.0;1014.0;782.0;1508.0;177.0;;;;;;;non far-right;2017
FRA;France;parliament;2017-06-18;11.03;17.0;577.0;FI;La France Insoumise;Unbowed France;1.3;43.0;1014.0;782.0;1508.0;2644.0;La France Insoumise;FI;0.0;2100.0;2100.0;2644.0;non far-right;2017
FRA;France;parliament;2017-06-18;3.03;18.0;577.0;UDI;Union des démocrates et indépendants;Union of Democrats and Independents;7.4;43.0;1014.0;782.0;1508.0;2273.0;;;;;;;non far-right;2017
FRA;France;parliament;2017-06-18;7.44;30.0;577.0;PS;Parti socialiste;Socialist Party;3.2493;43.0;1014.0;782.0;1508.0;1539.0;;;;;;;non far-right;2017
FRA;France;parliament;2017-06-18;4.12;42.0;577.0;UDF|MD;Union pour la démocratie française | Mouvement démocrate;Union for French Democracy | Democratic Movement;6.1017;43.0;1014.0;782.0;1508.0;509.0;;;;;;;non far-right;2017
FRA;France;parliament;2017-06-18;15.77;112.0;577.0;UMP|LR;Union pour un mouvement populaire | Les Républicains;Union for a Popular Movement | The Republicans;7.4997;43.0;1014.0;782.0;1508.0;658.0;;;;;;;non far-right;2017
FRA;France;parliament;2017-06-18;28.21;308.0;577.0;REM|R;La République En Marche! | Renaissance;The Republic Onwards! | Renaissance;6.0;43.0;1014.0;782.0;1508.0;2643.0;;;;;;;non far-right;2017
FRA;France;parliament;2017-06-18;2.76;6.0;577.0;d-droite;divers droite;other right;7.6583;43.0;1014.0;782.0;1508.0;285.0;;;;;;;non far-right;2017
NOR;Norway;parliament;2017-09-11;0.4;0.0;169.0;P;Pensjonistpartiet;Pensioners Party;;9.0;1017.0;801.0;1065.0;733.0;;;;;;;non far-right;2017
NOR;Norway;parliament;2017-09-11;2.4;1.0;169.0;RV;Rød Valgallianse;Red Electoral Alliance;0.4089;9.0;1017.0;801.0;1065.0;1638.0;Rødt;Rodt;0.0;2100.0;2100.0;1638.0;non far-right;2017
NOR;Norway;parliament;2017-09-11;4.4;8.0;169.0;V;Venstre;Liberal Party of Norway;5.1467;9.0;1017.0;801.0;1065.0;647.0;;;;;;;non far-right;2017
NOR;Norway;parliament;2017-09-11;6.0;11.0;169.0;SV;Sosialistisk Venstreparti;Socialist Left Party;1.5839;9.0;1017.0;801.0;1065.0;81.0;Sosialistisk Venstreparti;SV;0.0;2100.0;2100.0;81.0;non far-right;2017
NOR;Norway;parliament;2017-09-11;10.3;19.0;169.0;Sp;Senterpartiet;Centre Party;4.6565;9.0;1017.0;801.0;1065.0;702.0;;;;;;;non far-right;2017
NOR;Norway;parliament;2017-09-11;15.2;27.0;169.0;Fr;Fremskrittspartiet;Progress Party;8.7595;9.0;1017.0;801.0;1065.0;351.0;Fremskrittspartiet;FrP;1.0;1900.0;2100.0;351.0;far-right;2017
NOR;Norway;parliament;2017-09-11;25.0;45.0;169.0;H;Høyre;Conservative Party;7.8994;9.0;1017.0;801.0;1065.0;1435.0;;;;;;;non far-right;2017
NOR;Norway;parliament;2017-09-11;27.4;49.0;169.0;DNA;Det norske Arbeiderparti;Norwegian Labour Party;3.3706;9.0;1017.0;801.0;1065.0;104.0;;;;;;;non far-right;2017
NOR;Norway;parliament;2017-09-11;4.2;8.0;169.0;KrF;Kristelig Folkeparti;Christian Democratic Party;5.8516;9.0;1017.0;801.0;1065.0;1538.0;;;;;;;non far-right;2017
NOR;Norway;parliament;2017-09-11;3.2;1.0;169.0;MDG;Miljøpartiet De Grønne;Green Party;2.5;9.0;1017.0;801.0;1065.0;2254.0;;;;;;;non far-right;2017
DEU;Germany;parliament;2017-09-24;1.0;0.0;709.0;FW;Freie Wähler;Free Voters;7.4;54.0;1016.0;800.0;1071.0;41.0;;;;;;;non far-right;2017
DEU;Germany;parliament;2017-09-24;6.2;46.0;709.0;CSU;Christlich Soziale Union;Christian Social Union;7.2871;54.0;1016.0;800.0;1071.0;1180.0;;;;;;;non far-right;2017
DEU;Germany;parliament;2017-09-24;8.9;67.0;709.0;B90/Gru;Bündnis 90 / Die Grünen;Alliance 90 / Greens;2.9308;54.0;1016.0;800.0;1071.0;772.0;;;;;;;non far-right;2017
DEU;Germany;parliament;2017-09-24;9.2;69.0;709.0;PDS|Li;PDS | Die Linke;PDS | The Left;1.2152;54.0;1016.0;800.0;1071.0;791.0;PDS / Die Linke;Linke;0.0;2100.0;2100.0;791.0;non far-right;2017
DEU;Germany;parliament;2017-09-24;10.7;80.0;709.0;FDP;Freie Demokratische Partei;Free Democratic Party;5.9233;54.0;1016.0;800.0;1071.0;543.0;;;;;;;non far-right;2017
DEU;Germany;parliament;2017-09-24;12.6;94.0;709.0;AfD;Alternative für Deutschland;Alternative for Germany;8.7;54.0;1016.0;800.0;1071.0;2253.0;Alternative für Deutschland;AfD;1.0;2015.0;2100.0;2253.0;far-right;2017
DEU;Germany;parliament;2017-09-24;20.5;153.0;709.0;SPD;Sozialdemokratische Partei Deutschlands;Social Democratic Party of Germany;3.6451;54.0;1016.0;800.0;1071.0;558.0;;;;;;;non far-right;2017
DEU;Germany;parliament;2017-09-24;1.0;0.0;709.0;PARTEI;Die PARTEI;The PARTY;;54.0;1016.0;800.0;1071.0;2649.0;;;;;;;non far-right;2017
DEU;Germany;parliament;2017-09-24;26.8;200.0;709.0;CDU;Christlich Demokratische Union;Christian Democratic Union;6.2503;54.0;1016.0;800.0;1071.0;808.0;;;;;;;non far-right;2017
AUT;Austria;parliament;2017-10-15;26.0;51.0;183.0;FPO;Freiheitliche Partei Österreichs;Freedom Party of Austria;8.3494;59.0;1019.0;802.0;1485.0;50.0;Freiheitliche Partei Österreichs;FPÖ;1.0;1900.0;2100.0;50.0;far-right;2017
AUT;Austria;parliament;2017-10-15;26.9;52.0;183.0;SPO;Sozialdemokratische Partei Österreichs;Social Democratic Party of Austria;3.7293;59.0;1019.0;802.0;1485.0;973.0;;;;;;;non far-right;2017
AUT;Austria;parliament;2017-10-15;31.5;62.0;183.0;OVP;Österreichische Volkspartei;Austrian People's Party;6.4733;59.0;1019.0;802.0;1485.0;1013.0;;;;;;;non far-right;2017
AUT;Austria;parliament;2017-10-15;5.3;10.0;183.0;NEOS;NEOS – Das Neue Österreich;NEOS -- The New Austria;6.0;59.0;1019.0;802.0;1485.0;2255.0;;;;;;;non far-right;2017
AUT;Austria;parliament;2017-10-15;4.4;8.0;183.0;PILZ;JETZT – Liste Pilz;JETZT -- Pilz List;2.5;59.0;1019.0;802.0;1485.0;2651.0;JETZT - Liste Pilz;Pilz;0.0;2100.0;2100.0;2651.0;non far-right;2017
AUT;Austria;parliament;2017-10-15;3.8;0.0;183.0;Gruene;Die Grünen – Die Grüne Alternative;The Greens -- The Green Alternative;2.4604;59.0;1019.0;802.0;1485.0;1429.0;;;;;;;non far-right;2017
AUT;Austria;parliament;2017-10-15;1.0;0.0;183.0;GILT;Liste Roland Düringer – Meine Stimme GILT;My Vote Counts!;;59.0;1019.0;802.0;1485.0;2652.0;;;;;;;non far-right;2017
CZE;Czech Republic;parliament;2017-10-21;5.8;10.0;200.0;KDU-CSL;Křesťanská a demokratická unie – Československá strana lidová;Christian Democratic Union -- People's Party;5.8099;68.0;1020.0;805.0;1072.0;1245.0;;;;;;;non far-right;2017
CZE;Czech Republic;parliament;2017-10-21;7.27;15.0;200.0;CSSD;Česká strana sociálně demokratická;Czech Social Democratic Party;3.0463;68.0;1020.0;805.0;1072.0;789.0;;;;;;;non far-right;2017
CZE;Czech Republic;parliament;2017-10-21;29.64;78.0;200.0;ANO;Akce nespokojených občanů 2011;Action of Dissatisfied Citizens 2011;6.0;68.0;1020.0;805.0;1072.0;2263.0;Akce nespokojených obcanu;ANO;0.0;2100.0;2100.0;2263.0;non far-right;2017
CZE;Czech Republic;parliament;2017-10-21;5.31;7.0;200.0;TOP09;Tradice Odpovědnost Prosperita 09;Tradition Responsibility Prosperity 09;7.4;68.0;1020.0;805.0;1072.0;2.0;;;;;;;non far-right;2017
CZE;Czech Republic;parliament;2017-10-21;5.18;6.0;200.0;STAN;Starostové a nezávislí;Mayors and Independents;6.0;68.0;1020.0;805.0;1072.0;2024.0;;;;;;;non far-right;2017
CZE;Czech Republic;parliament;2017-10-21;1.46;0.0;200.0;SZ;Strana zelených;Green Party;4.123;68.0;1020.0;805.0;1072.0;196.0;;;;;;;non far-right;2017
CZE;Czech Republic;parliament;2017-10-21;1.56;0.0;200.0;SSO;Strana svobodných občanů;Party of Free Citizens;8.7;68.0;1020.0;805.0;1072.0;363.0;;;;;;;non far-right;2017
CZE;Czech Republic;parliament;2017-10-21;11.32;25.0;200.0;ODS;Občanská demokratická strana;Civic Democratic Party;7.3637;68.0;1020.0;805.0;1072.0;829.0;;;;;;;non far-right;2017
CZE;Czech Republic;parliament;2017-10-21;10.79;22.0;200.0;Pi;Ceska piratska strana;Czech Pirate Party;;68.0;1020.0;805.0;1072.0;2261.0;;;;;;;non far-right;2017
CZE;Czech Republic;parliament;2017-10-21;10.64;22.0;200.0;SPD;Svoboda a přímá demokracie;Freedom and Direct Democracy;8.7;68.0;1020.0;805.0;1072.0;2654.0;Svoboda a prímá demokracie;SPD;1.0;1900.0;2100.0;2654.0;far-right;2017
CZE;Czech Republic;parliament;2017-10-21;7.76;15.0;200.0;KSCM;Komunistická strana Cech a Moravy;Communist Party of Bohemia and Moravia;0.7498;68.0;1020.0;805.0;1072.0;1173.0;Komunistická strana Cech a Moravy;KSCM;0.0;2100.0;2100.0;1173.0;non far-right;2017
ITA;Italy;parliament;2018-03-04;33.33;227.0;630.0;M5S;Movimento 5 Stelle;Five Star Movement;;26.0;1024.0;789.0;1501.0;2155.0;Movimento 5 Stelle;M5S;0.0;2100.0;2100.0;2155.0;non far-right;2018
ITA;Italy;parliament;2018-03-04;18.76;112.0;630.0;PD;Partito Democratico;Democratic Party;2.6216;26.0;1024.0;789.0;1501.0;382.0;;;;;;;non far-right;2018
ITA;Italy;parliament;2018-03-04;0.58;1.0;630.0;one-seat;one seat;one seat;;26.0;1024.0;789.0;1501.0;2302.0;;;;;;;non far-right;2018
ITA;Italy;parliament;2018-03-04;4.35;31.0;630.0;FdI;Fratelli d'Italia;Brothers of Italy;8.7;26.0;1024.0;789.0;1501.0;2154.0;Fratelli d'Italia;FdI;1.0;1900.0;2100.0;2154.0;far-right;2018
ITA;Italy;parliament;2018-03-04;3.39;14.0;630.0;S;Sinistra;Left;1.3;26.0;1024.0;789.0;1501.0;465.0;Sinistra Ecologia e Libertà;SEL;0.0;2100.0;2100.0;465.0;non far-right;2018
ITA;Italy;parliament;2018-03-04;1.34;4.0;630.0;UC;Unione / Centro;Union / Centre;6.1092;26.0;1024.0;789.0;1501.0;226.0;;;;;;;non far-right;2018
ITA;Italy;parliament;2018-03-04;0.41;4.0;630.0;SVP;Südtiroler Volkspartei;South Tyrol Peoples Party;5.4;26.0;1024.0;789.0;1501.0;1030.0;;;;;;;non far-right;2018
ITA;Italy;parliament;2018-03-04;0.54;2.0;630.0;IdV;Italia dei Valori;Italy of Values;4.8712;26.0;1024.0;789.0;1501.0;693.0;Lista Di Pietro - Italia dei Valori;IdV;0.0;2100.0;2100.0;693.0;non far-right;2018
ITA;Italy;parliament;2018-03-04;2.76;2.0;630.0;#NAME?;#NAME?;More Europe;6.0;26.0;1024.0;789.0;1501.0;2737.0;;;;;;;non far-right;2018
ITA;Italy;parliament;2018-03-04;;1.0;630.0;CD;Centro Democratico;Democratic Centre;6.0;26.0;1024.0;789.0;1501.0;2153.0;;;;;;;non far-right;2018
ITA;Italy;parliament;2018-03-04;0.33;1.0;630.0;AIE;Associativo Italiani all'Estero;Associative Italians Abroad;;26.0;1024.0;789.0;1501.0;927.0;;;;;;;non far-right;2018
ITA;Italy;parliament;2018-03-04;0.21;1.0;630.0;USEI;Unione Sudamericana Emigrati Italiani;South American Union Italian Emigrants;7.4;26.0;1024.0;789.0;1501.0;2671.0;;;;;;;non far-right;2018
ITA;Italy;parliament;2018-03-04;1.13;0.0;630.0;PRC;Partito della Rifondazione Comunista;Communist Refoundation Party;0.8849;26.0;1024.0;789.0;1501.0;1321.0;Partito della Rifondazione Comunista;PRC;0.0;2100.0;2100.0;1321.0;non far-right;2018
ITA;Italy;parliament;2018-03-04;14.0;106.0;630.0;FI-PdL;Forza Italia – Il Popolo della Libertà;Go Italy -- The People of Freedom;7.1459;26.0;1024.0;789.0;1501.0;596.0;Forza Italia (1994-2009);FI1;0.0;2100.0;2100.0;596.0;non far-right;2018
ITA;Italy;parliament;2018-03-04;17.39;124.0;630.0;LN;Lega Nord;North League;7.8007;26.0;1024.0;789.0;1501.0;1436.0;Lega (Nord);Lega;1.0;1900.0;2100.0;1436.0;far-right;2018
HUN;Hungary;parliament;2018-04-08;;117.0;199.0;Fi-MPSz;Fidesz – Magyar Polgári Szövetség;Fidesz -- Hungarian Civic Union;6.5432;39.0;1023.0;814.0;1104.0;921.0;Fidesz;Fidesz;1.0;2010.0;2100.0;921.0;far-right;2018
HUN;Hungary;parliament;2018-04-08;49.28;;199.0;Fi+KDNP;Fidesz – Magyar Polgári Szövetség / Kereszténydemokrata Néppárt;Fidesz -- Hungarian Civic Party / Christian Democratic People's Party;6.5432;39.0;1023.0;814.0;1104.0;437.0;;;;;;;far-right;2018
HUN;Hungary;parliament;2018-04-08;1.73;0.0;199.0;MKKP;Magyar Kétfarkú Kutya Párt;Hungarian Two-tailed Dog Party;;39.0;1023.0;814.0;1104.0;2660.0;;;;;;;non far-right;2018
HUN;Hungary;parliament;2018-04-08;3.06;0.0;199.0;MM;Momentum Mozgalom;Momentum Movement;7.4;39.0;1023.0;814.0;1104.0;2659.0;;;;;;;non far-right;2018
HUN;Hungary;parliament;2018-04-08;;1.0;199.0;FKgP;Független Kisgazda Párt;Independent Small Holders Party;9.0186;39.0;1023.0;814.0;1104.0;870.0;Független Kisgazdapárt;FKgP;1.0;2019.0;2100.0;870.0;non far-right;2018
HUN;Hungary;parliament;2018-04-08;0.66;1.0;199.0;Egyutt;Együtt – A Korszakváltók Pártja;Together -- Party for a New Era;3.3;39.0;1023.0;814.0;1104.0;2318.0;;;;;;;non far-right;2018
HUN;Hungary;parliament;2018-04-08;0.46;1.0;199.0;MNOO;Magyarországi Németek Országos Önkormányzata;National Self-Government of Germans in Hungary;;39.0;1023.0;814.0;1104.0;2908.0;;;;;;;non far-right;2018
HUN;Hungary;parliament;2018-04-08;;3.0;199.0;PM;Párbeszéd Magyarországért;Dialogue for Hungary;2.5;39.0;1023.0;814.0;1104.0;2349.0;;;;;;;non far-right;2018
HUN;Hungary;parliament;2018-04-08;7.06;8.0;199.0;LMP;Lehet Más a Politika;Politics Can Be Different;2.5;39.0;1023.0;814.0;1104.0;403.0;;;;;;;non far-right;2018
HUN;Hungary;parliament;2018-04-08;;16.0;199.0;KDNP;Kereszténydemokrata Néppárt;Christian Democratic People's Party;7.4;39.0;1023.0;814.0;1104.0;434.0;;;;;;;non far-right;2018
HUN;Hungary;parliament;2018-04-08;5.37;9.0;199.0;DK;Demokratikus Koalíció;Democratic Coalition;3.3;39.0;1023.0;814.0;1104.0;1970.0;;;;;;;non far-right;2018
HUN;Hungary;parliament;2018-04-08;19.06;26.0;199.0;Jobbik;Jobbik Magyarországért Mozgalom;Jobbik Movement for a Better Hungary;8.7;39.0;1023.0;814.0;1104.0;600.0;Jobbik Magyarországért Mozgalom;Jobbik;1.0;1900.0;2018.0;600.0;far-right;2018
HUN;Hungary;parliament;2018-04-08;11.91;17.0;199.0;MSZP;Magyar Szocialista Párt;Hungarian Socialist Party;2.8743;39.0;1023.0;814.0;1104.0;1591.0;;;;;;;non far-right;2018
SVN;Slovenia;parliament;2018-06-03;;1.0;90.0;Ita;Italijanska narodna skupnost;Italian national community;;60.0;1025.0;817.0;1144.0;199.0;;;;;;;non far-right;2018
SVN;Slovenia;parliament;2018-06-03;5.11;5.0;90.0;ZaAB;Zavezništvo Alenke Bratušek;Alliance of Alenka Bratusek;3.3;60.0;1025.0;817.0;1144.0;2337.0;;;;;;;non far-right;2018
SVN;Slovenia;parliament;2018-06-03;7.16;7.0;90.0;NSI;Nova Slovenija – Krščanska ljudska stranka;New Slovenia -- Christian People's Party;7.9345;60.0;1025.0;817.0;1144.0;1047.0;Nova Slovenija – Krščanski Demokrati;N.Si;1.0;1900.0;2100.0;1047.0;far-right;2018
SVN;Slovenia;parliament;2018-06-03;9.33;9.0;90.0;L;Levica;The Left;1.3;60.0;1025.0;817.0;1144.0;2670.0;Levica;Levica;0.0;2100.0;2100.0;2670.0;non far-right;2018
SVN;Slovenia;parliament;2018-06-03;9.93;10.0;90.0;ZL-SD;Združena lista – Socialni demokrati;United List -- Social Democrats;3.0637;60.0;1025.0;817.0;1144.0;706.0;Združena levica;ZL;0.0;2100.0;2100.0;706.0;non far-right;2018
SVN;Slovenia;parliament;2018-06-03;12.6;13.0;90.0;LMS;Lista Marjana Šarca;List of Marjan Sarec;3.3;60.0;1025.0;817.0;1144.0;2668.0;Lista Marjana Šarca;LMS;0.0;2100.0;2100.0;2668.0;non far-right;2018
SVN;Slovenia;parliament;2018-06-03;24.92;25.0;90.0;SDS;Slovenska demokratska stranka;Slovenian Democratic Party;6.9996;60.0;1025.0;817.0;1144.0;179.0;Slovenska Demokratska Stranka;SDS;1.0;2015.0;2100.0;179.0;far-right;2018
SVN;Slovenia;parliament;2018-06-03;4.93;5.0;90.0;DeSUS;Demokratična stranka upokojencev Slovenije;Democratic Party of Pensioners of Slovenia;3.2292;60.0;1025.0;817.0;1144.0;1587.0;;;;;;;non far-right;2018
SVN;Slovenia;parliament;2018-06-03;4.17;4.0;90.0;SNS;Slovenska nacionalna stranka;Slovenian National Party;4.7941;60.0;1025.0;817.0;1144.0;981.0;Slovenska Nacionalna Stranka;SNS;1.0;1900.0;2100.0;981.0;far-right;2018
SVN;Slovenia;parliament;2018-06-03;;1.0;90.0;Mad;Madžarska narodna skupnost;Hungarian national community;;60.0;1025.0;817.0;1144.0;65.0;;;;;;;non far-right;2018
SVN;Slovenia;parliament;2018-06-03;9.75;10.0;90.0;SMC;Stranka modernega;Modern Center Party;3.3;60.0;1025.0;817.0;1144.0;2333.0;;;;;;;non far-right;2018
SVN;Slovenia;parliament;2018-06-03;2.15;0.0;90.0;PSS;Piratska stranka Slovenije;Slovenian Pirate Party;;60.0;1025.0;817.0;1144.0;2338.0;;;;;;;non far-right;2018
SVN;Slovenia;parliament;2018-06-03;2.62;0.0;90.0;SLS;Slovenska ljudska stranka;Slovenian People's Party;6.6953;60.0;1025.0;817.0;1144.0;16.0;;;;;;;non far-right;2018
SVN;Slovenia;parliament;2018-06-03;1.09;0.0;90.0;ZS;Zeleni Slovenije;Greens of Slovenia;2.5;60.0;1025.0;817.0;1144.0;1619.0;;;;;;;non far-right;2018
SVN;Slovenia;parliament;2018-06-03;1.52;0.0;90.0;DD;Dobra Drzava;Good Country;3.3;60.0;1025.0;817.0;1144.0;2669.0;;;;;;;non far-right;2018
SWE;Sweden;parliament;2018-09-09;28.26;100.0;349.0;SAP;Socialdemokraterna;Social Democrats;3.4447;35.0;1041.0;828.0;1149.0;904.0;;;;;;;non far-right;2018
SWE;Sweden;parliament;2018-09-09;19.84;70.0;349.0;M;Moderaterna;Moderate Party;7.8907;35.0;1041.0;828.0;1149.0;657.0;;;;;;;non far-right;2018
SWE;Sweden;parliament;2018-09-09;17.53;62.0;349.0;SD;Sverigedemokraterna;Sweden Democrats;8.7;35.0;1041.0;828.0;1149.0;1546.0;Sverigedemokraterna;SD;1.0;1900.0;2100.0;1546.0;far-right;2018
SWE;Sweden;parliament;2018-09-09;8.61;31.0;349.0;C;Centerpartiet;Centre Party;5.8084;35.0;1041.0;828.0;1149.0;1461.0;;;;;;;non far-right;2018
SWE;Sweden;parliament;2018-09-09;8.0;28.0;349.0;V;Vänsterpartiet (kommunisterna);Left Party (Communists);1.5464;35.0;1041.0;828.0;1149.0;882.0;Vänsterpartiet;V;0.0;2100.0;2100.0;882.0;non far-right;2018
SWE;Sweden;parliament;2018-09-09;5.49;20.0;349.0;FP;Folkpartiet;People's Party;6.2906;35.0;1041.0;828.0;1149.0;892.0;;;;;;;non far-right;2018
SWE;Sweden;parliament;2018-09-09;4.41;16.0;349.0;MP;Miljöpartiet de Gröna;Greens;3.3789;35.0;1041.0;828.0;1149.0;1154.0;;;;;;;non far-right;2018
SWE;Sweden;parliament;2018-09-09;0.46;0.0;349.0;Fi;Feministiskt initiativ;Feminist Initiative;;35.0;1041.0;828.0;1149.0;1521.0;;;;;;;non far-right;2018
SWE;Sweden;parliament;2018-09-09;6.32;22.0;349.0;KD;Kristdemokraterna;Christian Democrats;7.195;35.0;1041.0;828.0;1149.0;282.0;;;;;;;non far-right;2018
LVA;Latvia;parliament;2018-10-06;9.97;11.0;100.0;ZZS;Zaļo un Zemnieku savienība;Green and Farmers' Union;5.2632;55.0;1042.0;831.0;1407.0;466.0;;;;;;;non far-right;2018
LVA;Latvia;parliament;2018-10-06;4.17;0.0;100.0;LRa;Latvijas Reģionu apvienība;Latvian Association of Regions;7.4;55.0;1042.0;831.0;1407.0;2366.0;;;;;;;non far-right;2018
LVA;Latvia;parliament;2018-10-06;2.63;0.0;100.0;P;Progresīvie;The Progressive;3.3;55.0;1042.0;831.0;1407.0;2716.0;;;;;;;non far-right;2018
LVA;Latvia;parliament;2018-10-06;3.22;0.0;100.0;PCTVL;Par cilvēka tiesībām vienotā Latvijā;For Human Rights in a United Latvia;1.25;55.0;1042.0;831.0;1407.0;1520.0;;;;;;;non far-right;2018
LVA;Latvia;parliament;2018-10-06;6.74;8.0;100.0;V;Vienotība;Unity;7.4;55.0;1042.0;831.0;1407.0;1666.0;;;;;;;non far-right;2018
LVA;Latvia;parliament;2018-10-06;12.04;13.0;100.0;AP!;Attīstībai/Par!;Development/For!;;55.0;1042.0;831.0;1407.0;2878.0;;;;;;;non far-right;2018
LVA;Latvia;parliament;2018-10-06;11.08;13.0;100.0;NA/TB/LNNK;Nacionālā apvienība / Tēvzemei un Brīvībai / LNNK;National Alliance / For Fatherland and Freedom / LNNK;8.2588;55.0;1042.0;831.0;1407.0;521.0;Nacionālā Apvienība;;1.0;1900.0;2100.0;521.0;far-right;2018
LVA;Latvia;parliament;2018-10-06;14.33;16.0;100.0;KPV-LV;Kam pieder valsts?;Who owns the state?;8.7;55.0;1042.0;831.0;1407.0;2715.0;Kam Pieder Valsts? (now Par Cilv?c?gu Latviju);KPV LV / PCL;0.0;2100.0;2100.0;2715.0;non far-right;2018
LVA;Latvia;parliament;2018-10-06;13.67;16.0;100.0;JKP;Jaunā konservatīvā partija;New Conservative Party;7.4;55.0;1042.0;831.0;1407.0;2717.0;;;;;;;non far-right;2018
LVA;Latvia;parliament;2018-10-06;19.92;23.0;100.0;S;Saskaņas;Harmony;3.0;55.0;1042.0;831.0;1407.0;1100.0;;;;;;;non far-right;2018
LUX;Luxembourg;parliament;2018-10-14;15.72;10.0;60.0;LSAP;Lëtzebuerger Sozialistesch Aarbechterpartei;Luxembourg Socialist Workers' Party;3.2895;7.0;1043.0;803.0;1069.0;701.0;;;;;;;non far-right;2018
LUX;Luxembourg;parliament;2018-10-14;27.08;21.0;60.0;CSV;Chrëschtlech Sozial Vollekspartei;Christian Social People's Party;6.4474;7.0;1043.0;803.0;1069.0;1234.0;;;;;;;non far-right;2018
LUX;Luxembourg;parliament;2018-10-14;14.1;9.0;60.0;Greng;Déi Gréng;The Greens;2.5;7.0;1043.0;803.0;1069.0;310.0;;;;;;;non far-right;2018
LUX;Luxembourg;parliament;2018-10-14;16.4;12.0;60.0;DP;Demokratesch Partei;Democratic Party;6.5789;7.0;1043.0;803.0;1069.0;967.0;;;;;;;non far-right;2018
LUX;Luxembourg;parliament;2018-10-14;6.2;2.0;60.0;Pi;Piratepartei Lëtzebuerg;Pirate Party Luxembourg;;7.0;1043.0;803.0;1069.0;2256.0;;;;;;;non far-right;2018
LUX;Luxembourg;parliament;2018-10-14;1.07;0.0;60.0;KPL;Kommunistesch Partei Lëtzebuerg;Communist Party of Luxembourg;1.3;7.0;1043.0;803.0;1069.0;151.0;Kommunistesch Partei Lëtzebuerg;KPL;0.0;2100.0;2100.0;151.0;non far-right;2018
LUX;Luxembourg;parliament;2018-10-14;8.02;4.0;60.0;AR|ADR;Aktiounskomitee Rente | Alternativ Demokratesch Reformpartei;Action Committee Pensions | Alternative Democratic Reform Party;8.8158;7.0;1043.0;803.0;1069.0;1582.0;Alternativ Demokratesch Reformpartei;ADR;1.0;2022.0;2100.0;1582.0;non far-right;2018
LUX;Luxembourg;parliament;2018-10-14;4.72;2.0;60.0;DL;Déi Lénk;The Left;0.5263;7.0;1043.0;803.0;1069.0;457.0;Déi Lénk;Dei Lenk;0.0;2100.0;2100.0;457.0;non far-right;2018
EST;Estonia;parliament;2019-03-03;1.2;0.0;101.0;ELE;Elurikkuse Erakond;Richness of Life;2.5;75.0;1044.0;853.0;1495.0;2721.0;;;;;;;non far-right;2019
EST;Estonia;parliament;2019-03-03;23.1;26.0;101.0;EK;Eesti Keskerakond;Estonian Centre Party;3.9562;75.0;1044.0;853.0;1495.0;1137.0;Eesti Keskerakond;EK;0.0;2100.0;2100.0;1137.0;non far-right;2019
EST;Estonia;parliament;2019-03-03;1.2;0.0;101.0;EV;Eesti Vabaerakond;Free Party;7.4;75.0;1044.0;853.0;1495.0;2409.0;;;;;;;non far-right;2019
EST;Estonia;parliament;2019-03-03;17.8;19.0;101.0;ERa/EKR;Eestimaa Rahvalliit / Eesti Konservatiivne Rahvaerakond;People's Union of Estonia / Conservative People's Party;4.5812;75.0;1044.0;853.0;1495.0;417.0;Eesti Konservatiivne Rahvaerakond;EKRE;1.0;1900.0;2100.0;417.0;far-right;2019
EST;Estonia;parliament;2019-03-03;11.4;12.0;101.0;IRL;Erakond Isamaa ja Res Publica Liit;Pro Patria and Res Publica Union;8.4962;75.0;1044.0;853.0;1495.0;1597.0;;;;;;;non far-right;2019
EST;Estonia;parliament;2019-03-03;9.8;10.0;101.0;SDE|M;Sotsiaaldemokraatlik Erakond | Mõõdukad;Social Democratic Party | Moderates;4.1915;75.0;1044.0;853.0;1495.0;1448.0;;;;;;;non far-right;2019
EST;Estonia;parliament;2019-03-03;4.4;0.0;101.0;E200;Erakond Eesti 200;Estonia 200;6.0;75.0;1044.0;853.0;1495.0;2720.0;;;;;;;non far-right;2019
EST;Estonia;parliament;2019-03-03;1.8;0.0;101.0;EER;Erakond Eestimaa Rohelised;Estonian Greens;2.5;75.0;1044.0;853.0;1495.0;219.0;;;;;;;non far-right;2019
EST;Estonia;parliament;2019-03-03;28.9;34.0;101.0;ERe;Eesti Reformierakond;Estonian Reform Party;7.8969;75.0;1044.0;853.0;1495.0;113.0;;;;;;;non far-right;2019
FIN;Finland;parliament;2019-04-14;17.0;38.0;200.0;KOK;Kansallinen Kokoomus – Samlingspartiet;National Coalition Party;7.2451;67.0;1045.0;855.0;1510.0;1118.0;;;;;;;non far-right;2019
FIN;Finland;parliament;2019-04-14;13.8;31.0;200.0;KESK;Keskusta;Centre Party;5.8027;67.0;1045.0;855.0;1510.0;94.0;;;;;;;non far-right;2019
FIN;Finland;parliament;2019-04-14;11.5;20.0;200.0;VIHR;Vihreä Liitto – Gröna Förbundet;Green League;3.6465;67.0;1045.0;855.0;1510.0;1062.0;;;;;;;non far-right;2019
FIN;Finland;parliament;2019-04-14;17.5;39.0;200.0;SP|P;Suomen Puolue | Perussuomalaiset;Finnish Party | True Finns;6.6331;67.0;1045.0;855.0;1510.0;200.0;Suomen Maaseudun Puolue | Perussuomalaiset;PS;1.0;1900.0;2100.0;200.0;far-right;2019
FIN;Finland;parliament;2019-04-14;0.97;0.0;200.0;UV|SIN;Uusi vaihtoehto | Sininen tulevaisuus;New Alternative | Blue Reform;8.7;67.0;1045.0;855.0;1510.0;2645.0;;;;;;;non far-right;2019
FIN;Finland;parliament;2019-04-14;0.38;1.0;200.0;AS;Åländsk Samling;Aland Coalition;;67.0;1045.0;855.0;1510.0;66.0;;;;;;;non far-right;2019
FIN;Finland;parliament;2019-04-14;3.9;5.0;200.0;KD;Kristillisdemokraatit – Kristdemokraterna;Christian Democrats;7.1884;67.0;1045.0;855.0;1510.0;1463.0;;;;;;;non far-right;2019
FIN;Finland;parliament;2019-04-14;8.2;16.0;200.0;DL|VAS;Demokraattinen Liitto – Demokratiska Förbundet | Vasemmistoliitto – Vänsterförbundet;Democratic Union | Left Alliance;2.1843;67.0;1045.0;855.0;1510.0;1292.0;Demokraattinen Liitto | Vasemmistoliitto;VAS;0.0;2100.0;2100.0;1292.0;non far-right;2019
FIN;Finland;parliament;2019-04-14;4.5;9.0;200.0;RKP-SFP;Ruotsalainen Kansanpuolue – Svenska Folkepartiet i Finland;Swedish People's Party;6.3906;67.0;1045.0;855.0;1510.0;585.0;;;;;;;non far-right;2019
FIN;Finland;parliament;2019-04-14;2.25;1.0;200.0;LN;Liike Nyt;Movement Now;6.0;67.0;1045.0;855.0;1510.0;2801.0;Liike Nyt;Liik;0.0;2100.0;2100.0;2801.0;non far-right;2019
FIN;Finland;parliament;2019-04-14;17.7;40.0;200.0;SSDP;Suomen Sosialidemokraattinen Puolue – Finlands Socialdemokratiska Parti;Social Democratic Party of Finland;3.5595;67.0;1045.0;855.0;1510.0;395.0;;;;;;;non far-right;2019
ESP;Spain;parliament;2019-04-28;10.26;24.0;350.0;Vox;Vox;Voice;8.7;27.0;1046.0;1005.0;1533.0;2380.0;Vox;Vox;1.0;1900.0;2100.0;2380.0;far-right;2019
ESP;Spain;parliament;2019-04-28;28.68;123.0;350.0;PSOE;Partido Socialista Obrero Español;Spanish Socialist Workers Party;3.7377;27.0;1046.0;1005.0;1533.0;902.0;;;;;;;non far-right;2019
ESP;Spain;parliament;2019-04-28;3.89;15.0;350.0;ERC;Esquerra Republicana de Catalunya;Republican Left of Catalonia;3.1072;27.0;1046.0;1005.0;1533.0;757.0;;;;;;;non far-right;2019
ESP;Spain;parliament;2019-04-28;11.05;33.0;350.0;P;Podemos;We Can;1.3;27.0;1046.0;1005.0;1533.0;2376.0;Podemos;Podemos;0.0;2100.0;2100.0;2376.0;non far-right;2019
ESP;Spain;parliament;2019-04-28;1.91;7.0;350.0;CDC|JxCat;Convergència Democràtica | Junts per Catalunya;Democratic Convergence | Together for Catalonia;7.4;27.0;1046.0;1005.0;1533.0;2605.0;;;;;;;non far-right;2019
ESP;Spain;parliament;2019-04-28;0.86;2.0;350.0;one-seat;one seat;one seat;;27.0;1046.0;1005.0;1533.0;2294.0;;;;;;;non far-right;2019
ESP;Spain;parliament;2019-04-28;1.51;6.0;350.0;PNV;Partido Nacionalista Vasco – Euzko Alderdi Jeltzalea;Basque Nationalist Party;6.2144;27.0;1046.0;1005.0;1533.0;1361.0;;;;;;;non far-right;2019
ESP;Spain;parliament;2019-04-28;2.36;7.0;350.0;ECP;En Comú Podem;In Common We Can;1.3;27.0;1046.0;1005.0;1533.0;2606.0;;;;;;;non far-right;2019
ESP;Spain;parliament;2019-04-28;1.25;0.0;350.0;PACMA;Partido Animalista Contra el Maltrato Animal;Animalist Party Against Mistreatment to Animals;;27.0;1046.0;1005.0;1533.0;2381.0;;;;;;;non far-right;2019
ESP;Spain;parliament;2019-04-28;0.91;2.0;350.0;EM|GCE;En Marea | Grupo Común da Esquerda;En Masse | Common Group of the Left;1.3;27.0;1046.0;1005.0;1533.0;2604.0;;;;;;;non far-right;2019
ESP;Spain;parliament;2019-04-28;16.7;66.0;350.0;AP-P;Alianza-Partido Popular;People's Alliance-Party;7.5969;27.0;1046.0;1005.0;1533.0;645.0;;;;;;;non far-right;2019
ESP;Spain;parliament;2019-04-28;15.86;57.0;350.0;Cs;Ciudadanos – Partido de la Ciudadanía;Citizens -- Party of the Citizenry;6.0;27.0;1046.0;1005.0;1533.0;2375.0;;;;;;;non far-right;2019
ESP;Spain;parliament;2019-04-28;0.41;2.0;350.0;NA+;Navarra Suma;Sum Navarre;7.4;27.0;1046.0;1005.0;1533.0;2723.0;;;;;;;non far-right;2019
ESP;Spain;parliament;2019-04-28;0.53;2.0;350.0;CC;Coalición Canaria;Canary Coalition;5.9789;27.0;1046.0;1005.0;1533.0;234.0;;;;;;;non far-right;2019
ESP;Spain;parliament;2019-04-28;0.99;4.0;350.0;EHB;Euskal Herria Bildu;Basque Country Unite;;27.0;1046.0;1005.0;1533.0;2603.0;Euskal Herria Bildu;EHB;0.0;2100.0;2100.0;2603.0;non far-right;2019
BEL;Belgium;parliament;2019-05-26;2.22;2.0;150.0;FDF;Front Démocratique des Francophones | DéFI;Francophone Democratic Front;6.1259;64.0;1048.0;816.0;1586.0;969.0;;;;;;;non far-right;2019
BEL;Belgium;parliament;2019-05-26;1.11;0.0;150.0;Pp;Parti populaire;People's Party;7.4;64.0;1048.0;816.0;1586.0;438.0;Parti populaire;PP;1.0;1900.0;2100.0;438.0;far-right;2019
BEL;Belgium;parliament;2019-05-26;16.03;25.0;150.0;N-VA;Nieuw-Vlaamse Alliantie;New Flemish Alliance;6.5321;64.0;1048.0;816.0;1586.0;501.0;Nieuw-Vlaamse Alliantie;N-VA;1.0;2019.0;2025.0;501.0;far-right;2019
BEL;Belgium;parliament;2019-05-26;9.46;20.0;150.0;PS;Parti Socialiste;Socialist Party [Francophone];2.9307;64.0;1048.0;816.0;1586.0;1378.0;;;;;;;non far-right;2019
BEL;Belgium;parliament;2019-05-26;11.95;18.0;150.0;VB;Vlaams Blok | Vlaams Belang;Flemish Block | Flemish Interest;9.6622;64.0;1048.0;816.0;1586.0;993.0;Vlaams Belang;VB;1.0;1900.0;2100.0;993.0;far-right;2019
BEL;Belgium;parliament;2019-05-26;7.56;14.0;150.0;MR;Mouvement Réformateur;Reformist Movement;6.6889;64.0;1048.0;816.0;1586.0;915.0;;;;;;;non far-right;2019
BEL;Belgium;parliament;2019-05-26;6.14;13.0;150.0;Ecolo;Écologistes Confédérés pour l'organisation de luttes originales;Confederated ecologists for the organisation of original struggles;2.641;64.0;1048.0;816.0;1586.0;161.0;;;;;;;non far-right;2019
BEL;Belgium;parliament;2019-05-26;8.54;12.0;150.0;PVV|VLD;Partij voor Vrijheid en Vooruitgang | Vlaamse Liberalen en Democraten;Party of Liberty and Progress | Flemish Liberals and Democrats;7.0053;64.0;1048.0;816.0;1586.0;1110.0;;;;;;;non far-right;2019
BEL;Belgium;parliament;2019-05-26;8.89;12.0;150.0;CVP|CD&V;Christelijke Volkspartij | Christen-Democratisch en Vlaams;Flemish Christian Peoples Party | Christian Democrats & Flemish;5.7667;64.0;1048.0;816.0;1586.0;723.0;;;;;;;non far-right;2019
BEL;Belgium;parliament;2019-05-26;8.62;12.0;150.0;PA-PTB;Partij van de Arbeid – Parti du Travail de Belgique;Workers' Party of Belgium;1.3;64.0;1048.0;816.0;1586.0;256.0;Partij van de Arbeid – Parti du Travail;PVDA/PTB;0.0;2100.0;2100.0;256.0;non far-right;2019
BEL;Belgium;parliament;2019-05-26;6.1;8.0;150.0;AGL-Gr;Agalev – Groen;Agalev -- Green;2.5762;64.0;1048.0;816.0;1586.0;1594.0;;;;;;;non far-right;2019
BEL;Belgium;parliament;2019-05-26;3.7;5.0;150.0;PSC-CDH;Parti Social Chrétien – Centre Democrate Humaniste;Francophone Christian Social Party -- Humanist Democratic Centre;5.4974;64.0;1048.0;816.0;1586.0;1192.0;;;;;;;non far-right;2019
BEL;Belgium;parliament;2019-05-26;6.71;9.0;150.0;SP;Socialistische Partij;Socialist Party;3.2459;64.0;1048.0;816.0;1586.0;1029.0;;;;;;;non far-right;2019
DNK;Denmark;parliament;2019-06-05;23.4;43.0;179.0;V;Venstre;Liberal Party;7.292;21.0;1077.0;976.0;1497.0;1605.0;;;;;;;non far-right;2019
DNK;Denmark;parliament;2019-06-05;8.6;16.0;179.0;RV;Det Radikale Venstre;Danish Social Liberal Party;4.8736;21.0;1077.0;976.0;1497.0;211.0;;;;;;;non far-right;2019
DNK;Denmark;parliament;2019-06-05;7.7;14.0;179.0;SF;Socialistisk Folkeparti;Socialist Peoples Party;2.1347;21.0;1077.0;976.0;1497.0;1644.0;Socialistisk Folkeparti;SF;0.0;2100.0;2100.0;1644.0;non far-right;2019
DNK;Denmark;parliament;2019-06-05;6.9;13.0;179.0;En-O;Enhedslisten – De Rød-Grønne;Red-Green Alliance;0.8912;21.0;1077.0;976.0;1497.0;306.0;Enhedslisten – De Rød-Grønne;En-O;0.0;2100.0;2100.0;306.0;non far-right;2019
DNK;Denmark;parliament;2019-06-05;6.6;12.0;179.0;KF;Konservative;Conservatives;7.2186;21.0;1077.0;976.0;1497.0;590.0;;;;;;;non far-right;2019
DNK;Denmark;parliament;2019-06-05;;1.0;179.0;Sbf;Sambandsflokkurin;Union Party (Faroe Islands);7.4;21.0;1077.0;976.0;1497.0;1892.0;;;;;;;non far-right;2019
DNK;Denmark;parliament;2019-06-05;3.0;5.0;179.0;A;Alternativet;The Alternative;2.5;21.0;1077.0;976.0;1497.0;2567.0;;;;;;;non far-right;2019
DNK;Denmark;parliament;2019-06-05;1.8;0.0;179.0;SK;Stram Kurs;Hard Line;8.7;21.0;1077.0;976.0;1497.0;2782.0;;;;;;;non far-right;2019
DNK;Denmark;parliament;2019-06-05;25.9;48.0;179.0;Sd;Socialdemokraterne;Social Democrats;3.8011;21.0;1077.0;976.0;1497.0;1629.0;;;;;;;non far-right;2019
DNK;Denmark;parliament;2019-06-05;;1.0;179.0;Si;Siumut;Forward (Greenland);3.3;21.0;1077.0;976.0;1497.0;74.0;;;;;;;non far-right;2019
DNK;Denmark;parliament;2019-06-05;;1.0;179.0;IA;Inuit Ataqatigiit;Community of the People;1.3;21.0;1077.0;976.0;1497.0;1891.0;;;;;;;non far-right;2019
DNK;Denmark;parliament;2019-06-05;2.4;4.0;179.0;NB;Nye Borgerlige;The New Right;8.7;21.0;1077.0;976.0;1497.0;2781.0;Nye Borgerlige;NB;1.0;1900.0;2100.0;2781.0;far-right;2019
DNK;Denmark;parliament;2019-06-05;2.3;4.0;179.0;NLA;Ny-Liberal Alliance;New-Liberal Alliance;6.0;21.0;1077.0;976.0;1497.0;376.0;;;;;;;non far-right;2019
DNK;Denmark;parliament;2019-06-05;;1.0;179.0;Jf;Javnaðarflokkurin;Social Democratic Party (Faroe Islands);3.3;21.0;1077.0;976.0;1497.0;1894.0;;;;;;;non far-right;2019
DNK;Denmark;parliament;2019-06-05;1.7;0.0;179.0;KrF;Kristeligt Folkeparti;Christian People's Party;5.6982;21.0;1077.0;976.0;1497.0;1331.0;;;;;;;non far-right;2019
DNK;Denmark;parliament;2019-06-05;8.7;16.0;179.0;DF;Dansk Folkeparti;Danish People's Party;8.2269;21.0;1077.0;976.0;1497.0;1418.0;Dansk Folkeparti;DF;1.0;1900.0;2100.0;1418.0;far-right;2019
GRC;Greece;parliament;2019-07-07;3.7;10.0;300.0;EL;Elliniki Lisi;Greek Solution;7.4;41.0;1078.0;992.0;1593.0;2780.0;Elliniki Lisi;EL;1.0;1900.0;2100.0;2780.0;far-right;2019
GRC;Greece;parliament;2019-07-07;39.85;158.0;300.0;ND;Néa Đimokratía;New Democracy;6.7365;41.0;1078.0;992.0;1593.0;47.0;;;;;;;non far-right;2019
GRC;Greece;parliament;2019-07-07;31.53;86.0;300.0;SYRIZA;Synaspismós Rizospastikís Aristerás;Coalition of the Radical Left;2.8947;41.0;1078.0;992.0;1593.0;1592.0;Synaspismós Rizospastikís Aristerás;SYRIZA;0.0;2100.0;2100.0;1592.0;non far-right;2019
GRC;Greece;parliament;2019-07-07;8.1;22.0;300.0;PASOK;Panellinio Sosialistikó Kínima;Panhellenic Socialist Movement;4.4968;41.0;1078.0;992.0;1593.0;1338.0;;;;;;;non far-right;2019
GRC;Greece;parliament;2019-07-07;5.3;15.0;300.0;KKE;Kommounistikó Kómma Elládas;Communist Party of Greece;1.253;41.0;1078.0;992.0;1593.0;614.0;Kommounistikó Kómma Elládas;KKE;0.0;2100.0;2100.0;614.0;non far-right;2019
GRC;Greece;parliament;2019-07-07;3.44;9.0;300.0;MeRA25;Métopo Evropaikís Realistikís Anypakoís;European Realistic Disobedience Front;1.3;41.0;1078.0;992.0;1593.0;2742.0;European Realistic Disobedience Front;MeRa25;0.0;2100.0;2100.0;2742.0;non far-right;2019
GRC;Greece;parliament;2019-07-07;2.93;0.0;300.0;LS-CA;Laikos Syndesmos – Chrysi Avg;Peoples Association -- Golden Dawn;8.7;41.0;1078.0;992.0;1593.0;2092.0;Laikos Syndesmos – Chrysi Avgi;GD;1.0;1900.0;2100.0;2092.0;far-right;2019
GRC;Greece;parliament;2019-07-07;1.24;0.0;300.0;EK;Enosi Kentroon;Union of Centrists;3.3;41.0;1078.0;992.0;1593.0;2165.0;;;;;;;non far-right;2019
GRC;Greece;parliament;2019-07-07;1.46;0.0;300.0;LE|PE;Laïkí Enótita | Plefsi Eleftherias;Popular Unity | Course of Freedom;1.3;41.0;1078.0;992.0;1593.0;2596.0;Laiki Enotita-Anypotakti Aristera;LAE;0.0;2100.0;2100.0;2596.0;non far-right;2019
AUT;Austria;parliament;2019-09-29;1.9;0.0;183.0;PILZ;JETZT – Liste Pilz;JETZT -- Pilz List;2.5;59.0;1080.0;1019.0;1600.0;2651.0;JETZT - Liste Pilz;Pilz;0.0;2100.0;2100.0;2651.0;non far-right;2019
AUT;Austria;parliament;2019-09-29;16.2;31.0;183.0;FPO;Freiheitliche Partei Österreichs;Freedom Party of Austria;8.3494;59.0;1080.0;1019.0;1600.0;50.0;Freiheitliche Partei Österreichs;FPÖ;1.0;1900.0;2100.0;50.0;far-right;2019
AUT;Austria;parliament;2019-09-29;13.9;26.0;183.0;Gruene;Die Grünen – Die Grüne Alternative;The Greens -- The Green Alternative;2.4604;59.0;1080.0;1019.0;1600.0;1429.0;;;;;;;non far-right;2019
AUT;Austria;parliament;2019-09-29;21.2;40.0;183.0;SPO;Sozialdemokratische Partei Österreichs;Social Democratic Party of Austria;3.7293;59.0;1080.0;1019.0;1600.0;973.0;;;;;;;non far-right;2019
AUT;Austria;parliament;2019-09-29;37.5;71.0;183.0;OVP;Österreichische Volkspartei;Austrian People's Party;6.4733;59.0;1080.0;1019.0;1600.0;1013.0;;;;;;;non far-right;2019
AUT;Austria;parliament;2019-09-29;8.1;15.0;183.0;NEOS;NEOS – Das Neue Österreich;NEOS -- The New Austria;6.0;59.0;1080.0;1019.0;1600.0;2255.0;;;;;;;non far-right;2019
PRT;Portugal;parliament;2019-10-06;10.01;19.0;230.0;BE;Bloco de Esquerda;Bloc of the Left;1.6425;63.0;1081.0;993.0;1198.0;557.0;Bloco de Esquerda;BE;0.0;2100.0;2100.0;557.0;non far-right;2019
PRT;Portugal;parliament;2019-10-06;1.14;1.0;230.0;L;Livre – Liberdade, Esquerda, Europa e Ecologia;Livre;3.3;63.0;1081.0;993.0;1198.0;2374.0;;;;;;;non far-right;2019
PRT;Portugal;parliament;2019-10-06;1.35;1.0;230.0;IL;Iniciativa Liberal;Liberal Initiative;6.0;63.0;1081.0;993.0;1198.0;2788.0;;;;;;;non far-right;2019
PRT;Portugal;parliament;2019-10-06;1.35;1.0;230.0;CH;Chega;Enough;8.7;63.0;1081.0;993.0;1198.0;2789.0;Chega;Chega;1.0;1900.0;2100.0;2789.0;far-right;2019
PRT;Portugal;parliament;2019-10-06;0.81;0.0;230.0;A;Aliança;Alliance;6.0;63.0;1081.0;993.0;1198.0;2756.0;;;;;;;non far-right;2019
PRT;Portugal;parliament;2019-10-06;6.66;12.0;230.0;CDU;Coligação Democrático Unitária;Unified Democratic Coalition;2.2233;63.0;1081.0;993.0;1198.0;1295.0;;;;;;;non far-right;2019
PRT;Portugal;parliament;2019-10-06;3.49;4.0;230.0;PAN;Partido pelos Animais e pela Natureza;Party for Animals and Nature;2.5;63.0;1081.0;993.0;1198.0;1781.0;;;;;;;non far-right;2019
PRT;Portugal;parliament;2019-10-06;4.44;5.0;230.0;CDS-PP;Centro Democrático e Social – Partido Popular;Democratic and Social Centre -- People's Party;8.0222;63.0;1081.0;993.0;1198.0;251.0;;;;;;;non far-right;2019
PRT;Portugal;parliament;2019-10-06;38.21;108.0;230.0;PS;Partido Socialista;Socialist Party;4.0492;63.0;1081.0;993.0;1198.0;725.0;;;;;;;non far-right;2019
PRT;Portugal;parliament;2019-10-06;29.19;79.0;230.0;PSD;Partido Social Democrata;Social Democratic Party;6.2949;63.0;1081.0;993.0;1198.0;1273.0;;;;;;;non far-right;2019
POL;Poland;parliament;2019-10-13;0.73;0.0;460.0;no-seat;no seat;no seat;;74.0;1082.0;996.0;1526.0;2053.0;;;;;;;non far-right;2019
POL;Poland;parliament;2019-10-13;;1.0;460.0;one-seat;one seat;one seat;;74.0;1082.0;996.0;1526.0;2287.0;;;;;;;non far-right;2019
POL;Poland;parliament;2019-10-13;;19.0;460.0;WIO;Wiosna;Spring;3.3;74.0;1082.0;996.0;1526.0;2740.0;;;;;;;non far-right;2019
POL;Poland;parliament;2019-10-13;6.81;5.0;460.0;KORWIN;Koalicja Odnowy Rzeczypospolitej Wolność i Nadzieja KORWiN;Coalition for the Renewal of the Republic -- Liberty and Hope;7.4;74.0;1082.0;996.0;1526.0;2602.0;Konfederacja Odnowy Rzeczypospolitej Wolnosc i Nadzieja;KORWiN;1.0;1900.0;2100.0;2602.0;far-right;2019
POL;Poland;parliament;2019-10-13;;6.0;460.0;LR;Lewica Razem;Left Together;3.3;74.0;1082.0;996.0;1526.0;2790.0;;;;;;;non far-right;2019
POL;Poland;parliament;2019-10-13;;6.0;460.0;K;Kukiz'15;Kukiz'15;8.7;74.0;1082.0;996.0;1526.0;2600.0;Kukiz'15;Kukiz '15;0.0;2100.0;2100.0;2600.0;non far-right;2019
POL;Poland;parliament;2019-10-13;;5.0;460.0;RN;Ruch Narodowy;National Movement;8.7;74.0;1082.0;996.0;1526.0;2398.0;Ruch Narodowy;RN;1.0;1900.0;2100.0;2398.0;far-right;2019
POL;Poland;parliament;2019-10-13;;3.0;460.0;none;no party affiliation;no party affiliation;;74.0;1082.0;996.0;1526.0;1011.0;;;;;;;non far-right;2019
POL;Poland;parliament;2019-10-13;;1.0;460.0;D|W|U;Demokratyczna | Wolności | Unia;Democratic | Freedom | Union;5.2295;74.0;1082.0;996.0;1526.0;1104.0;;;;;;;non far-right;2019
POL;Poland;parliament;2019-10-13;12.56;24.0;460.0;SLD;Sojusz Lewicy Demokratycznej;Democratic Left Alliance;2.8299;74.0;1082.0;996.0;1526.0;629.0;;;;;;;non far-right;2019
POL;Poland;parliament;2019-10-13;0.17;1.0;460.0;MN;Mniejszość niemiecka w Polsce;German minority;;74.0;1082.0;996.0;1526.0;900.0;;;;;;;non far-right;2019
POL;Poland;parliament;2019-10-13;27.4;134.0;460.0;PO;Platforma Obywatelska;Civic Platform;6.2355;74.0;1082.0;996.0;1526.0;512.0;;;;;;;non far-right;2019
POL;Poland;parliament;2019-10-13;43.59;235.0;460.0;PiS;Prawo i Sprawiedliwość;Law and Justice;7.6997;74.0;1082.0;996.0;1526.0;528.0;Prawo i Sprawiedliwosc;PiS;1.0;2005.0;2100.0;528.0;far-right;2019
POL;Poland;parliament;2019-10-13;8.55;20.0;460.0;PSL;Polskie Stronnictwo Ludowe;Polish People's Party;4.1856;74.0;1082.0;996.0;1526.0;664.0;;;;;;;non far-right;2019
CHE;Switzerland;parliament;2019-10-20;25.59;53.0;200.0;SVP-UDC;Schweizerische Volkspartei – Union Démocratique du Centre;Swiss People's Party;7.3575;40.0;1083.0;995.0;1212.0;750.0;Schweizerische Volkspartei;SVP;1.0;1900.0;2100.0;750.0;far-right;2019
CHE;Switzerland;parliament;2019-10-20;7.8;16.0;200.0;GPL-PVL;Grünliberale Partei der Schweiz – Parti Vert-Libéral;Green Liberal Party;2.5;40.0;1083.0;995.0;1212.0;308.0;;;;;;;non far-right;2019
CHE;Switzerland;parliament;2019-10-20;2.08;3.0;200.0;EVP-PEP;Evangelische Volkspartei der Schweiz – Parti Populaire Evangelique Suisse;Protestant Peoples Party;4.9248;40.0;1083.0;995.0;1212.0;602.0;;;;;;;non far-right;2019
CHE;Switzerland;parliament;2019-10-20;2.44;3.0;200.0;BDP;Bürgerlich–Demokratische Partei (BDP) Graubünden;Conservative Democratic Party of Switzerland;7.4;40.0;1083.0;995.0;1212.0;1213.0;;;;;;;non far-right;2019
CHE;Switzerland;parliament;2019-10-20;1.05;1.0;200.0;PdA;Partei der Arbeit der Schweiz;Swiss Party of Labour;0.5263;40.0;1083.0;995.0;1212.0;1167.0;Partei der Arbeit der Schweiz;PdA;0.0;2100.0;2100.0;1167.0;non far-right;2019
CHE;Switzerland;parliament;2019-10-20;;1.0;200.0;S;solidaritéS;Solidarity;1.3;40.0;1083.0;995.0;1212.0;1226.0;SolidaritéS;SOL;0.0;2100.0;2100.0;1226.0;non far-right;2019
CHE;Switzerland;parliament;2019-10-20;1.0;1.0;200.0;EDU-UDF;Eidgenössisch-Demokratische Union – Union Démocratique Fédérale;Federal Democratic Union of Switzerland;8.6579;40.0;1083.0;995.0;1212.0;1318.0;Eidgenössisch-Demokratische Union;EDU;1.0;1900.0;2100.0;1318.0;far-right;2019
CHE;Switzerland;parliament;2019-10-20;0.32;0.0;200.0;FGr-ASF;Feministische und grün-alternative Gruppierungen – Alternative socialiste verte et groupements féministes;Feminists and Green-Alternative Groups;2.5;40.0;1083.0;995.0;1212.0;569.0;;;;;;;non far-right;2019
CHE;Switzerland;parliament;2019-10-20;11.38;25.0;200.0;KK/CVP;Katholische Konservative / Christlichdemokratische Volkspartei – Conservateurs catholiques  /  Parti démocrate-chrétien;Catholic Conservative / Christian Democratic People's Party;4.7288;40.0;1083.0;995.0;1212.0;531.0;;;;;;;non far-right;2019
CHE;Switzerland;parliament;2019-10-20;13.2;28.0;200.0;Grue;Grüne – Écologiste;Greens;1.6886;40.0;1083.0;995.0;1212.0;141.0;;;;;;;non far-right;2019
CHE;Switzerland;parliament;2019-10-20;15.11;29.0;200.0;FDP-PRD;Freisinnig-Demokratische Partei der Schweiz – Parti Radical-Democratique Suisse;Radical Democratic Party;6.3249;40.0;1083.0;995.0;1212.0;26.0;;;;;;;non far-right;2019
CHE;Switzerland;parliament;2019-10-20;0.75;1.0;200.0;LdT;Lega dei Ticinesi;Ticino League;8.7;40.0;1083.0;995.0;1212.0;1500.0;Lega dei Ticinesi;LdT;1.0;1900.0;2100.0;1500.0;far-right;2019
CHE;Switzerland;parliament;2019-10-20;16.84;39.0;200.0;SP-PS;Sozialdemokratische Partei der Schweiz – Parti Socialiste Suisse;Social Democratic Party of Switzerland;1.8319;40.0;1083.0;995.0;1212.0;35.0;;;;;;;non far-right;2019
ESP;Spain;parliament;2019-11-10;20.81;89.0;350.0;AP-P;Alianza-Partido Popular;People's Alliance-Party;7.5969;27.0;1085.0;1046.0;1601.0;645.0;;;;;;;non far-right;2019
ESP;Spain;parliament;2019-11-10;0.73;1.0;350.0;C|AV;Compromís | A la valenciana;Compromise | A la valenciana;1.3;27.0;1085.0;1046.0;1601.0;2607.0;;;;;;;non far-right;2019
ESP;Spain;parliament;2019-11-10;0.5;1.0;350.0;BNG;Bloque Nacionalista Galego;Galician Nationalist Bloc;2.9117;27.0;1085.0;1046.0;1601.0;520.0;Bloque Nacionalista Galego;BNG;0.0;2100.0;2100.0;520.0;non far-right;2019
ESP;Spain;parliament;2019-11-10;0.37;2.0;350.0;one-seat;one seat;one seat;;27.0;1085.0;1046.0;1601.0;2294.0;;;;;;;non far-right;2019
ESP;Spain;parliament;2019-11-10;1.46;2.0;350.0;Equo;Equo;Equo;2.5;27.0;1085.0;1046.0;1601.0;2804.0;;;;;;;non far-right;2019
ESP;Spain;parliament;2019-11-10;1.02;2.0;350.0;CUP;Candidatura d'Unitat Popular;Popular Unity Candidacy;1.3;27.0;1085.0;1046.0;1601.0;2792.0;Candidatura d'Unitat Popular;CUP;0.0;2100.0;2100.0;2792.0;non far-right;2019
ESP;Spain;parliament;2019-11-10;0.78;2.0;350.0;EM|GCE;En Marea | Grupo Común da Esquerda;En Masse | Common Group of the Left;1.3;27.0;1085.0;1046.0;1601.0;2604.0;;;;;;;non far-right;2019
ESP;Spain;parliament;2019-11-10;0.51;2.0;350.0;CC;Coalición Canaria;Canary Coalition;5.9789;27.0;1085.0;1046.0;1601.0;234.0;;;;;;;non far-right;2019
ESP;Spain;parliament;2019-11-10;0.41;2.0;350.0;NA+;Navarra Suma;Sum Navarre;7.4;27.0;1085.0;1046.0;1601.0;2723.0;;;;;;;non far-right;2019
ESP;Spain;parliament;2019-11-10;1.14;5.0;350.0;EHB;Euskal Herria Bildu;Basque Country Unite;;27.0;1085.0;1046.0;1601.0;2603.0;Euskal Herria Bildu;EHB;0.0;2100.0;2100.0;2603.0;non far-right;2019
ESP;Spain;parliament;2019-11-10;28.0;120.0;350.0;PSOE;Partido Socialista Obrero Español;Spanish Socialist Workers Party;3.7377;27.0;1085.0;1046.0;1601.0;902.0;;;;;;;non far-right;2019
ESP;Spain;parliament;2019-11-10;1.56;6.0;350.0;PNV;Partido Nacionalista Vasco – Euzko Alderdi Jeltzalea;Basque Nationalist Party;6.2144;27.0;1085.0;1046.0;1601.0;1361.0;;;;;;;non far-right;2019
ESP;Spain;parliament;2019-11-10;2.26;7.0;350.0;ECP;En Comú Podem;In Common We Can;1.3;27.0;1085.0;1046.0;1601.0;2606.0;;;;;;;non far-right;2019
ESP;Spain;parliament;2019-11-10;2.19;8.0;350.0;CDC|JxCat;Convergència Democràtica | Junts per Catalunya;Democratic Convergence | Together for Catalonia;7.4;27.0;1085.0;1046.0;1601.0;2605.0;;;;;;;non far-right;2019
ESP;Spain;parliament;2019-11-10;0.94;0.0;350.0;PACMA;Partido Animalista Contra el Maltrato Animal;Animalist Party Against Mistreatment to Animals;;27.0;1085.0;1046.0;1601.0;2381.0;;;;;;;non far-right;2019
ESP;Spain;parliament;2019-11-10;6.8;10.0;350.0;Cs;Ciudadanos – Partido de la Ciudadanía;Citizens -- Party of the Citizenry;6.0;27.0;1085.0;1046.0;1601.0;2375.0;;;;;;;non far-right;2019
ESP;Spain;parliament;2019-11-10;15.08;52.0;350.0;Vox;Vox;Voice;8.7;27.0;1085.0;1046.0;1601.0;2380.0;Vox;Vox;1.0;1900.0;2100.0;2380.0;far-right;2019
ESP;Spain;parliament;2019-11-10;3.61;13.0;350.0;ERC;Esquerra Republicana de Catalunya;Republican Left of Catalonia;3.1072;27.0;1085.0;1046.0;1601.0;757.0;;;;;;;non far-right;2019
ESP;Spain;parliament;2019-11-10;9.82;26.0;350.0;P;Podemos;We Can;1.3;27.0;1085.0;1046.0;1601.0;2376.0;Podemos;Podemos;0.0;2100.0;2100.0;2376.0;non far-right;2019
GBR;United Kingdom;parliament;2019-12-12;0.37;2.0;650.0;SDLP;Social Democratic and Labour Party;Social Democratic and Labour Party;3.3;44.0;1086.0;1013.0;1599.0;1023.0;;;;;;;non far-right;2019
GBR;United Kingdom;parliament;2019-12-12;3.88;48.0;650.0;SNP;Scottish National Party – Pàrtaidh Nàiseanta na h-Alba;Scottish National Party;3.5871;44.0;1086.0;1013.0;1599.0;1284.0;;;;;;;non far-right;2019
GBR;United Kingdom;parliament;2019-12-12;32.16;203.0;650.0;Lab;Labour Party;Labour;4.3562;44.0;1086.0;1013.0;1599.0;1556.0;;;;;;;non far-right;2019
GBR;United Kingdom;parliament;2019-12-12;43.63;365.0;650.0;Con;Conservatives;Conservatives;7.4261;44.0;1086.0;1013.0;1599.0;773.0;;;;;;;non far-right;2019
GBR;United Kingdom;parliament;2019-12-12;0.76;8.0;650.0;DUP;Democratic Unionist Party;Democratic Unionist Party;7.4;44.0;1086.0;1013.0;1599.0;319.0;Democratic Unionist Party;DUP;0.0;2100.0;2100.0;319.0;non far-right;2019
GBR;United Kingdom;parliament;2019-12-12;2.7;1.0;650.0;GP;Green Party;Green Party;2.57;44.0;1086.0;1013.0;1599.0;467.0;;;;;;;non far-right;2019
GBR;United Kingdom;parliament;2019-12-12;2.01;0.0;650.0;BP;Brexit Party;Brexit Party;8.7;44.0;1086.0;1013.0;1599.0;2729.0;Brexit Party / Reform;BRX / Reform;1.0;1900.0;2100.0;2729.0;far-right;2019
GBR;United Kingdom;parliament;2019-12-12;0.42;1.0;650.0;APoNI;Alliance Party of Northern Ireland;Alliance Party of Northern Ireland;6.0;44.0;1086.0;1013.0;1599.0;2731.0;;;;;;;non far-right;2019
GBR;United Kingdom;parliament;2019-12-12;0.48;4.0;650.0;Plaid;Plaid Cymru;Plaid Cymru;3.1183;44.0;1086.0;1013.0;1599.0;311.0;;;;;;;non far-right;2019
GBR;United Kingdom;parliament;2019-12-12;0.57;7.0;650.0;SF;Sinn Féin;Sinn Fein;1.3;44.0;1086.0;1013.0;1599.0;689.0;;;;;;;non far-right;2019
GBR;United Kingdom;parliament;2019-12-12;11.55;11.0;650.0;Lib;Liberals;Liberals;4.2875;44.0;1086.0;1013.0;1599.0;659.0;;;;;;;non far-right;2019
IRL;Ireland;parliament;2020-02-08;24.53;37.0;160.0;SF;Sinn Féin;Sinn Fein;2.7935;37.0;1088.0;1002.0;1511.0;2217.0;Sinn Féin;SF;0.0;2100.0;2100.0;2217.0;non far-right;2020
IRL;Ireland;parliament;2020-02-08;12.2;19.0;160.0;none;no party affiliation;no party affiliation;;37.0;1088.0;1002.0;1511.0;30.0;;;;;;;non far-right;2020
IRL;Ireland;parliament;2020-02-08;20.86;35.0;160.0;FG;Fine Gael;Fine Gael (Family of the Irish);6.4372;37.0;1088.0;1002.0;1511.0;1393.0;;;;;;;non far-right;2020
IRL;Ireland;parliament;2020-02-08;7.13;12.0;160.0;Green;Green Party  – Comhaontas Glas;Green Party;2.435;37.0;1088.0;1002.0;1511.0;1573.0;;;;;;;non far-right;2020
IRL;Ireland;parliament;2020-02-08;4.38;6.0;160.0;Lab;Labour Party;Labour Party;3.6252;37.0;1088.0;1002.0;1511.0;318.0;;;;;;;non far-right;2020
IRL;Ireland;parliament;2020-02-08;22.18;38.0;160.0;FF;Fianna Fáil;Fianna Fail;6.0713;37.0;1088.0;1002.0;1511.0;280.0;;;;;;;non far-right;2020
IRL;Ireland;parliament;2020-02-08;0.25;0.0;160.0;no-seat;no seat;no seat;;37.0;1088.0;1002.0;1511.0;2216.0;;;;;;;non far-right;2020
IRL;Ireland;parliament;2020-02-08;0.39;1.0;160.0;IC;Independents 4 Change;Independents 4 Change;1.3;37.0;1088.0;1002.0;1511.0;2621.0;;;;;;;non far-right;2020
IRL;Ireland;parliament;2020-02-08;1.9;1.0;160.0;A;Aontú;Aontu;7.4;37.0;1088.0;1002.0;1511.0;2795.0;;;;;;;non far-right;2020
IRL;Ireland;parliament;2020-02-08;2.63;5.0;160.0;D-PRB;Dlúthphartíocht – Pobal Roimh Bhrabús;Solidarity -- People Before Profit;1.3;37.0;1088.0;1002.0;1511.0;2776.0;;;;;;;non far-right;2020
IRL;Ireland;parliament;2020-02-08;2.9;6.0;160.0;DS;Daonlathaigh Shóisialta;Social Democrats;3.3;37.0;1088.0;1002.0;1511.0;2619.0;;;;;;;non far-right;2020
SVK;Slovakia;parliament;2020-02-29;3.06;0.0;150.0;DV;Dobrá voľba;Good Choice;3.3;1.0;1089.0;1003.0;1529.0;2797.0;;;;;;;non far-right;2020
SVK;Slovakia;parliament;2020-02-29;2.05;0.0;150.0;MH;Most-Híd;Most-Hid;7.4;1.0;1089.0;1003.0;1529.0;1620.0;;;;;;;non far-right;2020
SVK;Slovakia;parliament;2020-02-29;3.16;0.0;150.0;SNS;Slovenská národná strana;Slovak National Party;7.0198;1.0;1089.0;1003.0;1529.0;1072.0;Slovenská Národná Strana;SNS;1.0;1900.0;2100.0;1072.0;far-right;2020
SVK;Slovakia;parliament;2020-02-29;2.93;0.0;150.0;V;Vlasť;Homeland;8.7;1.0;1089.0;1003.0;1529.0;2798.0;Vlasť;Vlast;1.0;1900.0;2100.0;2798.0;far-right;2020
SVK;Slovakia;parliament;2020-02-29;4.65;0.0;150.0;KDH;Kresťanskodemokratické hnutie;Christian Democratic Movement;7.1082;1.0;1089.0;1003.0;1529.0;1432.0;;;;;;;non far-right;2020
SVK;Slovakia;parliament;2020-02-29;;0.0;150.0;SPOLU;SPOLU – občianska demokracia;TOGETHER -- Civic Democracy;6.0;1.0;1089.0;1003.0;1529.0;2752.0;;;;;;;non far-right;2020
SVK;Slovakia;parliament;2020-02-29;6.96;0.0;150.0;PS;Progresívne Slovensko;Progressive Slovakia;6.0;1.0;1089.0;1003.0;1529.0;2751.0;;;;;;;non far-right;2020
SVK;Slovakia;parliament;2020-02-29;5.77;12.0;150.0;ZAL;Za ľudí;For the People;6.0;1.0;1089.0;1003.0;1529.0;2796.0;;;;;;;non far-right;2020
SVK;Slovakia;parliament;2020-02-29;6.22;13.0;150.0;SaS;Sloboda a solidarita;Freedom and Solidarity;6.0;1.0;1089.0;1003.0;1529.0;1460.0;;;;;;;non far-right;2020
SVK;Slovakia;parliament;2020-02-29;7.97;17.0;150.0;LsNS;Ľudová strana Naše Slovensko;People's Party Our Slovakia;8.7;1.0;1089.0;1003.0;1529.0;586.0;Kotlebovci – Ludová Strana Naše Slovensko;L'SNS;1.0;1900.0;2100.0;586.0;far-right;2020
SVK;Slovakia;parliament;2020-02-29;8.24;17.0;150.0;SR;Sme Rodina – Boris Kollár;We are family -- Boris Kollar;8.7;1.0;1089.0;1003.0;1529.0;2623.0;Sme Rodina;SR;1.0;1900.0;2100.0;2623.0;far-right;2020
SVK;Slovakia;parliament;2020-02-29;18.29;38.0;150.0;Smer;Smer – sociálna demokracia;Direction -- Social Democracy;3.3799;1.0;1089.0;1003.0;1529.0;220.0;Smer – Slovenská Sociálna Demokracia;Smer;0.0;2100.0;2100.0;220.0;non far-right;2020
SVK;Slovakia;parliament;2020-02-29;3.9;0.0;150.0;MK;Maďarskej koalície – Magyar koalíció;Hungarian Coalition;6.5005;1.0;1089.0;1003.0;1529.0;559.0;;;;;;;non far-right;2020
SVK;Slovakia;parliament;2020-02-29;25.02;53.0;150.0;OLaNO;Obyčajní ľudia a nezávislé osobnosti;Ordinary People and Independent;7.4;1.0;1089.0;1003.0;1529.0;1759.0;Hnutie Slovensko;Hnutie Slovensko;0.0;2100.0;2100.0;1759.0;non far-right;2020
SVK;Slovakia;parliament;2023-09-30;22.95;42.0;150.0;Smer;Smer – sociálna demokracia;Direction -- Social Democracy;3.3799;;;;;220.0;;;0.0;2100.0;2100.0;220.0;non far-right;2023
SVK;Slovakia;parliament;2023-09-30;17.96;32.0;150.0;PS;Progresívne Slovensko;Progressive Slovakia;6.0;;;;;2751.0;;;;;;;non far-right;2023
SVK;Slovakia;parliament;2023-09-30;14.7;27.0;150.0;Hlas;Hlas – sociálna demokracia;Voice – Social Democracy;;;;;;;;;;;;;non far-right;2023
SVK;Slovakia;parliament;2023-09-30;8.9;16.0;150.0;OĽaNO and Friends;OĽANO A PRIATELIA: OBYČAJNÍ ĽUDIA (OĽANO), NEZÁVISLÍ KANDIDÁTI (NEKA), NOVA, SLOBODNÍ A ZODPOVEDNÍ, PAČIVALE ROMA, MAGYAR SZÍVEK a Kresťanská únia a ZA ĽUDÍ;OĽaNO and Friends: Ordinary People (OĽaNO), Independent Candidates (NEKA), NOVA, Free and Responsible, Pačivale Roma, Magyar szívek and Christian Union and For the People;;;;;;;;;;;;;non far-right;2023
SVK;Slovakia;parliament;2023-09-30;6.82;12.0;150.0;KDH;Kresťanskodemokratické hnutie;Christian Democratic Movement;7.1082;;;;;1432.0;;;;;;;non far-right;2023
SVK;Slovakia;parliament;2023-09-30;6.32;11.0;150.0;SaS;Sloboda a solidarita;Freedom and Solidarity;6.0;;;;;1460.0;;;;;;;non far-right;2023
SVK;Slovakia;parliament;2023-09-30;5.63;10.0;150.0;SNS;Slovenská národná strana;Slovak National Party;7.0198;;;;;1072.0;;;1.0;1900.0;2100.0;1072.0;far-right;2023
SVK;Slovakia;parliament;2023-09-30;4.75;0.0;150.0;;Hnutie Republika;Republic Movement;;;;;;;;;;;;;far-right;2023
SVK;Slovakia;parliament;2023-09-30;4.39;0.0;150.0;MK;Maďarskej koalície – Magyar koalíció;Hungarian Coalition;6.5005;;;;;559.0;;;;;;;non far-right;2023
SVK;Slovakia;parliament;2023-09-30;2.93;0.0;150.0;SPOLU;SPOLU – občianska demokracia;TOGETHER -- Civic Democracy;6.0;;;;;2752.0;;;;;;;non far-right;2023
SVK;Slovakia;parliament;2023-09-30;2.21;0.0;150.0;SR;Sme Rodina – Boris Kollár;We are family -- Boris Kollar;8.7;;;;;2623.0;;;1.0;1900.0;2100.0;2623.0;far-right;2023
HRV;Croatia;parliament;2020-07-05;1.01;1.0;151.0;NS;Narodna stranka – Reformisti;People's Party -- Reformists;6.0;62.0;1094.0;1007.0;1512.0;2614.0;;;;;;;non far-right;2020
HRV;Croatia;parliament;2020-07-05;2.26;0.0;151.0;ZiZi;Živi zid;Human Shield;8.7;62.0;1094.0;1007.0;1512.0;2612.0;Živi zid;ZZ;0.0;2100.0;2100.0;2612.0;non far-right;2020
HRV;Croatia;parliament;2020-07-05;1.3;1.0;151.0;HNS-LD;Hrvatska narodna stranka – Liberalni demokrati;Croatian People's Party -- Liberal Democrats;1.8421;62.0;1094.0;1007.0;1512.0;1384.0;;;;;;;non far-right;2020
HRV;Croatia;parliament;2020-07-05;37.26;66.0;151.0;HDZ;Hrvatska demokratska zajednica;Croatian Democratic Union;7.1053;62.0;1094.0;1007.0;1512.0;276.0;Hrvatska Demokratska Zajednica;HDZ;1.0;1900.0;2000.0;276.0;non far-right;2020
HRV;Croatia;parliament;2020-07-05;3.98;3.0;151.0;P;Pametno;Intelligently;6.0;62.0;1094.0;1007.0;1512.0;2772.0;;;;;;;non far-right;2020
HRV;Croatia;parliament;2020-07-05;1.76;5.0;151.0;ethnic;ethnic;ethnic;;62.0;1094.0;1007.0;1512.0;2192.0;;;;;;;non far-right;2020
HRV;Croatia;parliament;2020-07-05;6.99;7.0;151.0;M!;Možemo! – politička platforma;We Can! -- Political Platform;2.5;62.0;1094.0;1007.0;1512.0;2810.0;Mozemo!;Mozemo;0.0;2100.0;2100.0;2810.0;non far-right;2020
HRV;Croatia;parliament;2020-07-05;7.39;8.0;151.0;Most;Most nezavisnih lista;Bridge of Independent Lists;7.4;62.0;1094.0;1007.0;1512.0;2615.0;Most;Most;1.0;1900.0;2100.0;2615.0;far-right;2020
HRV;Croatia;parliament;2020-07-05;10.89;16.0;151.0;DP;Domovinski pokret;Homeland Movement;8.7;62.0;1094.0;1007.0;1512.0;2809.0;Domovinski Pokret;DP;1.0;1900.0;2100.0;2809.0;far-right;2020
HRV;Croatia;parliament;2020-07-05;23.88;41.0;151.0;SPH;Socijaldemokratska partija Hrvatske;Social Democratic Party of Croatia;3.2456;62.0;1094.0;1007.0;1512.0;1493.0;;;;;;;non far-right;2020
HRV;Croatia;parliament;2020-07-05;0.78;3.0;151.0;SDSS;Samostalna demokratska srpska stranka;Independent Democratic Serb Party;3.3;62.0;1094.0;1007.0;1512.0;2133.0;;;;;;;non far-right;2020
LTU;Lithuania;parliament;2020-10-11;2.36;0.0;141.0;LCP;Lietuvos Centro Partija;Lithuanian Centre Party;8.7;15.0;1091.0;1009.0;1615.0;2635.0;Lietuvos Centro Partija;LCP;0.0;2100.0;2100.0;2635.0;non far-right;2020
LTU;Lithuania;parliament;2020-10-11;1.7;1.0;141.0;LZP;Lietuvos žalioji partija;Lithuanian Green Party;2.5;15.0;1091.0;1009.0;1615.0;21.0;;;;;;;non far-right;2020
LTU;Lithuania;parliament;2020-10-11;2.06;1.0;141.0;LLS;Lietuvos laisvės sąjunga (liberalai);Lithuanian Freedom Union (Liberals);6.0;15.0;1091.0;1009.0;1615.0;2634.0;Lietuvos Laisvės Sąjunga;LLS;1.0;1900.0;2100.0;2634.0;far-right;2020
LTU;Lithuania;parliament;2020-10-11;3.28;3.0;141.0;LSDDP;Lietuvos socialdemokratų darbo partija;Social Democratic Labour Party of Lithuania;3.3;15.0;1091.0;1009.0;1615.0;2763.0;;;;;;;non far-right;2020
LTU;Lithuania;parliament;2020-10-11;4.97;3.0;141.0;LLRA;Lietuvos lenkų rinkimų akcija;Election Action of Lithuania's Poles;3.865;15.0;1091.0;1009.0;1615.0;28.0;;;;;;;non far-right;2020
LTU;Lithuania;parliament;2020-10-11;;4.0;141.0;none;no party affiliation;no party affiliation;;15.0;1091.0;1009.0;1615.0;58.0;;;;;;;non far-right;2020
LTU;Lithuania;parliament;2020-10-11;7.04;13.0;141.0;LRLS;Lietuvos Respublikos liberalų sąjūdis;Liberals Movement of the Republic of Lithuania;7.7562;15.0;1091.0;1009.0;1615.0;482.0;;;;;;;non far-right;2020
LTU;Lithuania;parliament;2020-10-11;9.45;11.0;141.0;LP;Laisvės partija;Freedom Party;6.0;15.0;1091.0;1009.0;1615.0;2805.0;;;;;;;non far-right;2020
LTU;Lithuania;parliament;2020-10-11;9.58;13.0;141.0;LSDP;Lietuvos socialdemokratų partija;Lithuanian Social Democratic Party;3.1972;15.0;1091.0;1009.0;1615.0;1277.0;;;;;;;non far-right;2020
LTU;Lithuania;parliament;2020-10-11;18.07;32.0;141.0;LVLS;Lietuvos valstiečių sąjunga;Lithuanian Peasant Union;3.2687;15.0;1091.0;1009.0;1615.0;191.0;;;;;;;non far-right;2020
LTU;Lithuania;parliament;2020-10-11;25.77;50.0;141.0;TS-LK;Tėvynės sąjunga;Homeland Union;7.4004;15.0;1091.0;1009.0;1615.0;1045.0;;;;;;;non far-right;2020
LTU;Lithuania;parliament;2020-10-11;1.18;0.0;141.0;DK;Drąsos kelias;The Way of Courage;;15.0;1091.0;1009.0;1615.0;2121.0;Drasos Kelias;DK;0.0;2100.0;2100.0;2121.0;non far-right;2020
LTU;Lithuania;parliament;2020-10-11;9.77;10.0;141.0;DP;Darbo partija;Labour Party;3.86;15.0;1091.0;1009.0;1615.0;581.0;Darbo Partija;DP;0.0;2100.0;2100.0;581.0;non far-right;2020
LTU;Lithuania;parliament;2020-10-11;2.21;0.0;141.0;SV/NS;Susigrąžinkime valstybę! | Nacionalinis Susivienijimas;Recover the State! | National Alliance;8.7;15.0;1091.0;1009.0;1615.0;2762.0;;;;;;;non far-right;2020
ROU;Romania;parliament;2020-12-06;1.12;0.0;330.0;PER;Partidul Ecologist Român;Romanian Ecologist Party;2.5;23.0;1093.0;1015.0;1626.0;792.0;;;;;;;non far-right;2020
ROU;Romania;parliament;2020-12-06;;18.0;330.0;etnice;Partidele minorităţilor etnice din România;Romanian ethnic minorities parties;;23.0;1093.0;1015.0;1626.0;425.0;;;;;;;non far-right;2020
ROU;Romania;parliament;2020-12-06;4.82;0.0;330.0;PMP;Partidul Mișcarea Populară;People's Movement Party;6.2;23.0;1093.0;1015.0;1626.0;2395.0;Partidul Mișcarea Populară;PMP;0.0;2100.0;2100.0;2395.0;non far-right;2020
ROU;Romania;parliament;2020-12-06;4.09;0.0;330.0;PROR;PRO România;PRO Romania;6.0;23.0;1093.0;1015.0;1626.0;2746.0;;;;;;;non far-right;2020
ROU;Romania;parliament;2020-12-06;1.01;0.0;330.0;PU|PC;Partidul Umanist | Partidul Conservator;Humanist Party | Conservative Party;4.7622;23.0;1093.0;1015.0;1626.0;5.0;;;;;;;non far-right;2020
ROU;Romania;parliament;2020-12-06;15.37;55.0;330.0;USR|PLUS;Uniunea Salvați România | Partidul Libertate, Unitate și Solidaritate;Save Romania Union | Party of Liberty, Unity and Solidarity;6.0;23.0;1093.0;1015.0;1626.0;2646.0;;;;;;;non far-right;2020
ROU;Romania;parliament;2020-12-06;25.19;93.0;330.0;PNL;Partidul Naţional Liberal;National Liberal Party;6.0543;23.0;1093.0;1015.0;1626.0;1015.0;;;;;;;non far-right;2020
ROU;Romania;parliament;2020-12-06;9.08;33.0;330.0;AUR;Alianța pentru Unirea Românilor;Alliance for the Unity of Romanians;8.7;23.0;1093.0;1015.0;1626.0;2807.0;Alianța pentru Unirea Românilor;AUR;1.0;1900.0;2100.0;2807.0;far-right;2020
ROU;Romania;parliament;2020-12-06;5.74;21.0;330.0;UDMR;Uniunea Democrată Maghiară din România;Democratic Union of Hungarians in Romania;6.016;23.0;1093.0;1015.0;1626.0;948.0;;;;;;;non far-right;2020
ROU;Romania;parliament;2020-12-06;28.9;110.0;330.0;PSD;Partidul Social Democrat;Social Democratic Party;3.2325;23.0;1093.0;1015.0;1626.0;1120.0;;;;;;;non far-right;2020
NLD;Netherlands;parliament;2021-03-17;3.37;5.0;150.0;CU;ChristenUnie;ChristianUnion;6.1732;8.0;1097.0;1012.0;1648.0;1206.0;;;;;;;non far-right;2021
NLD;Netherlands;parliament;2021-03-17;5.73;9.0;150.0;PvdA;Partij van de Arbeid;Labour Party;3.6118;8.0;1097.0;1012.0;1648.0;742.0;;;;;;;non far-right;2021
NLD;Netherlands;parliament;2021-03-17;5.16;8.0;150.0;GL;GroenLinks;GreenLeft;2.0454;8.0;1097.0;1012.0;1648.0;756.0;;;;;;;non far-right;2021
NLD;Netherlands;parliament;2021-03-17;5.02;8.0;150.0;FvD;Forum voor Democratie;Forum for Democracy;8.7;8.0;1097.0;1012.0;1648.0;2642.0;Forum voor Democratie;FVD;1.0;1900.0;2100.0;2642.0;far-right;2021
NLD;Netherlands;parliament;2021-03-17;3.84;6.0;150.0;PvdD;Partij voor de Dieren;Party for the Animals;;8.0;1097.0;1012.0;1648.0;990.0;;;;;;;non far-right;2021
NLD;Netherlands;parliament;2021-03-17;5.98;9.0;150.0;SP;Socialistiese Partij;Socialist Party;1.3682;8.0;1097.0;1012.0;1648.0;357.0;Socialistiese Partij;SP;0.0;2100.0;2100.0;357.0;non far-right;2021
NLD;Netherlands;parliament;2021-03-17;2.03;3.0;150.0;DENK;Beweging DENK;Think;3.3;8.0;1097.0;1012.0;1648.0;2641.0;;;;;;;non far-right;2021
NLD;Netherlands;parliament;2021-03-17;2.42;3.0;150.0;VN;Volt Nederland;Volt Netherlands;;8.0;1097.0;1012.0;1648.0;2735.0;;;;;;;non far-right;2021
NLD;Netherlands;parliament;2021-03-17;2.37;3.0;150.0;JA21;Juiste Antwoord21;Right Answer 2021;8.7;8.0;1097.0;1012.0;1648.0;2823.0;Juiste Antwoord 21;JA21;1.0;1900.0;2100.0;2823.0;far-right;2021
NLD;Netherlands;parliament;2021-03-17;1.02;1.0;150.0;50+;50PLUS;50PLUS;;8.0;1097.0;1012.0;1648.0;2109.0;;;;;;;non far-right;2021
NLD;Netherlands;parliament;2021-03-17;1.0;1.0;150.0;BBB;BoerBurgerBeweging;Farmer-Citizen Movement;5.3;8.0;1097.0;1012.0;1648.0;2824.0;BoerBurgerBeweging;BBB;1.0;1900.0;2100.0;2824.0;far-right;2021
NLD;Netherlands;parliament;2021-03-17;0.84;1.0;150.0;one-seat;one seat;one seat;;8.0;1097.0;1012.0;1648.0;2288.0;;;;;;;non far-right;2021
NLD;Netherlands;parliament;2021-03-17;0.39;0.0;150.0;no-seat;no seat;no seat;;8.0;1097.0;1012.0;1648.0;2110.0;;;;;;;non far-right;2021
NLD;Netherlands;parliament;2021-03-17;9.5;15.0;150.0;CDA;Christen Democratisch Appèl;Christian Democratic Appeal;5.9376;8.0;1097.0;1012.0;1648.0;235.0;;;;;;;non far-right;2021
NLD;Netherlands;parliament;2021-03-17;21.87;34.0;150.0;VVD;Volkspartij voor Vrijheid en Democratie;People's Party for Freedom and Democracy;7.3482;8.0;1097.0;1012.0;1648.0;1409.0;;;;;;;non far-right;2021
NLD;Netherlands;parliament;2021-03-17;2.07;3.0;150.0;SGP;Staatkundig Gereformeerde Partij;Political Reformed Party;8.7531;8.0;1097.0;1012.0;1648.0;1251.0;;;;;;;non far-right;2021
NLD;Netherlands;parliament;2021-03-17;15.02;24.0;150.0;D66;Democraten 66;Democrats 66;4.5066;8.0;1097.0;1012.0;1648.0;345.0;;;;;;;non far-right;2021
NLD;Netherlands;parliament;2021-03-17;10.79;17.0;150.0;PVV;Partij voor de Vrijheid;Party for Freedom;8.8;8.0;1097.0;1012.0;1648.0;1501.0;Partij voor de Vrijheid;PVV;1.0;1900.0;2100.0;1501.0;far-right;2021
BGR;Bulgaria;parliament;2021-04-04;2.37;0.0;240.0;NFSB;Natsionalen Front za Spasenie na Balgariya;National Front for the Salvation of Bulgaria;8.7;10.0;1101.0;1011.0;1505.0;2211.0;Natsionalen Front za Spasenie na Balgariya;NFSB;1.0;1900.0;2100.0;2211.0;far-right;2021
BGR;Bulgaria;parliament;2021-04-04;26.18;75.0;240.0;GERB;Grazhdani za Evropeysko Razvitie na Balgariya;Citizens for European Development of Bulgaria;8.7;10.0;1101.0;1011.0;1505.0;1541.0;Grazhdani za Evropeysko Razvitie na Bulgariya;GERB;0.0;2100.0;2100.0;1541.0;non far-right;2021
BGR;Bulgaria;parliament;2021-04-04;15.01;43.0;240.0;KzB|DL;Koalitsiya za Balgariya | Demokratichna Levitsa;Coalition for Bulgaria | Democratic Left;2.8982;10.0;1101.0;1011.0;1505.0;1160.0;;;;;;;non far-right;2021
BGR;Bulgaria;parliament;2021-04-04;17.66;51.0;240.0;ITN;Ima takav narod;There Is Such a People;7.4;10.0;1101.0;1011.0;1505.0;2836.0;Ima Takav Narod;ITN;0.0;2100.0;2100.0;2836.0;non far-right;2021
BGR;Bulgaria;parliament;2021-04-04;9.45;27.0;240.0;DSB|DB;Demokrati za Silna Balgariya | Demokratichna Balgariya;Democrats for a Strong Bulgaria | Democratic Bulgaria;7.85;10.0;1101.0;1011.0;1505.0;57.0;;;;;;;non far-right;2021
BGR;Bulgaria;parliament;2021-04-04;10.51;30.0;240.0;DPS;Dvizhenie za Prava i Svobodi;Movement for Rights and Freedoms;4.5828;10.0;1101.0;1011.0;1505.0;1286.0;;;;;;;non far-right;2021
BGR;Bulgaria;parliament;2021-04-04;3.64;0.0;240.0;VMRO;VMRO – Balgarsko Natsionalno Dvizhenie;IMRO -- Bulgarian National Movement;7.4;10.0;1101.0;1011.0;1505.0;2212.0;Balgarsko Natsionalno Dvizhenie;VMRO;1.0;1900.0;2100.0;2212.0;far-right;2021
BGR;Bulgaria;parliament;2021-04-04;2.95;0.0;240.0;BNO|BN;Bŭlgarsko natsionalno obedinenie | Balgarsko lyato;Bulgarian National Unification | Bulgarian Summer;8.7;10.0;1101.0;1011.0;1505.0;2840.0;;;;;;;non far-right;2021
BGR;Bulgaria;parliament;2021-04-04;1.3;0.0;240.0;RzB;Republikantsi za Balgariya;Republicans for Bulgaria;7.4;10.0;1101.0;1011.0;1505.0;2814.0;;;;;;;non far-right;2021
BGR;Bulgaria;parliament;2021-04-04;4.72;14.0;240.0;IS;Izpravi se!;Stand up!;3.3;10.0;1101.0;1011.0;1505.0;2838.0;Izpravi se.BG;ISBG;0.0;2100.0;2100.0;2838.0;non far-right;2021
BGR;Bulgaria;parliament;2021-04-04;2.45;0.0;240.0;R;Vazrazhdane;Revival;8.7;10.0;1101.0;1011.0;1505.0;2640.0;Vazrazhdane;Vazrazhdane;1.0;1900.0;2100.0;2640.0;far-right;2021
CYP;Cyprus;parliament;2021-05-30;1.28;;56.0;PL;Pní Laoú;People's Breath;8.7;51.0;1095.0;1004.0;1628.0;2820.0;;;;;;;non far-right;2021
CYP;Cyprus;parliament;2021-05-30;1.56;;56.0;AK;Ammókhostos yia tin Kípro;Famagusta for Cyprus;6.0;51.0;1095.0;1004.0;1628.0;2818.0;;;;;;;non far-right;2021
CYP;Cyprus;parliament;2021-05-30;1.35;0.0;56.0;AM;Afypnisis 2020;Awakening 2020;;51.0;1095.0;1004.0;1628.0;2819.0;;;;;;;non far-right;2021
CYP;Cyprus;parliament;2021-05-30;11.29;9.0;56.0;DIKO;Dimokratikó Kómma;Democratic Party;5.1316;51.0;1095.0;1004.0;1628.0;851.0;;;;;;;non far-right;2021
CYP;Cyprus;parliament;2021-05-30;3.27;0.0;56.0;EP;Energi Polites;Active Citizens;1.3;51.0;1095.0;1004.0;1628.0;2815.0;;;;;;;non far-right;2021
CYP;Cyprus;parliament;2021-05-30;2.31;0.0;56.0;KINHMA;Kinima Allileggiis;Solidarity Movement;8.7;51.0;1095.0;1004.0;1628.0;2626.0;Allilegii;Allilegii;1.0;1900.0;2100.0;2626.0;far-right;2021
CYP;Cyprus;parliament;2021-05-30;1.0;0.0;56.0;KGTZTK;Kinima gia ta zoa tis Kíprou;Animal Party Cyprus;;51.0;1095.0;1004.0;1628.0;2627.0;;;;;;;non far-right;2021
CYP;Cyprus;parliament;2021-05-30;4.41;3.0;56.0;KOP;Kinima Oikologoi Perivallontistoi;Ecological and Environmental Movement;5.7895;51.0;1095.0;1004.0;1628.0;1621.0;;;;;;;non far-right;2021
CYP;Cyprus;parliament;2021-05-30;6.1;4.0;56.0;DP;Dimokratiki Parataxi;Democratic Alignment;6.0;51.0;1095.0;1004.0;1628.0;2741.0;;;;;;;non far-right;2021
CYP;Cyprus;parliament;2021-05-30;6.72;4.0;56.0;EDEK;Kinima Sosialdimokraton EDEK;Movement for Social Democracy EDEK;3.2895;51.0;1095.0;1004.0;1628.0;945.0;;;;;;;non far-right;2021
CYP;Cyprus;parliament;2021-05-30;6.78;4.0;56.0;ELAM;Ethniko Laiko Metopo;National Popular Front;8.7;51.0;1095.0;1004.0;1628.0;1768.0;Ethniko Laiko Metopo;ELAM;1.0;1900.0;2100.0;1768.0;far-right;2021
CYP;Cyprus;parliament;2021-05-30;27.77;17.0;56.0;DISY;Dimokratikós Sinayermós;Democratic Rally;8.6842;51.0;1095.0;1004.0;1628.0;1575.0;;;;;;;non far-right;2021
CYP;Cyprus;parliament;2021-05-30;2.82;0.0;56.0;Anex;Independents Movement;Independents Movement;6.0;51.0;1095.0;1004.0;1628.0;2817.0;;;;;;;non far-right;2021
CYP;Cyprus;parliament;2021-05-30;22.34;15.0;56.0;AKEL;Anorthotikó Kómma Ergazómenou Laoú;Progressive Party of Working People;1.0526;51.0;1095.0;1004.0;1628.0;572.0;Anorthotikó Kómma Ergazómenou Laoú;AKEL;0.0;2100.0;2100.0;572.0;non far-right;2021
CYP;Cyprus;parliament;2026-05-24;27.15;17.0;56.0;DISY;Dimokratikós Sinayermós;Democratic Rally;8.6842;;;;;1575.0;;;;;;;non far-right;2026
CYP;Cyprus;parliament;2026-05-24;23.86;15.0;56.0;AKEL;Anorthotikó Kómma Ergazómenou Laoú;Progressive Party of Working People;1.0526;;;;;572.0;;;0.0;2100.0;2100.0;572.0;non far-right;2026
CYP;Cyprus;parliament;2026-05-24;10.9;8.0;56.0;ELAM;Ethniko Laiko Metopo;National Popular Front;8.7;;;;;1768.0;;;1.0;1900.0;2100.0;1768.0;far-right;2026
CYP;Cyprus;parliament;2026-05-24;10.0;8.0;56.0;DIKO;Dimokratikó Kómma;Democratic Party;5.1316;;;;;851.0;;;;;;;non far-right;2026
CYP;Cyprus;parliament;2026-05-24;5.83;4.0;56.0;ALMA;ALMA – Polítes gia tin Kýpro;ALMA – Citizens for Cyprus;;;;;;;;;;;;;non far-right;2026
CYP;Cyprus;parliament;2026-05-24;5.42;4.0;56.0;;Ámesi Dimokratía Kýprou;Direct Democracy Cyprus;;;;;;;;;;;;;non far-right;2026
CYP;Cyprus;parliament;2026-05-24;3.25;0.0;56.0;EP;Energi Polites;Active Citizens;1.3;;;;;2815.0;;;;;;;non far-right;2026
CYP;Cyprus;parliament;2026-05-24;3.2;0.0;56.0;DP;Dimokratiki Parataxi;Democratic Alignment;6.0;;;;;2741.0;;;;;;;non far-right;2026
CYP;Cyprus;parliament;2026-05-24;3.14;0.0;56.0;VOLT;Volt Kýpros;Volt Cyprus ;;;;;;;;;;;;;non far-right;2026
CYP;Cyprus;parliament;2026-05-24;1.95;0.0;56.0;KOSP;Kínima Oikológon – Synergasía Politón;Movement of Ecologists – Citizens' Cooperation;5.7895;;;;;1621.0;;;;;;;non far-right;2026
BGR;Bulgaria;parliament;2021-07-11;3.1;0.0;240.0;VMRO;VMRO – Balgarsko Natsionalno Dvizhenie;IMRO -- Bulgarian National Movement;7.4;10.0;1102.0;1101.0;1657.0;2212.0;Balgarsko Natsionalno Dvizhenie;VMRO;1.0;1900.0;2100.0;2212.0;far-right;2021
BGR;Bulgaria;parliament;2021-07-11;24.08;65.0;240.0;ITN;Ima takav narod;There Is Such a People;7.4;10.0;1102.0;1101.0;1657.0;2836.0;Ima Takav Narod;ITN;0.0;2100.0;2100.0;2836.0;non far-right;2021
BGR;Bulgaria;parliament;2021-07-11;23.51;63.0;240.0;GERB;Grazhdani za Evropeysko Razvitie na Balgariya;Citizens for European Development of Bulgaria;8.7;10.0;1102.0;1101.0;1657.0;1541.0;Grazhdani za Evropeysko Razvitie na Bulgariya;GERB;0.0;2100.0;2100.0;1541.0;non far-right;2021
BGR;Bulgaria;parliament;2021-07-11;13.39;36.0;240.0;KzB|DL;Koalitsiya za Balgariya | Demokratichna Levitsa;Coalition for Bulgaria | Democratic Left;2.8982;10.0;1102.0;1101.0;1657.0;1160.0;;;;;;;non far-right;2021
BGR;Bulgaria;parliament;2021-07-11;12.64;34.0;240.0;DSB|DB;Demokrati za Silna Balgariya | Demokratichna Balgariya;Democrats for a Strong Bulgaria | Democratic Bulgaria;7.85;10.0;1102.0;1101.0;1657.0;57.0;;;;;;;non far-right;2021
BGR;Bulgaria;parliament;2021-07-11;10.71;29.0;240.0;DPS;Dvizhenie za Prava i Svobodi;Movement for Rights and Freedoms;4.5828;10.0;1102.0;1101.0;1657.0;1286.0;;;;;;;non far-right;2021
BGR;Bulgaria;parliament;2021-07-11;1.82;0.0;240.0;BNO|BN;Bŭlgarsko natsionalno obedinenie | Balgarsko lyato;Bulgarian National Unification | Bulgarian Summer;8.7;10.0;1102.0;1101.0;1657.0;2840.0;;;;;;;non far-right;2021
BGR;Bulgaria;parliament;2021-07-11;5.01;13.0;240.0;IS;Izpravi se!;Stand up!;3.3;10.0;1102.0;1101.0;1657.0;2838.0;Izpravi se.BG;ISBG;0.0;2100.0;2100.0;2838.0;non far-right;2021
BGR;Bulgaria;parliament;2021-07-11;3.01;0.0;240.0;R;Vazrazhdane;Revival;8.7;10.0;1102.0;1101.0;1657.0;2640.0;Vazrazhdane;Vazrazhdane;1.0;1900.0;2100.0;2640.0;far-right;2021
NOR;Norway;parliament;2021-09-13;1.1;0.0;169.0;D;Demokratene;Democrats;7.4;9.0;1104.0;1017.0;1617.0;2816.0;;;;;;;non far-right;2021
NOR;Norway;parliament;2021-09-13;3.9;3.0;169.0;MDG;Miljøpartiet De Grønne;Green Party;2.5;9.0;1104.0;1017.0;1617.0;2254.0;;;;;;;non far-right;2021
NOR;Norway;parliament;2021-09-13;4.6;8.0;169.0;V;Venstre;Liberal Party of Norway;5.1467;9.0;1104.0;1017.0;1617.0;647.0;;;;;;;non far-right;2021
NOR;Norway;parliament;2021-09-13;7.6;13.0;169.0;SV;Sosialistisk Venstreparti;Socialist Left Party;1.5839;9.0;1104.0;1017.0;1617.0;81.0;Sosialistisk Venstreparti;SV;0.0;2100.0;2100.0;81.0;non far-right;2021
NOR;Norway;parliament;2021-09-13;3.8;3.0;169.0;KrF;Kristelig Folkeparti;Christian Democratic Party;5.8516;9.0;1104.0;1017.0;1617.0;1538.0;;;;;;;non far-right;2021
NOR;Norway;parliament;2021-09-13;0.2;1.0;169.0;one-seat;one seat;one seat;;9.0;1104.0;1017.0;1617.0;474.0;;;;;;;non far-right;2021
NOR;Norway;parliament;2021-09-13;4.7;8.0;169.0;RV;Rød Valgallianse;Red Electoral Alliance;0.4089;9.0;1104.0;1017.0;1617.0;1638.0;Rødt;Rodt;0.0;2100.0;2100.0;1638.0;non far-right;2021
NOR;Norway;parliament;2021-09-13;26.3;48.0;169.0;DNA;Det norske Arbeiderparti;Norwegian Labour Party;3.3706;9.0;1104.0;1017.0;1617.0;104.0;;;;;;;non far-right;2021
NOR;Norway;parliament;2021-09-13;20.4;36.0;169.0;H;Høyre;Conservative Party;7.8994;9.0;1104.0;1017.0;1617.0;1435.0;;;;;;;non far-right;2021
NOR;Norway;parliament;2021-09-13;13.5;28.0;169.0;Sp;Senterpartiet;Centre Party;4.6565;9.0;1104.0;1017.0;1617.0;702.0;;;;;;;non far-right;2021
NOR;Norway;parliament;2021-09-13;11.6;21.0;169.0;Fr;Fremskrittspartiet;Progress Party;8.7595;9.0;1104.0;1017.0;1617.0;351.0;Fremskrittspartiet;FrP;1.0;1900.0;2100.0;351.0;far-right;2021
DEU;Germany;parliament;2021-09-26;1.36;0.0;736.0;dieBasis;Basisdemokratische Partei Deutschland;Grassroots Democratic Party of Germany;;54.0;1096.0;1016.0;1528.0;2821.0;;;;;;;non far-right;2021
DEU;Germany;parliament;2021-09-26;25.74;206.0;736.0;SPD;Sozialdemokratische Partei Deutschlands;Social Democratic Party of Germany;3.6451;54.0;1096.0;1016.0;1528.0;558.0;;;;;;;non far-right;2021
DEU;Germany;parliament;2021-09-26;18.9;152.0;736.0;CDU;Christlich Demokratische Union;Christian Democratic Union;6.2503;54.0;1096.0;1016.0;1528.0;808.0;;;;;;;non far-right;2021
DEU;Germany;parliament;2021-09-26;14.75;118.0;736.0;B90/Gru;Bündnis 90 / Die Grünen;Alliance 90 / Greens;2.9308;54.0;1096.0;1016.0;1528.0;772.0;;;;;;;non far-right;2021
DEU;Germany;parliament;2021-09-26;11.46;92.0;736.0;FDP;Freie Demokratische Partei;Free Democratic Party;5.9233;54.0;1096.0;1016.0;1528.0;543.0;;;;;;;non far-right;2021
DEU;Germany;parliament;2021-09-26;10.34;83.0;736.0;AfD;Alternative für Deutschland;Alternative for Germany;8.7;54.0;1096.0;1016.0;1528.0;2253.0;Alternative für Deutschland;AfD;1.0;2015.0;2100.0;2253.0;far-right;2021
DEU;Germany;parliament;2021-09-26;5.17;45.0;736.0;CSU;Christlich Soziale Union;Christian Social Union;7.2871;54.0;1096.0;1016.0;1528.0;1180.0;;;;;;;non far-right;2021
DEU;Germany;parliament;2021-09-26;4.89;39.0;736.0;PDS|Li;PDS | Die Linke;PDS | The Left;1.2152;54.0;1096.0;1016.0;1528.0;791.0;PDS / Die Linke;Linke;0.0;2100.0;2100.0;791.0;non far-right;2021
DEU;Germany;parliament;2021-09-26;0.12;1.0;736.0;SSW;Südschleswigscher Wählerverband;South Schleswig Voter League;;54.0;1096.0;1016.0;1528.0;2850.0;;;;;;;non far-right;2021
DEU;Germany;parliament;2021-09-26;1.45;0.0;736.0;Tier;Tierschutzpartei;Animal Protection Party;;54.0;1096.0;1016.0;1528.0;301.0;;;;;;;non far-right;2021
DEU;Germany;parliament;2021-09-26;2.43;0.0;736.0;FW;Freie Wähler;Free Voters;7.4;54.0;1096.0;1016.0;1528.0;41.0;;;;;;;non far-right;2021
DEU;Germany;parliament;2021-09-26;0.99;0.0;736.0;PARTEI;Die PARTEI;The PARTY;;54.0;1096.0;1016.0;1528.0;2649.0;;;;;;;non far-right;2021
CZE;Czech Republic;parliament;2021-10-09;0.99;0.0;200.0;SZ;Strana zelených;Green Party;4.123;68.0;1099.0;1020.0;1534.0;196.0;;;;;;;non far-right;2021
CZE;Czech Republic;parliament;2021-10-09;2.76;0.0;200.0;Tri;Trikolóra;Tricolour Citizens' Movement;8.7;68.0;1099.0;1020.0;1534.0;2832.0;;;;;;;non far-right;2021
CZE;Czech Republic;parliament;2021-10-09;9.56;20.0;200.0;SPD;Svoboda a přímá demokracie;Freedom and Direct Democracy;8.7;68.0;1099.0;1020.0;1534.0;2654.0;Svoboda a prímá demokracie;SPD;1.0;1900.0;2100.0;2654.0;far-right;2021
CZE;Czech Republic;parliament;2021-10-09;4.66;0.0;200.0;CSSD;Česká strana sociálně demokratická;Czech Social Democratic Party;3.0463;68.0;1099.0;1020.0;1534.0;789.0;;;;;;;non far-right;2021
CZE;Czech Republic;parliament;2021-10-09;27.13;72.0;200.0;ANO;Akce nespokojených občanů 2011;Action of Dissatisfied Citizens 2011;6.0;68.0;1099.0;1020.0;1534.0;2263.0;Akce nespokojených obcanu;ANO;0.0;2100.0;2100.0;2263.0;non far-right;2021
CZE;Czech Republic;parliament;2021-10-09;27.79;71.0;200.0;ODS;Občanská demokratická strana;Civic Democratic Party;7.3637;68.0;1099.0;1020.0;1534.0;829.0;;;;;;;non far-right;2021
CZE;Czech Republic;parliament;2021-10-09;15.62;37.0;200.0;STAN;Starostové a nezávislí;Mayors and Independents;6.0;68.0;1099.0;1020.0;1534.0;2024.0;;;;;;;non far-right;2021
CZE;Czech Republic;parliament;2021-10-09;4.68;0.0;200.0;P;Přísaha;Oath;;68.0;1099.0;1020.0;1534.0;2831.0;Prisaha;Prisaha;0.0;2100.0;2100.0;2831.0;non far-right;2021
CZE;Czech Republic;parliament;2021-10-09;3.61;0.0;200.0;KSCM;Komunistická strana Cech a Moravy;Communist Party of Bohemia and Moravia;0.7498;68.0;1099.0;1020.0;1534.0;1173.0;Komunistická strana Cech a Moravy;KSCM;0.0;2100.0;2100.0;1173.0;non far-right;2021
CZE;Czech Republic;parliament;2021-10-09;1.33;0.0;200.0;VB;Volný blok;Free Bloc;8.7;68.0;1099.0;1020.0;1534.0;2854.0;Volný Blok;VB;1.0;1900.0;2100.0;2854.0;far-right;2021
BGR;Bulgaria;parliament;2021-11-14;2.29;0.0;240.0;IS;Izpravi se!;Stand up!;3.3;10.0;1106.0;1102.0;1658.0;2838.0;Izpravi se.BG;ISBG;0.0;2100.0;2100.0;2838.0;non far-right;2021
BGR;Bulgaria;parliament;2021-11-14;4.86;13.0;240.0;R;Vazrazhdane;Revival;8.7;10.0;1106.0;1102.0;1658.0;2640.0;Vazrazhdane;Vazrazhdane;1.0;1900.0;2100.0;2640.0;far-right;2021
BGR;Bulgaria;parliament;2021-11-14;6.28;16.0;240.0;DSB|DB;Demokrati za Silna Balgariya | Demokratichna Balgariya;Democrats for a Strong Bulgaria | Democratic Bulgaria;7.85;10.0;1106.0;1102.0;1658.0;57.0;;;;;;;non far-right;2021
BGR;Bulgaria;parliament;2021-11-14;9.52;25.0;240.0;ITN;Ima takav narod;There Is Such a People;7.4;10.0;1106.0;1102.0;1658.0;2836.0;Ima Takav Narod;ITN;0.0;2100.0;2100.0;2836.0;non far-right;2021
BGR;Bulgaria;parliament;2021-11-14;10.21;26.0;240.0;KzB|DL;Koalitsiya za Balgariya | Demokratichna Levitsa;Coalition for Bulgaria | Democratic Left;2.8982;10.0;1106.0;1102.0;1658.0;1160.0;;;;;;;non far-right;2021
BGR;Bulgaria;parliament;2021-11-14;1.08;0.0;240.0;VMRO;VMRO – Balgarsko Natsionalno Dvizhenie;IMRO -- Bulgarian National Movement;7.4;10.0;1106.0;1102.0;1658.0;2212.0;Balgarsko Natsionalno Dvizhenie;VMRO;1.0;1900.0;2100.0;2212.0;far-right;2021
BGR;Bulgaria;parliament;2021-11-14;13.0;34.0;240.0;DPS;Dvizhenie za Prava i Svobodi;Movement for Rights and Freedoms;4.5828;10.0;1106.0;1102.0;1658.0;1286.0;;;;;;;non far-right;2021
BGR;Bulgaria;parliament;2021-11-14;22.74;59.0;240.0;GERB;Grazhdani za Evropeysko Razvitie na Balgariya;Citizens for European Development of Bulgaria;8.7;10.0;1106.0;1102.0;1658.0;1541.0;Grazhdani za Evropeysko Razvitie na Bulgariya;GERB;0.0;2100.0;2100.0;1541.0;non far-right;2021
BGR;Bulgaria;parliament;2021-11-14;25.67;67.0;240.0;PP;Prodalzhavame promyanata;We Continue the Change;;10.0;1106.0;1102.0;1658.0;2847.0;;;;;;;non far-right;2021
PRT;Portugal;parliament;2022-01-30;1.63;1.0;230.0;PAN;Partido pelos Animais e pela Natureza;Party for Animals and Nature;2.5;63.0;1109.0;1081.0;1610.0;1781.0;;;;;;;non far-right;2022
PRT;Portugal;parliament;2022-01-30;42.5;120.0;230.0;PS;Partido Socialista;Socialist Party;4.0492;63.0;1109.0;1081.0;1610.0;725.0;;;;;;;non far-right;2022
PRT;Portugal;parliament;2022-01-30;28.41;72.0;230.0;PSD;Partido Social Democrata;Social Democratic Party;6.2949;63.0;1109.0;1081.0;1610.0;1273.0;;;;;;;non far-right;2022
PRT;Portugal;parliament;2022-01-30;7.38;12.0;230.0;CH;Chega;Enough;8.7;63.0;1109.0;1081.0;1610.0;2789.0;Chega;Chega;1.0;1900.0;2100.0;2789.0;far-right;2022
PRT;Portugal;parliament;2022-01-30;4.41;6.0;230.0;PCP;Partido Comunista Português;Portuguese Communist Party;2.1754;63.0;1109.0;1081.0;1610.0;514.0;Partido Comunista Português;PCP;0.0;2100.0;2100.0;514.0;non far-right;2022
PRT;Portugal;parliament;2022-01-30;1.65;3.0;230.0;CDS-PP;Centro Democrático e Social – Partido Popular;Democratic and Social Centre -- People's Party;8.0222;63.0;1109.0;1081.0;1610.0;251.0;;;;;;;non far-right;2022
PRT;Portugal;parliament;2022-01-30;0.51;2.0;230.0;PPM;Partido Popular Monárquico;Popular Monarchist Party;7.4;63.0;1109.0;1081.0;1610.0;107.0;;;;;;;non far-right;2022
PRT;Portugal;parliament;2022-01-30;1.31;1.0;230.0;L;Livre – Liberdade, Esquerda, Europa e Ecologia;Livre;3.3;63.0;1109.0;1081.0;1610.0;2374.0;;;;;;;non far-right;2022
PRT;Portugal;parliament;2022-01-30;0.43;0.0;230.0;no-seat;no seat;no seat;;63.0;1109.0;1081.0;1610.0;2864.0;;;;;;;non far-right;2022
PRT;Portugal;parliament;2022-01-30;5.05;8.0;230.0;IL;Iniciativa Liberal;Liberal Initiative;6.0;63.0;1109.0;1081.0;1610.0;2788.0;;;;;;;non far-right;2022
PRT;Portugal;parliament;2022-01-30;4.52;5.0;230.0;BE;Bloco de Esquerda;Bloc of the Left;1.6425;63.0;1109.0;1081.0;1610.0;557.0;Bloco de Esquerda;BE;0.0;2100.0;2100.0;557.0;non far-right;2022
MLT;Malta;parliament;2022-03-26;1.61;0.0;79.0;AD;Alternattiva Demokratika;Democratic Alternative;3.7895;72.0;1124.0;1010.0;1623.0;360.0;;;;;;;non far-right;2022
MLT;Malta;parliament;2022-03-26;55.11;44.0;79.0;PL;Partit Laburista;Malta Labour Party;4.2105;72.0;1124.0;1010.0;1623.0;1003.0;;;;;;;non far-right;2022
MLT;Malta;parliament;2022-03-26;41.74;35.0;79.0;PN;Partit Nazzjonalista;Nationalist Party;5.7143;72.0;1124.0;1010.0;1623.0;984.0;;;;;;;non far-right;2022
HUN;Hungary;parliament;2022-04-03;3.27;0.0;199.0;MKKP;Magyar Kétfarkú Kutya Párt;Hungarian Two-tailed Dog Party;;39.0;1107.0;1023.0;1531.0;2660.0;;;;;;;non far-right;2022
HUN;Hungary;parliament;2022-04-03;;1.0;199.0;none;független;no party affiliation;;39.0;1107.0;1023.0;1531.0;1617.0;;;;;;;non far-right;2022
HUN;Hungary;parliament;2022-04-03;;1.0;199.0;MNOO;Magyarországi Németek Országos Önkormányzata;National Self-Government of Germans in Hungary;;39.0;1107.0;1023.0;1531.0;2908.0;;;;;;;non far-right;2022
HUN;Hungary;parliament;2022-04-03;;5.0;199.0;LMP;Lehet Más a Politika;Politics Can Be Different;2.5;39.0;1107.0;1023.0;1531.0;403.0;;;;;;;non far-right;2022
HUN;Hungary;parliament;2022-04-03;;6.0;199.0;PM;Párbeszéd Magyarországért;Dialogue for Hungary;2.5;39.0;1107.0;1023.0;1531.0;2349.0;;;;;;;non far-right;2022
HUN;Hungary;parliament;2022-04-03;5.88;6.0;199.0;MHM;Mi Hazánk Mozgalom;Our Homeland Movement;8.7;39.0;1107.0;1023.0;1531.0;2745.0;Mi Hazánk Mozgalom;MHM;1.0;1900.0;2100.0;2745.0;far-right;2022
HUN;Hungary;parliament;2022-04-03;;10.0;199.0;MM;Momentum Mozgalom;Momentum Movement;7.4;39.0;1107.0;1023.0;1531.0;2659.0;;;;;;;non far-right;2022
HUN;Hungary;parliament;2022-04-03;;10.0;199.0;Jobbik;Jobbik Magyarországért Mozgalom;Jobbik Movement for a Better Hungary;8.7;39.0;1107.0;1023.0;1531.0;600.0;Jobbik Magyarországért Mozgalom;Jobbik;1.0;1900.0;2018.0;600.0;non far-right;2022
HUN;Hungary;parliament;2022-04-03;;10.0;199.0;MSZP;Magyar Szocialista Párt;Hungarian Socialist Party;2.8743;39.0;1107.0;1023.0;1531.0;1591.0;;;;;;;non far-right;2022
HUN;Hungary;parliament;2022-04-03;35.74;15.0;199.0;DK;Demokratikus Koalíció;Democratic Coalition;3.3;39.0;1107.0;1023.0;1531.0;1970.0;;;;;;;non far-right;2022
HUN;Hungary;parliament;2022-04-03;;18.0;199.0;KDNP;Kereszténydemokrata Néppárt;Christian Democratic People's Party;7.4;39.0;1107.0;1023.0;1531.0;434.0;;;;;;;non far-right;2022
HUN;Hungary;parliament;2022-04-03;;117.0;199.0;Fi-MPSz;Fidesz – Magyar Polgári Szövetség;Fidesz -- Hungarian Civic Union;6.5432;39.0;1107.0;1023.0;1531.0;921.0;Fidesz;Fidesz;1.0;2010.0;2100.0;921.0;far-right;2022
HUN;Hungary;parliament;2022-04-03;1.04;0.0;199.0;MEMO;Megoldás Mozgalom;Solution Movement;6.0;39.0;1107.0;1023.0;1531.0;2855.0;;;;;;;non far-right;2022
HUN;Hungary;parliament;2022-04-03;54.13;;199.0;Fi+KDNP;Fidesz – Magyar Polgári Szövetség / Kereszténydemokrata Néppárt;Fidesz -- Hungarian Civic Party / Christian Democratic People's Party;6.5432;39.0;1107.0;1023.0;1531.0;437.0;;;;;;;far-right;2022
SVN;Slovenia;parliament;2022-04-22;1.76;0.0;90.0;GZD;Gibanje Zdrava Družba;Healthy Society Movement;;60.0;1108.0;1025.0;1668.0;2886.0;;;;;;;non far-right;2022
SVN;Slovenia;parliament;2022-04-22;23.48;27.0;90.0;SDS;Slovenska demokratska stranka;Slovenian Democratic Party;6.9996;60.0;1108.0;1025.0;1668.0;179.0;Slovenska Demokratska Stranka;SDS;1.0;2015.0;2100.0;179.0;far-right;2022
SVN;Slovenia;parliament;2022-04-22;1.7;0.0;90.0;DD;Dobra Drzava;Good Country;3.3;60.0;1108.0;1025.0;1668.0;2669.0;;;;;;;non far-right;2022
SVN;Slovenia;parliament;2022-04-22;1.63;0.0;90.0;PSS;Piratska stranka Slovenije;Slovenian Pirate Party;;60.0;1108.0;1025.0;1668.0;2338.0;;;;;;;non far-right;2022
SVN;Slovenia;parliament;2022-04-22;1.5;0.0;90.0;ND;Naša dežela;Our Country;2.5;60.0;1108.0;1025.0;1668.0;2866.0;;;;;;;non far-right;2022
SVN;Slovenia;parliament;2022-04-22;2.86;0.0;90.0;Resni.ca;Resni.ca;Resni.ca;;60.0;1108.0;1025.0;1668.0;2885.0;;;;;;;non far-right;2022
SVN;Slovenia;parliament;2022-04-22;34.45;41.0;90.0;GS;Gibanje Svoboda;Freedom Movement;3.3;60.0;1108.0;1025.0;1668.0;2856.0;;;;;;;non far-right;2022
SVN;Slovenia;parliament;2022-04-22;2.61;0.0;90.0;ZaAB;Zavezništvo Alenke Bratušek;Alliance of Alenka Bratusek;3.3;60.0;1108.0;1025.0;1668.0;2337.0;;;;;;;non far-right;2022
SVN;Slovenia;parliament;2022-04-22;1.49;0.0;90.0;SNS;Slovenska nacionalna stranka;Slovenian National Party;4.7941;60.0;1108.0;1025.0;1668.0;981.0;Slovenska Nacionalna Stranka;SNS;1.0;1900.0;2100.0;981.0;far-right;2022
SVN;Slovenia;parliament;2022-04-22;3.72;0.0;90.0;SLS;Slovenska ljudska stranka;Slovenian People's Party;6.6953;60.0;1108.0;1025.0;1668.0;16.0;;;;;;;non far-right;2022
SVN;Slovenia;parliament;2022-04-22;3.72;0.0;90.0;LMS;Lista Marjana Šarca;List of Marjan Sarec;3.3;60.0;1108.0;1025.0;1668.0;2668.0;Lista Marjana Šarca;LMS;0.0;2100.0;2100.0;2668.0;non far-right;2022
SVN;Slovenia;parliament;2022-04-22;;1.0;90.0;Mad;Madžarska narodna skupnost;Hungarian national community;;60.0;1108.0;1025.0;1668.0;65.0;;;;;;;non far-right;2022
SVN;Slovenia;parliament;2022-04-22;;1.0;90.0;Ita;Italijanska narodna skupnost;Italian national community;;60.0;1108.0;1025.0;1668.0;199.0;;;;;;;non far-right;2022
SVN;Slovenia;parliament;2022-04-22;4.46;5.0;90.0;L;Levica;The Left;1.3;60.0;1108.0;1025.0;1668.0;2670.0;Levica;Levica;0.0;2100.0;2100.0;2670.0;non far-right;2022
SVN;Slovenia;parliament;2022-04-22;6.69;7.0;90.0;ZL-SD;Združena lista – Socialni demokrati;United List -- Social Democrats;3.0637;60.0;1108.0;1025.0;1668.0;706.0;Združena levica;ZL;0.0;2100.0;2100.0;706.0;non far-right;2022
SVN;Slovenia;parliament;2022-04-22;6.86;8.0;90.0;NSI;Nova Slovenija – Krščanska ljudska stranka;New Slovenia -- Christian People's Party;7.9345;60.0;1108.0;1025.0;1668.0;1047.0;Nova Slovenija – Krščanski Demokrati;N.Si;1.0;1900.0;2100.0;1047.0;far-right;2022
SVN;Slovenia;parliament;2022-04-22;1.35;0.0;90.0;VESNA;VESNA – zelena stranka;Vesna -- the Green Party;2.5;60.0;1108.0;1025.0;1668.0;2865.0;;;;;;;non far-right;2022
FRA;France;parliament;2022-06-19;25.75;245.0;577.0;REM|R;La République En Marche! | Renaissance;The Republic Onwards! | Renaissance;6.0;43.0;1110.0;1014.0;1673.0;2643.0;;;;;;;non far-right;2022
FRA;France;parliament;2022-06-19;18.68;89.0;577.0;FN;Rassemblement National;National Rally;9.6854;43.0;1110.0;1014.0;1673.0;270.0;Front National / Rassemblement National;FN / RN;1.0;1900.0;2100.0;270.0;far-right;2022
FRA;France;parliament;2022-06-19;1.17;0.0;577.0;ex-gau;extrême gauche;other far-left;1.3;43.0;1110.0;1014.0;1673.0;2083.0;;;;;;;non far-right;2022
FRA;France;parliament;2022-06-19;0.9;1.0;577.0;one-seat;one seat;one seat;;43.0;1110.0;1014.0;1673.0;2859.0;;;;;;;non far-right;2022
FRA;France;parliament;2022-06-19;0.85;1.0;577.0;etc;divers;others;;43.0;1110.0;1014.0;1673.0;1328.0;;;;;;;non far-right;2022
FRA;France;parliament;2022-06-19;1.25;4.0;577.0;d-centre;divers centre;other centre;6.0;43.0;1110.0;1014.0;1673.0;2858.0;;;;;;;non far-right;2022
FRA;France;parliament;2022-06-19;1.28;10.0;577.0;none;sans étiquette;no party affiliation;;43.0;1110.0;1014.0;1673.0;947.0;;;;;;;non far-right;2022
FRA;France;parliament;2022-06-19;2.33;10.0;577.0;d-droite;divers droite;other right;7.6583;43.0;1110.0;1014.0;1673.0;285.0;;;;;;;non far-right;2022
FRA;France;parliament;2022-06-19;3.14;22.0;577.0;d-gauche;divers gauche;other left;3.3;43.0;1110.0;1014.0;1673.0;177.0;;;;;;;non far-right;2022
FRA;France;parliament;2022-06-19;10.42;61.0;577.0;UMP|LR;Union pour un mouvement populaire | Les Républicains;Union for a Popular Movement | The Republicans;7.4997;43.0;1110.0;1014.0;1673.0;658.0;;;;;;;non far-right;2022
FRA;France;parliament;2022-06-19;0.87;3.0;577.0;UDI;Union des démocrates et indépendants;Union of Democrats and Independents;7.4;43.0;1110.0;1014.0;1673.0;2273.0;;;;;;;non far-right;2022
FRA;France;parliament;2022-06-19;2.67;0.0;577.0;PE;Parti écologiste;Ecologist Party;2.5;43.0;1110.0;1014.0;1673.0;2813.0;;;;;;;non far-right;2022
FRA;France;parliament;2022-06-19;25.66;131.0;577.0;FI;La France Insoumise;Unbowed France;1.3;43.0;1110.0;1014.0;1673.0;2644.0;La France Insoumise;FI;0.0;2100.0;2100.0;2644.0;non far-right;2022
FRA;France;parliament;2022-06-19;4.24;0.0;577.0;R!;Reconquête;Reconquest;8.7;43.0;1110.0;1014.0;1673.0;2860.0;;;;;;;non far-right;2022
SWE;Sweden;parliament;2022-09-11;5.34;19.0;349.0;KD;Kristdemokraterna;Christian Democrats;7.195;35.0;1112.0;1041.0;1652.0;282.0;;;;;;;non far-right;2022
SWE;Sweden;parliament;2022-09-11;5.08;18.0;349.0;MP;Miljöpartiet de Gröna;Greens;3.3789;35.0;1112.0;1041.0;1652.0;1154.0;;;;;;;non far-right;2022
SWE;Sweden;parliament;2022-09-11;4.61;16.0;349.0;FP;Folkpartiet;People's Party;6.2906;35.0;1112.0;1041.0;1652.0;892.0;;;;;;;non far-right;2022
SWE;Sweden;parliament;2022-09-11;0.44;0.0;349.0;no-seat;no seat;no seat;;35.0;1112.0;1041.0;1652.0;2405.0;;;;;;;non far-right;2022
SWE;Sweden;parliament;2022-09-11;19.1;68.0;349.0;M;Moderaterna;Moderate Party;7.8907;35.0;1112.0;1041.0;1652.0;657.0;;;;;;;non far-right;2022
SWE;Sweden;parliament;2022-09-11;20.54;73.0;349.0;SD;Sverigedemokraterna;Sweden Democrats;8.7;35.0;1112.0;1041.0;1652.0;1546.0;Sverigedemokraterna;SD;1.0;1900.0;2100.0;1546.0;far-right;2022
SWE;Sweden;parliament;2022-09-11;30.33;107.0;349.0;SAP;Socialdemokraterna;Social Democrats;3.4447;35.0;1112.0;1041.0;1652.0;904.0;;;;;;;non far-right;2022
SWE;Sweden;parliament;2022-09-11;6.75;24.0;349.0;V;Vänsterpartiet (kommunisterna);Left Party (Communists);1.5464;35.0;1112.0;1041.0;1652.0;882.0;Vänsterpartiet;V;0.0;2100.0;2100.0;882.0;non far-right;2022
SWE;Sweden;parliament;2022-09-11;6.71;24.0;349.0;C;Centerpartiet;Centre Party;5.8084;35.0;1112.0;1041.0;1652.0;1461.0;;;;;;;non far-right;2022
SWE;Sweden;parliament;2026-09-13;28.02;99.0;349.0;SAP;Socialdemokraterna;Social Democrats;3.4447;;;;;904.0;;;;;;;non far-right;2026
SWE;Sweden;parliament;2026-09-13;7.03;25.0;349.0;C;Centerpartiet;Centre Party;5.8084;;;;;1461.0;;;;;;;non far-right;2026
SWE;Sweden;parliament;2026-09-13;6.17;22.0;349.0;KD;Kristdemokraterna;Christian Democrats;7.195;;;;;282.0;;;;;;;non far-right;2026
SWE;Sweden;parliament;2026-09-13;5.34;19.0;349.0;L;Liberalerne;The Liberals;6.2906;;;;;892.0;;;;;;;non far-right;2026
SWE;Sweden;parliament;2026-09-13;6.12;22.0;349.0;MP;Miljöpartiet de Gröna;Greens;3.3789;;;;;1154.0;;;;;;;non far-right;2026
SWE;Sweden;parliament;2026-09-13;19.85;70.0;349.0;M;Moderaterna;Moderate Party;7.8907;;;;;657.0;;;;;;;non far-right;2026
SWE;Sweden;parliament;2026-09-13;17.48;62.0;349.0;SD;Sverigedemokraterna;Sweden Democrats;8.7;;;;;1546.0;;;1.0;1900.0;2100.0;1546.0;far-right;2026
SWE;Sweden;parliament;2026-09-13;8.4;30.0;349.0;V;Vänsterpartiet (kommunisterna);Left Party (Communists);1.5464;;;;;882.0;;;0.0;2100.0;2100.0;882.0;non far-right;2026
SWE;Sweden;parliament;2026-09-13;1.58;0.0;349.0;no-seat;no seat;no seat;;;;;;2405.0;;;;;;;non far-right;2026
ITA;Italy;parliament;2022-09-25;19.07;69.0;400.0;PD;Partito Democratico;Democratic Party;2.6216;26.0;1113.0;1024.0;1681.0;382.0;;;;;;;non far-right;2022
ITA;Italy;parliament;2022-09-25;15.43;52.0;400.0;M5S;Movimento 5 Stelle;Five Star Movement;;26.0;1113.0;1024.0;1681.0;2155.0;Movimento 5 Stelle;M5S;0.0;2100.0;2100.0;2155.0;non far-right;2022
ITA;Italy;parliament;2022-09-25;1.24;0.0;400.0;ISP;Italia Sovrana e Popolare;Sovereign and Popular Italy;8.7;26.0;1113.0;1024.0;1681.0;2874.0;;;;;;;non far-right;2022
ITA;Italy;parliament;2022-09-25;1.43;0.0;400.0;PRC;Partito della Rifondazione Comunista;Communist Refoundation Party;0.8849;26.0;1113.0;1024.0;1681.0;1321.0;Partito della Rifondazione Comunista;PRC;0.0;2100.0;2100.0;1321.0;non far-right;2022
ITA;Italy;parliament;2022-09-25;8.11;44.0;400.0;FI-PdL;Forza Italia – Il Popolo della Libertà;Go Italy -- The People of Freedom;7.1459;26.0;1113.0;1024.0;1681.0;596.0;Forza Italia (1994-2009);FI1;0.0;2100.0;2100.0;596.0;non far-right;2022
ITA;Italy;parliament;2022-09-25;7.79;21.0;400.0;IV;Italia Viva;Italy Alive;6.0;26.0;1113.0;1024.0;1681.0;2794.0;;;;;;;non far-right;2022
ITA;Italy;parliament;2022-09-25;3.63;11.0;400.0;P|SDI;Partito | Socialisti Democratici Italiani;Italian Democratic Socialists | Party;3.9895;26.0;1113.0;1024.0;1681.0;1278.0;;;;;;;non far-right;2022
ITA;Italy;parliament;2022-09-25;0.91;9.0;400.0;UC;Unione / Centro;Union / Centre;6.1092;26.0;1113.0;1024.0;1681.0;226.0;;;;;;;non far-right;2022
ITA;Italy;parliament;2022-09-25;2.83;3.0;400.0;#NAME?;#NAME?;More Europe;6.0;26.0;1113.0;1024.0;1681.0;2737.0;;;;;;;non far-right;2022
ITA;Italy;parliament;2022-09-25;0.42;3.0;400.0;SVP;Südtiroler Volkspartei;South Tyrol Peoples Party;5.4;26.0;1113.0;1024.0;1681.0;1030.0;;;;;;;non far-right;2022
ITA;Italy;parliament;2022-09-25;;3.0;400.0;etc;diversi;others;;26.0;1113.0;1024.0;1681.0;825.0;;;;;;;non far-right;2022
ITA;Italy;parliament;2022-09-25;8.77;66.0;400.0;LN;Lega Nord;North League;7.8007;26.0;1113.0;1024.0;1681.0;1436.0;Lega (Nord);Lega;1.0;1900.0;2100.0;1436.0;far-right;2022
ITA;Italy;parliament;2022-09-25;26.0;118.0;400.0;FdI;Fratelli d'Italia;Brothers of Italy;8.7;26.0;1113.0;1024.0;1681.0;2154.0;Fratelli d'Italia;FdI;1.0;1900.0;2100.0;2154.0;far-right;2022
ITA;Italy;parliament;2022-09-25;0.76;1.0;400.0;one-seat;one seat;one seat;;26.0;1113.0;1024.0;1681.0;2302.0;;;;;;;non far-right;2022
ITA;Italy;parliament;2022-09-25;1.9;0.0;400.0;Italexit;Italext per l'Italia;Italexit for Italy;7.4;26.0;1113.0;1024.0;1681.0;2873.0;;;;;;;non far-right;2022
LVA;Latvia;parliament;2022-10-01;1.13;0.0;100.0;PP;Tautas varas spēks;Power of the People;7.4;55.0;1115.0;1042.0;1592.0;2883.0;;;;;;;non far-right;2022
LVA;Latvia;parliament;2022-10-01;3.24;0.0;100.0;SV;Suverēnā vara;Sovereign Power;8.7;55.0;1115.0;1042.0;1592.0;2882.0;;;;;;;non far-right;2022
LVA;Latvia;parliament;2022-10-01;1.0;0.0;100.0;TKL;Tautas kalpi Latvijai;People's Servants for Latvia;;55.0;1115.0;1042.0;1592.0;2881.0;;;;;;;non far-right;2022
LVA;Latvia;parliament;2022-10-01;3.67;0.0;100.0;KuK;Katram un katrai;For Each and Every One;8.7;55.0;1115.0;1042.0;1592.0;2880.0;;;;;;;non far-right;2022
LVA;Latvia;parliament;2022-10-01;3.09;0.0;100.0;JKP;Jaunā konservatīvā partija;New Conservative Party;7.4;55.0;1115.0;1042.0;1592.0;2717.0;;;;;;;non far-right;2022
LVA;Latvia;parliament;2022-10-01;4.97;0.0;100.0;AP!;Attīstībai/Par!;Development/For!;;55.0;1115.0;1042.0;1592.0;2878.0;;;;;;;non far-right;2022
LVA;Latvia;parliament;2022-10-01;18.97;26.0;100.0;V;Vienotība;Unity;7.4;55.0;1115.0;1042.0;1592.0;1666.0;;;;;;;non far-right;2022
LVA;Latvia;parliament;2022-10-01;12.44;16.0;100.0;ZZS;Zaļo un Zemnieku savienība;Green and Farmers' Union;5.2632;55.0;1115.0;1042.0;1592.0;466.0;;;;;;;non far-right;2022
LVA;Latvia;parliament;2022-10-01;3.63;0.0;100.0;PCTVL;Par cilvēka tiesībām vienotā Latvijā;For Human Rights in a United Latvia;1.25;55.0;1115.0;1042.0;1592.0;1520.0;;;;;;;non far-right;2022
LVA;Latvia;parliament;2022-10-01;6.24;9.0;100.0;LPV;Latvija pirmajā vietā;Latvia First;8.7;55.0;1115.0;1042.0;1592.0;2876.0;;;;;;;non far-right;2022
LVA;Latvia;parliament;2022-10-01;6.16;10.0;100.0;P;Progresīvie;The Progressive;3.3;55.0;1115.0;1042.0;1592.0;2716.0;;;;;;;non far-right;2022
LVA;Latvia;parliament;2022-10-01;6.8;11.0;100.0;S!;Stabilitātei!;For Stability!;;55.0;1115.0;1042.0;1592.0;2875.0;;;;;;;non far-right;2022
LVA;Latvia;parliament;2022-10-01;9.29;13.0;100.0;NA/TB/LNNK;Nacionālā apvienība / Tēvzemei un Brīvībai / LNNK;National Alliance / For Fatherland and Freedom / LNNK;8.2588;55.0;1115.0;1042.0;1592.0;521.0;Nacionālā Apvienība;;1.0;1900.0;2100.0;521.0;far-right;2022
LVA;Latvia;parliament;2022-10-01;11.01;15.0;100.0;LZP;Latvijas Zaļā partija;Latvian Green Party;4.6711;55.0;1115.0;1042.0;1592.0;1001.0;;;;;;;non far-right;2022
LVA;Latvia;parliament;2022-10-01;4.81;0.0;100.0;S;Saskaņas;Harmony;3.0;55.0;1115.0;1042.0;1592.0;1100.0;;;;;;;non far-right;2022
LVA;Latvia;parliament;2022-10-01;1.76;0.0;100.0;R;Republika;Republic;3.3;55.0;1115.0;1042.0;1592.0;2877.0;;;;;;;non far-right;2022
BGR;Bulgaria;parliament;2022-10-02;25.33;67.0;240.0;GERB;Grazhdani za Evropeysko Razvitie na Balgariya;Citizens for European Development of Bulgaria;8.7;10.0;1114.0;1106.0;1678.0;1541.0;Grazhdani za Evropeysko Razvitie na Bulgariya;GERB;0.0;2100.0;2100.0;1541.0;non far-right;2022
BGR;Bulgaria;parliament;2022-10-02;3.83;0.0;240.0;ITN;Ima takav narod;There Is Such a People;7.4;10.0;1114.0;1106.0;1678.0;2836.0;Ima Takav Narod;ITN;0.0;2100.0;2100.0;2836.0;non far-right;2022
BGR;Bulgaria;parliament;2022-10-02;20.2;53.0;240.0;PP;Prodalzhavame promyanata;We Continue the Change;;10.0;1114.0;1106.0;1678.0;2847.0;;;;;;;non far-right;2022
BGR;Bulgaria;parliament;2022-10-02;13.75;36.0;240.0;DPS;Dvizhenie za Prava i Svobodi;Movement for Rights and Freedoms;4.5828;10.0;1114.0;1106.0;1678.0;1286.0;;;;;;;non far-right;2022
BGR;Bulgaria;parliament;2022-10-02;10.18;27.0;240.0;R;Vazrazhdane;Revival;8.7;10.0;1114.0;1106.0;1678.0;2640.0;Vazrazhdane;Vazrazhdane;1.0;1900.0;2100.0;2640.0;far-right;2022
BGR;Bulgaria;parliament;2022-10-02;9.3;25.0;240.0;BSP;Balgarska Sotsialisticheska Partiya;Bulgarian Socialist Party;3.0064;10.0;1114.0;1106.0;1678.0;982.0;Balgarska Sotsialisticheska Partiya;BSP;1.0;1900.0;2100.0;982.0;far-right;2022
BGR;Bulgaria;parliament;2022-10-02;7.45;20.0;240.0;DaB;Da Bulgaria!;Yes, Bulgaria!;6.0;10.0;1114.0;1106.0;1678.0;2638.0;;;;;;;non far-right;2022
BGR;Bulgaria;parliament;2022-10-02;4.63;12.0;240.0;BV;Balgarski vazhod;Bulgarian Rise;7.4;10.0;1114.0;1106.0;1678.0;2871.0;;;;;;;non far-right;2022
BGR;Bulgaria;parliament;2022-10-02;1.01;0.0;240.0;IS;Izpravi se!;Stand up!;3.3;10.0;1114.0;1106.0;1678.0;2838.0;Izpravi se.BG;ISBG;0.0;2100.0;2100.0;2838.0;non far-right;2022
DNK;Denmark;parliament;2022-11-01;27.5;50.0;179.0;Sd;Socialdemokraterne;Social Democrats;3.8011;21.0;1116.0;1077.0;1598.0;1629.0;;;;;;;non far-right;2022
DNK;Denmark;parliament;2022-11-01;13.3;23.0;179.0;V;Venstre;Liberal Party;7.292;21.0;1116.0;1077.0;1598.0;1605.0;;;;;;;non far-right;2022
DNK;Denmark;parliament;2022-11-01;9.3;16.0;179.0;M;Moderaterne;Moderates;6.0;21.0;1116.0;1077.0;1598.0;2887.0;;;;;;;non far-right;2022
DNK;Denmark;parliament;2022-11-01;0.9;0.0;179.0;no-seat;no seat;no seat;;21.0;1116.0;1077.0;1598.0;2058.0;;;;;;;non far-right;2022
DNK;Denmark;parliament;2022-11-01;;1.0;179.0;Jf;Javnaðarflokkurin;Social Democratic Party (Faroe Islands);3.3;21.0;1116.0;1077.0;1598.0;1894.0;;;;;;;non far-right;2022
DNK;Denmark;parliament;2022-11-01;3.8;7.0;179.0;RV;Det Radikale Venstre;Danish Social Liberal Party;4.8736;21.0;1116.0;1077.0;1598.0;211.0;;;;;;;non far-right;2022
DNK;Denmark;parliament;2022-11-01;3.7;6.0;179.0;NB;Nye Borgerlige;The New Right;8.7;21.0;1116.0;1077.0;1598.0;2781.0;Nye Borgerlige;NB;1.0;1900.0;2100.0;2781.0;far-right;2022
DNK;Denmark;parliament;2022-11-01;3.3;6.0;179.0;A;Alternativet;The Alternative;2.5;21.0;1116.0;1077.0;1598.0;2567.0;;;;;;;non far-right;2022
DNK;Denmark;parliament;2022-11-01;2.6;5.0;179.0;DF;Dansk Folkeparti;Danish People's Party;8.2269;21.0;1116.0;1077.0;1598.0;1418.0;Dansk Folkeparti;DF;1.0;1900.0;2100.0;1418.0;far-right;2022
DNK;Denmark;parliament;2022-11-01;;1.0;179.0;IA;Inuit Ataqatigiit;Community of the People;1.3;21.0;1116.0;1077.0;1598.0;1891.0;;;;;;;non far-right;2022
DNK;Denmark;parliament;2022-11-01;;1.0;179.0;Si;Siumut;Forward (Greenland);3.3;21.0;1116.0;1077.0;1598.0;74.0;;;;;;;non far-right;2022
DNK;Denmark;parliament;2022-11-01;5.1;9.0;179.0;En-O;Enhedslisten – De Rød-Grønne;Red-Green Alliance;0.8912;21.0;1116.0;1077.0;1598.0;306.0;Enhedslisten – De Rød-Grønne;En-O;0.0;2100.0;2100.0;306.0;non far-right;2022
DNK;Denmark;parliament;2022-11-01;5.5;10.0;179.0;KF;Konservative;Conservatives;7.2186;21.0;1116.0;1077.0;1598.0;590.0;;;;;;;non far-right;2022
DNK;Denmark;parliament;2022-11-01;7.9;14.0;179.0;NLA;Ny-Liberal Alliance;New-Liberal Alliance;6.0;21.0;1116.0;1077.0;1598.0;376.0;;;;;;;non far-right;2022
DNK;Denmark;parliament;2022-11-01;8.3;15.0;179.0;SF;Socialistisk Folkeparti;Socialist Peoples Party;2.1347;21.0;1116.0;1077.0;1598.0;1644.0;Socialistisk Folkeparti;SF;0.0;2100.0;2100.0;1644.0;non far-right;2022
DNK;Denmark;parliament;2022-11-01;;1.0;179.0;Sbf;Sambandsflokkurin;Union Party (Faroe Islands);7.4;21.0;1116.0;1077.0;1598.0;1892.0;;;;;;;non far-right;2022
DNK;Denmark;parliament;2022-11-01;8.1;14.0;179.0;AE;Danmarksdemokraterne;Denmark Democrats;8.7;21.0;1116.0;1077.0;1598.0;2888.0;;;;;;;non far-right;2022
EST;Estonia;parliament;2023-03-05;16.1;17.0;101.0;ERa/EKR;Eestimaa Rahvalliit / Eesti Konservatiivne Rahvaerakond;People's Union of Estonia / Conservative People's Party;4.5812;75.0;1118.0;1044.0;1688.0;417.0;Eesti Konservatiivne Rahvaerakond;EKRE;1.0;1900.0;2100.0;417.0;far-right;2023
EST;Estonia;parliament;2023-03-05;9.3;9.0;101.0;SDE|M;Sotsiaaldemokraatlik Erakond | Mõõdukad;Social Democratic Party | Moderates;4.1915;75.0;1118.0;1044.0;1688.0;1448.0;;;;;;;non far-right;2023
EST;Estonia;parliament;2023-03-05;13.3;14.0;101.0;E200;Erakond Eesti 200;Estonia 200;6.0;75.0;1118.0;1044.0;1688.0;2720.0;;;;;;;non far-right;2023
EST;Estonia;parliament;2023-03-05;15.3;16.0;101.0;EK;Eesti Keskerakond;Estonian Centre Party;3.9562;75.0;1118.0;1044.0;1688.0;1137.0;Eesti Keskerakond;EK;0.0;2100.0;2100.0;1137.0;non far-right;2023
EST;Estonia;parliament;2023-03-05;2.4;0.0;101.0;EUV;Eestimaa Ühendatud Vasakpartei;Estonian United Left Party;1.3;75.0;1118.0;1044.0;1688.0;2892.0;;;;;;;non far-right;2023
EST;Estonia;parliament;2023-03-05;2.3;0.0;101.0;P;Parempoolsed;the Right;7.4;75.0;1118.0;1044.0;1688.0;2893.0;;;;;;;non far-right;2023
EST;Estonia;parliament;2023-03-05;1.0;0.0;101.0;EER;Erakond Eestimaa Rohelised;Estonian Greens;2.5;75.0;1118.0;1044.0;1688.0;219.0;;;;;;;non far-right;2023
EST;Estonia;parliament;2023-03-05;31.2;37.0;101.0;ERe;Eesti Reformierakond;Estonian Reform Party;7.8969;75.0;1118.0;1044.0;1688.0;113.0;;;;;;;non far-right;2023
EST;Estonia;parliament;2023-03-05;8.2;8.0;101.0;IRL;Erakond Isamaa ja Res Publica Liit;Pro Patria and Res Publica Union;8.4962;75.0;1118.0;1044.0;1688.0;1597.0;;;;;;;non far-right;2023
FIN;Finland;parliament;2023-04-02;0.5;0.0;200.0;no-seat;no seat;no seat;;67.0;1119.0;1045.0;1607.0;2054.0;;;;;;;non far-right;2023
FIN;Finland;parliament;2023-04-02;19.9;43.0;200.0;SSDP;Suomen Sosialidemokraattinen Puolue – Finlands Socialdemokratiska Parti;Social Democratic Party of Finland;3.5595;67.0;1119.0;1045.0;1607.0;395.0;;;;;;;non far-right;2023
FIN;Finland;parliament;2023-04-02;20.1;46.0;200.0;SP|P;Suomen Puolue | Perussuomalaiset;Finnish Party | True Finns;6.6331;67.0;1119.0;1045.0;1607.0;200.0;Suomen Maaseudun Puolue | Perussuomalaiset;PS;1.0;1900.0;2100.0;200.0;far-right;2023
FIN;Finland;parliament;2023-04-02;20.8;48.0;200.0;KOK;Kansallinen Kokoomus – Samlingspartiet;National Coalition Party;7.2451;67.0;1119.0;1045.0;1607.0;1118.0;;;;;;;non far-right;2023
FIN;Finland;parliament;2023-04-02;0.37;1.0;200.0;AS;Åländsk Samling;Aland Coalition;;67.0;1119.0;1045.0;1607.0;66.0;;;;;;;non far-right;2023
FIN;Finland;parliament;2023-04-02;2.4;1.0;200.0;LN;Liike Nyt;Movement Now;6.0;67.0;1119.0;1045.0;1607.0;2801.0;Liike Nyt;Liik;0.0;2100.0;2100.0;2801.0;non far-right;2023
FIN;Finland;parliament;2023-04-02;4.2;5.0;200.0;KD;Kristillisdemokraatit – Kristdemokraterna;Christian Democrats;7.1884;67.0;1119.0;1045.0;1607.0;1463.0;;;;;;;non far-right;2023
FIN;Finland;parliament;2023-04-02;4.3;9.0;200.0;RKP-SFP;Ruotsalainen Kansanpuolue – Svenska Folkepartiet i Finland;Swedish People's Party;6.3906;67.0;1119.0;1045.0;1607.0;585.0;;;;;;;non far-right;2023
BGR;Bulgaria;parliament;2023-04-02;25.39;69.0;240.0;GERB;Grazhdani za Evropeysko Razvitie na Balgariya;Citizens for European Development of Bulgaria;8.7;10.0;1120.0;1114.0;1691.0;1541.0;Grazhdani za Evropeysko Razvitie na Bulgariya;GERB;0.0;2100.0;2100.0;1541.0;non far-right;2023
FIN;Finland;parliament;2023-04-02;11.3;23.0;200.0;KESK;Keskusta;Centre Party;5.8027;67.0;1119.0;1045.0;1607.0;94.0;;;;;;;non far-right;2023
BGR;Bulgaria;parliament;2023-04-02;23.54;64.0;240.0;PP;Prodalzhavame promyanata;We Continue the Change;;10.0;1120.0;1114.0;1691.0;2847.0;;;;;;;non far-right;2023
BGR;Bulgaria;parliament;2023-04-02;2.14;0.0;240.0;IS;Izpravi se!;Stand up!;3.3;10.0;1120.0;1114.0;1691.0;2838.0;Izpravi se.BG;ISBG;0.0;2100.0;2100.0;2838.0;non far-right;2023
BGR;Bulgaria;parliament;2023-04-02;2.93;0.0;240.0;BV;Balgarski vazhod;Bulgarian Rise;7.4;10.0;1120.0;1114.0;1691.0;2871.0;;;;;;;non far-right;2023
BGR;Bulgaria;parliament;2023-04-02;3.94;11.0;240.0;ITN;Ima takav narod;There Is Such a People;7.4;10.0;1120.0;1114.0;1691.0;2836.0;Ima Takav Narod;ITN;0.0;2100.0;2100.0;2836.0;non far-right;2023
BGR;Bulgaria;parliament;2023-04-02;8.56;23.0;240.0;BSP;Balgarska Sotsialisticheska Partiya;Bulgarian Socialist Party;3.0064;10.0;1120.0;1114.0;1691.0;982.0;Balgarska Sotsialisticheska Partiya;BSP;1.0;1900.0;2100.0;982.0;far-right;2023
BGR;Bulgaria;parliament;2023-04-02;13.18;36.0;240.0;DPS;Dvizhenie za Prava i Svobodi;Movement for Rights and Freedoms – New Beginning;4.5828;10.0;1120.0;1114.0;1691.0;1286.0;;;;;;;non far-right;2023
BGR;Bulgaria;parliament;2023-04-02;13.58;37.0;240.0;R;Vazrazhdane;Revival;8.7;10.0;1120.0;1114.0;1691.0;2640.0;Vazrazhdane;Vazrazhdane;1.0;1900.0;2100.0;2640.0;far-right;2023
FIN;Finland;parliament;2023-04-02;7.1;11.0;200.0;DL|VAS;Demokraattinen Liitto – Demokratiska Förbundet | Vasemmistoliitto – Vänsterförbundet;Democratic Union | Left Alliance;2.1843;67.0;1119.0;1045.0;1607.0;1292.0;Demokraattinen Liitto | Vasemmistoliitto;VAS;0.0;2100.0;2100.0;1292.0;non far-right;2023
FIN;Finland;parliament;2023-04-02;7.0;13.0;200.0;VIHR;Vihreä Liitto – Gröna Förbundet;Green League;3.6465;67.0;1119.0;1045.0;1607.0;1062.0;;;;;;;non far-right;2023
GRC;Greece;parliament;2023-05-21;11.5;41.0;300.0;PASOK;Panellinio Sosialistikó Kínima;Panhellenic Socialist Movement;4.4968;41.0;1122.0;1078.0;1597.0;1338.0;;;;;;;non far-right;2023
GRC;Greece;parliament;2023-05-21;20.7;71.0;300.0;SYRIZA;Synaspismós Rizospastikís Aristerás;Coalition of the Radical Left;2.8947;41.0;1122.0;1078.0;1597.0;1592.0;Synaspismós Rizospastikís Aristerás;SYRIZA;0.0;2100.0;2100.0;1592.0;non far-right;2023
GRC;Greece;parliament;2023-05-21;2.9;0.0;300.0;Niki;Dimokratikó Patriotikó Kínima 'Níki';Democratic Patriotic Movement 'Victory';8.7;41.0;1122.0;1078.0;1597.0;2901.0;;;;;;;non far-right;2023
GRC;Greece;parliament;2023-05-21;40.8;146.0;300.0;ND;Néa Đimokratía;New Democracy;6.7365;41.0;1122.0;1078.0;1597.0;47.0;;;;;;;non far-right;2023
GRC;Greece;parliament;2023-05-21;2.9;0.0;300.0;LE|PE;Laïkí Enótita | Plefsi Eleftherias;Popular Unity | Course of Freedom;1.3;41.0;1122.0;1078.0;1597.0;2596.0;Laiki Enotita-Anypotakti Aristera;LAE;0.0;2100.0;2100.0;2596.0;non far-right;2023
GRC;Greece;parliament;2023-05-21;4.45;16.0;300.0;EL;Elliniki Lisi;Greek Solution;7.4;41.0;1122.0;1078.0;1597.0;2780.0;Elliniki Lisi;EL;1.0;1900.0;2100.0;2780.0;far-right;2023
GRC;Greece;parliament;2023-05-21;7.2;26.0;300.0;KKE;Kommounistikó Kómma Elládas;Communist Party of Greece;1.253;41.0;1122.0;1078.0;1597.0;614.0;Kommounistikó Kómma Elládas;KKE;0.0;2100.0;2100.0;614.0;non far-right;2023
GRC;Greece;parliament;2023-05-21;2.63;0.0;300.0;MeRA25;Métopo Evropaikís Realistikís Anypakoís;European Realistic Disobedience Front;1.3;41.0;1122.0;1078.0;1597.0;2742.0;European Realistic Disobedience Front;MeRa25;0.0;2100.0;2100.0;2742.0;non far-right;2023
GRC;Greece;parliament;2023-06-25;40.56;158.0;300.0;ND;Néa Đimokratía;New Democracy;6.7365;41.0;1123.0;1122.0;1696.0;47.0;;;;;;;non far-right;2023
GRC;Greece;parliament;2023-06-25;17.83;47.0;300.0;SYRIZA;Synaspismós Rizospastikís Aristerás;Coalition of the Radical Left;2.8947;41.0;1123.0;1122.0;1696.0;1592.0;Synaspismós Rizospastikís Aristerás;SYRIZA;0.0;2100.0;2100.0;1592.0;non far-right;2023
GRC;Greece;parliament;2023-06-25;7.69;21.0;300.0;KKE;Kommounistikó Kómma Elládas;Communist Party of Greece;1.253;41.0;1123.0;1122.0;1696.0;614.0;Kommounistikó Kómma Elládas;KKE;0.0;2100.0;2100.0;614.0;non far-right;2023
GRC;Greece;parliament;2023-06-25;4.68;12.0;300.0;Sp;Spartiátes;Spartans;8.7;41.0;1123.0;1122.0;1696.0;2902.0;;;;;;;non far-right;2023
GRC;Greece;parliament;2023-06-25;4.44;12.0;300.0;EL;Elliniki Lisi;Greek Solution;7.4;41.0;1123.0;1122.0;1696.0;2780.0;Elliniki Lisi;EL;1.0;1900.0;2100.0;2780.0;far-right;2023
GRC;Greece;parliament;2023-06-25;3.7;10.0;300.0;Niki;Dimokratikó Patriotikó Kínima 'Níki';Democratic Patriotic Movement 'Victory';8.7;41.0;1123.0;1122.0;1696.0;2901.0;;;;;;;non far-right;2023
GRC;Greece;parliament;2023-06-25;3.17;8.0;300.0;LE|PE;Laïkí Enótita | Plefsi Eleftherias;Popular Unity | Course of Freedom;1.3;41.0;1123.0;1122.0;1696.0;2596.0;Laiki Enotita-Anypotakti Aristera;LAE;0.0;2100.0;2100.0;2596.0;non far-right;2023
GRC;Greece;parliament;2023-06-25;2.5;0.0;300.0;MeRA25;Métopo Evropaikís Realistikís Anypakoís;European Realistic Disobedience Front;1.3;41.0;1123.0;1122.0;1696.0;2742.0;European Realistic Disobedience Front;MeRa25;0.0;2100.0;2100.0;2742.0;non far-right;2023
GRC;Greece;parliament;2023-06-25;11.84;32.0;300.0;PASOK;Panellinio Sosialistikó Kínima;Panhellenic Socialist Movement;4.4968;41.0;1123.0;1122.0;1696.0;1338.0;;;;;;;non far-right;2023
LUX;Luxembourg;parliament;2023-10-08;18.91;11.0;60.0;LSAP;Lëtzebuerger Sozialistesch Aarbechterpartei;Luxembourg Socialist Workers' Party;3.2895;;;;;701.0;;;;;;;non far-right;2023
LUX;Luxembourg;parliament;2023-10-08;18.7;14.0;60.0;DP;Demokratesch Partei;Democratic Party;6.5789;;;;;967.0;;;;;;;non far-right;2023
LUX;Luxembourg;parliament;2023-10-08;8.55;4.0;60.0;Greng;Déi Gréng;The Greens;2.5;;;;;310.0;;;;;;;non far-right;2023
LUX;Luxembourg;parliament;2023-10-08;29.21;21.0;60.0;CSV;Chrëschtlech Sozial Vollekspartei;Christian Social People's Party;6.4474;;;;;1234.0;;;;;;;non far-right;2023
LUX;Luxembourg;parliament;2023-10-08;3.93;2.0;60.0;DL;Déi Lénk;The Left;0.5263;;;;;457.0;;;0.0;2100.0;2100.0;457.0;non far-right;2023
LUX;Luxembourg;parliament;2023-10-08;9.27;5.0;60.0;ADR;Alternativ Demokratesch Reformpartei;Alternative Democratic Reform Party;8.8158;;;;;1582.0;Alternativ Demokratesch Reformpartei;ADR;1.0;2022.0;2100.0;1582.0;far-right;2023
LUX;Luxembourg;parliament;2023-10-08;6.74;3.0;60.0;Pi;Piratepartei Lëtzebuerg;Pirate Party Luxembourg;;;;;;2256.0;;;;;;;non far-right;2023
LUX;Luxembourg;parliament;2023-10-08;2.49;0.0;60.0;FOKUS;Fokus;Focus;;;;;;;;;;;;;non far-right;2023
LUX;Luxembourg;parliament;2023-10-08;1.13;0.0;60.0;LIB/FRE;Liberté - Fräiheet!;Liberty - Freedom!;;;;;;;;;;;;;non far-right;2023
POL;Poland;parliament;2023-10-15;35.38;194.0;460.0;;United Right;United Right;7.6997;;;;;528.0;;;1.0;2005.0;2100.0;528.0;far-right;2023
POL;Poland;parliament;2023-10-15;30.8;157.0;460.0;;Civic Coalition;Civic Coalition;6.2355;;;;;512.0;;;;;;;non far-right;2023
POL;Poland;parliament;2023-10-15;14.4;65.0;460.0;;Third Way;Third Way;4.1856;;;;;664.0;;;;;;;non far-right;2023
POL;Poland;parliament;2023-10-15;8.61;26.0;460.0;LR;Lewica Razem;Left Together;3.3;;;;;2790.0;;;;;;;non far-right;2023
POL;Poland;parliament;2023-10-15;7.16;18.0;460.0;KORWIN;Koalicja Odnowy Rzeczypospolitej Wolność i Nadzieja KORWiN;Coalition for the Renewal of the Republic -- Liberty and Hope;7.4;;;;;2602.0;;;1.0;1900.0;2100.0;2602.0;far-right;2023
POL;Poland;parliament;2023-10-15;1.86;0.0;460.0;;Bezpartyjni Samorządowcy;Nonpartisan Local Government Activists;;;;;;;;;;;;;non far-right;2023
POL;Poland;parliament;2023-10-15;1.63;0.0;460.0;;Polska Jest Jedna;Poland Is One;;;;;;;;;;;;;non far-right;2023
CHE;Switzerland;parliament;2023-10-22;14.25;28.0;200.0;FDP-PRD;Freisinnig-Demokratische Partei der Schweiz – Parti Radical-Democratique Suisse;Radical Democratic Party;6.3249;;;;;26.0;;;;;;;non far-right;2023
CHE;Switzerland;parliament;2023-10-22;14.06;29.0;200.0;Centre;Centre;Center;;;;;;;;;;;;;non far-right;2023
CHE;Switzerland;parliament;2023-10-22;18.27;41.0;200.0;SP-PS;Sozialdemokratische Partei der Schweiz – Parti Socialiste Suisse;Social Democratic Party of Switzerland;1.8319;;;;;35.0;;;;;;;non far-right;2023
CHE;Switzerland;parliament;2023-10-22;27.93;62.0;200.0;SVP-UDC;Schweizerische Volkspartei – Union Démocratique du Centre;Swiss People's Party;7.3575;;;;;750.0;;;1.0;1900.0;2100.0;750.0;far-right;2023
CHE;Switzerland;parliament;2023-10-22;1.95;2.0;200.0;EVP-PEP;Evangelische Volkspartei der Schweiz – Parti Populaire Evangelique Suisse;Protestant Peoples Party;4.9248;;;;;602.0;;;;;;;non far-right;2023
CHE;Switzerland;parliament;2023-10-22;7.55;10.0;200.0;GPL-PVL;Grünliberale Partei der Schweiz – Parti Vert-Libéral;Green Liberal Party;2.5;;;;;308.0;;;;;;;non far-right;2023
CHE;Switzerland;parliament;2023-10-22;9.78;23.0;200.0;Grue;Grüne – Écologiste;Greens;1.6886;;;;;141.0;;;;;;;non far-right;2023
CHE;Switzerland;parliament;2023-10-22;1.23;2.0;200.0;EDU-UDF;Eidgenössisch-Demokratische Union – Union Démocratique Fédérale;Federal Democratic Union of Switzerland;8.6579;;;;;1318.0;;;1.0;1900.0;2100.0;1318.0;far-right;2023
CHE;Switzerland;parliament;2023-10-22;0.55;1.0;200.0;LdT;Lega dei Ticinesi;Ticino League;8.7;;;;;1500.0;;;1.0;1900.0;2100.0;1500.0;far-right;2023
CHE;Switzerland;parliament;2023-10-22;0.51;2.0;200.0;MCR;Mouvement Citoyens Genevois;Geneva Citizens' Movement;8.7;;;;;2599.0;;;1.0;1900.0;2100.0;2599.0;far-right;2023
ESP;Spain;parliament;2023-07-23;33.06;137.0;350.0;AP-P;Alianza-Partido Popular;People's Alliance-Party;7.5969;;;;;645.0;;;;;;;non far-right;2023
ESP;Spain;parliament;2023-07-23;31.68;121.0;350.0;PSOE;Partido Socialista Obrero Español;Spanish Socialist Workers Party;3.7377;;;;;902.0;;;;;;;non far-right;2023
ESP;Spain;parliament;2023-07-23;12.38;33.0;350.0;Vox;Vox;Voice;8.7;;;;;2380.0;;;1.0;1900.0;2100.0;2380.0;far-right;2023
ESP;Spain;parliament;2023-07-23;12.33;21.0;350.0;UN;Sumar;Unite;;;;;;;;;;;;;non far-right;2023
ESP;Spain;parliament;2023-07-23;1.89;7.0;350.0;ERC;Esquerra Republicana de Catalunya;Republican Left of Catalonia;3.1072;;;;;757.0;;;;;;;non far-right;2023
ESP;Spain;parliament;2023-07-23;1.6;7.0;350.0;JxCat;Junts per Catalunya;Together for Catalonia;;;;;;;;;;;;;non far-right;2023
ESP;Spain;parliament;2023-07-23;1.36;7.0;350.0;EHB;Euskal Herria Bildu;Basque Country Unite;;;;;;2603.0;;;0.0;2100.0;2100.0;2603.0;non far-right;2023
ESP;Spain;parliament;2023-07-23;1.12;5.0;350.0;PNV;Partido Nacionalista Vasco – Euzko Alderdi Jeltzalea;Basque Nationalist Party;6.2144;;;;;1361.0;;;;;;;non far-right;2023
ESP;Spain;parliament;2023-07-23;0.62;1.0;350.0;BNG;Bloque Nacionalista Galego;Galician Nationalist Bloc;2.9117;;;;;520.0;;;0.0;2100.0;2100.0;520.0;non far-right;2023
ESP;Spain;parliament;2023-07-23;0.47;1.0;350.0;CC;Coalición Canaria;Canary Coalition;5.9789;;;;;234.0;;;;;;;non far-right;2023
ESP;Spain;parliament;2023-07-23;0.21;0.0;350.0;UPN;Unión del Pueblo Navarro;Navarrese People's Union;;;;;;;;;;;;;non far-right;2023
AUT;Austria;parliament;2024-09-29;28.85;57.0;183.0;FPO;Freiheitliche Partei Österreichs;Freedom Party of Austria;8.3494;;;;;50.0;;;1.0;1900.0;2100.0;50.0;far-right;2024
AUT;Austria;parliament;2024-09-29;26.27;51.0;183.0;OVP;Österreichische Volkspartei;Austrian People's Party;6.4733;;;;;1013.0;;;;;;;non far-right;2024
AUT;Austria;parliament;2024-09-29;21.14;41.0;183.0;SPO;Sozialdemokratische Partei Österreichs;Social Democratic Party of Austria;3.7293;;;;;973.0;;;;;;;non far-right;2024
AUT;Austria;parliament;2024-09-29;9.14;18.0;183.0;NEOS;NEOS – Das Neue Österreich;NEOS -- The New Austria;6.0;;;;;2255.0;;;;;;;non far-right;2024
AUT;Austria;parliament;2024-09-29;8.24;16.0;183.0;Gruene;Die Grünen – Die Grüne Alternative;The Greens -- The Green Alternative;2.4604;;;;;1429.0;;;;;;;non far-right;2024
AUT;Austria;parliament;2024-09-29;2.39;0.0;183.0;KPO;Kommunistische Partei Österreichs;Communist Party of Austria;0.5;;;;;769.0;;;;;;;non far-right;2024
AUT;Austria;parliament;2024-09-29;2.01;0.0;183.0;BIER;die Bierpartei;The Beer Party;;;;;;;;;;;;;non far-right;2024
BEL;Belgium;parliament;2024-06-09;16.71;24.0;150.0;N-VA;Nieuw-Vlaamse Alliantie;New Flemish Alliance;6.5321;;;;;501.0;;;1.0;2019.0;2025.0;501.0;far-right;2024
BEL;Belgium;parliament;2024-06-09;13.77;20.0;150.0;VB;Vlaams Blok | Vlaams Belang;Flemish Block | Flemish Interest;9.6622;;;;;993.0;;;1.0;1900.0;2100.0;993.0;far-right;2024
BEL;Belgium;parliament;2024-06-09;10.26;20.0;150.0;MR;Mouvement Réformateur;Reformist Movement;6.6889;;;;;915.0;;;;;;;non far-right;2024
BEL;Belgium;parliament;2024-06-09;8.04;16.0;150.0;PS;Parti Socialiste;Socialist Party [Francophone];2.9307;;;;;1378.0;;;;;;;non far-right;2024
BEL;Belgium;parliament;2024-06-09;9.86;15.0;150.0;PA-PTB;Partij van de Arbeid – Parti du Travail de Belgique;Workers' Party of Belgium;1.3;;;;;256.0;;;0.0;2100.0;2100.0;256.0;non far-right;2024
BEL;Belgium;parliament;2024-06-09;6.77;14.0;150.0;PSC-CDH;Les Engagés;The Engaged;5.4974;;;;;1192.0;;;;;;;non far-right;2024
BEL;Belgium;parliament;2024-06-09;8.11;13.0;150.0;SP;Vooruit;Onward;3.2459;;;;;1029.0;;;;;;;non far-right;2024
BEL;Belgium;parliament;2024-06-09;7.98;11.0;150.0;CVP|CD&V;Christelijke Volkspartij | Christen-Democratisch en Vlaams;Flemish Christian Peoples Party | Christian Democrats & Flemish;5.7667;;;;;723.0;;;;;;;non far-right;2024
BEL;Belgium;parliament;2024-06-09;5.45;7.0;150.0;PVV|VLD;Partij voor Vrijheid en Vooruitgang | Vlaamse Liberalen en Democraten;Party of Liberty and Progress | Flemish Liberals and Democrats;7.0053;;;;;1110.0;;;;;;;non far-right;2024
BEL;Belgium;parliament;2024-06-09;4.65;6.0;150.0;AGL-Gr;Agalev – Groen;Agalev -- Green;2.5762;;;;;1594.0;;;;;;;non far-right;2024
BEL;Belgium;parliament;2024-06-09;2.93;2.0;150.0;Ecolo;Écologistes Confédérés pour l'organisation de luttes originales;Confederated ecologists for the organisation of original struggles;2.641;;;;;161.0;;;;;;;non far-right;2024
BEL;Belgium;parliament;2024-06-09;1.2;1.0;150.0;DeFI;Démocrate Fédéraliste Indépendant;Democratic, Federalist, Independent;6.1259;;;;;969.0;;;;;;;non far-right;2024
BGR;Bulgaria;parliament;2024-06-09;24.71;68.0;;GERB-SDS;GERB-SDS;GERB-SDS;;;;;;;;;;;;;non far-right;2024
BGR;Bulgaria;parliament;2024-06-09;17.06;47.0;;DPS;Dvizhenie za Prava i Svobodi;Movement for Rights and Freedoms – New Beginning;4.5828;;;;;1286.0;;;;;;;non far-right;2024
BGR;Bulgaria;parliament;2024-06-09;14.33;39.0;;PP-DB;Prodŭlzhavame promyanata – Demokratichna Bŭlgariya;We Continue the Change – Democratic Bulgaria;;;;;;;;;;;;;non far-right;2024
BGR;Bulgaria;parliament;2024-06-09;13.78;38.0;;R;Vazrazhdane;Revival;8.7;;;;;2640.0;;;1.0;1900.0;2100.0;2640.0;far-right;2024
BGR;Bulgaria;parliament;2024-06-09;7.06;19.0;;BSP;Balgarska Sotsialisticheska Partiya;Bulgarian Socialist Party;3.0064;;;;;982.0;;;1.0;1900.0;2100.0;982.0;far-right;2024
BGR;Bulgaria;parliament;2024-06-09;5.96;16.0;;ITN;Ima takav narod;There Is Such a People;7.4;;;;;2836.0;;;0.0;2100.0;2100.0;2836.0;non far-right;2024
BGR;Bulgaria;parliament;2024-06-09;4.65;13.0;;;Velichie;Greatness;;;;;;;;;;;;;far-right;2024
BGR;Bulgaria;parliament;2024-06-09;2.98;0.0;;MECh;Moral, Edinstvo, Chest;Morality, Unity, Honour;;;;;;;;;;;;;non far-right;2024
BGR;Bulgaria;parliament;2024-06-09;1.57;0.0;;;Sinya Bŭlgariya;Blue Bulgaria;;;;;;;;;;;;;non far-right;2024
BGR;Bulgaria;parliament;2024-06-09;1.47;0.0;;;Solidarna Bŭlgariya;Solidarity Bulgaria;;;;;;;;;;;;;non far-right;2024
BGR;Bulgaria;parliament;2024-06-09;1.19;0.0;;;Center;Center;;;;;;;;;;;;;non far-right;2024
BGR;Bulgaria;parliament;2024-10-27;26.39;66.0;;GERB-SDS;GERB-SDS;GERB-SDS;;;;;;;;;;;;;non far-right;2024
BGR;Bulgaria;parliament;2024-10-27;14.21;36.0;;PP-DB;Prodŭlzhavame promyanata – Demokratichna Bŭlgariya;We Continue the Change – Democratic Bulgaria;;;;;;;;;;;;;non far-right;2024
BGR;Bulgaria;parliament;2024-10-27;13.36;33.0;;R;Vazrazhdane;Revival;8.7;;;;;2640.0;;;1.0;1900.0;2100.0;2640.0;far-right;2024
BGR;Bulgaria;parliament;2024-10-27;11.51;29.0;;DPS–NN;Dvizhenie za prava i svobodi;Movement for Rights and Freedoms;4.5828;;;;;1286.0;;;;;;;non far-right;2024
BGR;Bulgaria;parliament;2024-10-27;7.57;19.0;;BSP;Balgarska Sotsialisticheska Partiya;Bulgarian Socialist Party;3.0064;;;;;982.0;;;1.0;1900.0;2100.0;982.0;far-right;2024
BGR;Bulgaria;parliament;2024-10-27;7.49;19.0;;APS;Alians za prava i svobodi;Alliance for Rights and Freedoms;;;;;;;;;;;;;non far-right;2024
BGR;Bulgaria;parliament;2024-10-27;6.79;17.0;;ITN;Ima takav narod;There Is Such a People;7.4;;;;;2836.0;;;0.0;2100.0;2100.0;2836.0;non far-right;2024
BGR;Bulgaria;parliament;2024-10-27;4.6;11.0;;MECh;Moral, Edinstvo, Chest;Morality, Unity, Honour;;;;;;;;;;;;;non far-right;2024
BGR;Bulgaria;parliament;2024-10-27;4.0;10.0;;;Velichie;Greatness;;;;;;;;;;;;;far-right;2024
BGR;Bulgaria;parliament;2024-10-27;1.07;0.0;;;Sinya Bŭlgariya;Blue Bulgaria;;;;;;;;;;;;;non far-right;2024
HRV;Croatia;parliament;2024-04-17;34.42;61.0;151.0;HDZ;Hrvatska demokratska zajednica;Croatian Democratic Union;7.1053;;;;;276.0;;;1.0;1900.0;2000.0;276.0;non far-right;2024
HRV;Croatia;parliament;2024-04-17;25.4;42.0;151.0;SPH;Socijaldemokratska partija Hrvatske;Social Democratic Party of Croatia;3.2456;;;;;1493.0;;;;;;;non far-right;2024
HRV;Croatia;parliament;2024-04-17;9.56;14.0;151.0;DP;Domovinski pokret;Homeland Movement;8.7;;;;;2809.0;;;1.0;1900.0;2100.0;2809.0;far-right;2024
HRV;Croatia;parliament;2024-04-17;9.1;10.0;151.0;M!;Možemo! – politička platforma;We Can! -- Political Platform;2.5;;;;;2810.0;;;0.0;2100.0;2100.0;2810.0;non far-right;2024
HRV;Croatia;parliament;2024-04-17;8.02;11.0;151.0;Most;Most nezavisnih lista;Bridge of Independent Lists;7.4;;;;;2615.0;;;1.0;1900.0;2100.0;2615.0;far-right;2024
HRV;Croatia;parliament;2024-04-17;2.25;1.0;151.0;;;Focus-Republic;;;;;;;;;;;;;non far-right;2024
HRV;Croatia;parliament;2024-04-17;2.25;2.0;151.0;IDS;Istarski demokratski sabor;Istrian Democratic Assembly;3.4211;;;;;1627.0;;;;;;;non far-right;2024
HRV;Croatia;parliament;2024-04-17;1.92;0.0;151.0;UZ–SU–BUZ–DSU;;;;;;;;;;;;;;;non far-right;2024
HRV;Croatia;parliament;2024-04-17;1.24;0.0;151.0;;;Determination and Justice;;;;;;;;;;;;;non far-right;2024
HRV;Croatia;parliament;2024-04-17;1.22;2.0;151.0;NPS;Nezavisna Platforma Sjever;Independent Platform of the North ;;;;;;;;;;;;;non far-right;2024
HRV;Croatia;parliament;2024-04-17;;8.0;151.0;ethnic;ethnic;ethnic;;;;;;2192.0;;;;;;;non far-right;2024
FRA;France;parliament;2024-07-07;29.26;125.0;577.0;FN;Rassemblement National;National Rally;9.6854;;;;;270.0;;;1.0;1900.0;2100.0;270.0;far-right;2024
FRA;France;parliament;2024-07-07;3.96;17.0;577.0;UXD;Union de l'extrême droite;Union of the Far-Right;;;;;;;;;;;;;non far-right;2024
FRA;France;parliament;2024-07-07;28.21;180.0;577.0;NFP;Nouveau Front populaire;New Popular Front;;;;;;;;;;;;;non far-right;2024
FRA;France;parliament;2024-07-07;21.28;159.0;577.0;;Ensemble pour la République;Together for the Republic;6.0;;;;;2643.0;;;;;;;non far-right;2024
FRA;France;parliament;2024-07-07;6.57;39.0;577.0;LR;Les Républicains;The Republicans;;;;;;;;;;;;;non far-right;2024
FRA;France;parliament;2024-07-07;3.6;27.0;577.0;d-droite;divers droite;other right;7.6583;;;;;285.0;;;;;;;non far-right;2024
FRA;France;parliament;2024-07-07;1.53;12.0;577.0;d-gauche;divers gauche;other left;3.3;;;;;177.0;;;;;;;non far-right;2024
FRA;France;parliament;2024-07-07;1.22;6.0;577.0;d-centre;divers centre;other centre;6.0;;;;;2858.0;;;;;;;non far-right;2024
FRA;France;parliament;2024-07-07;1.14;0.0;577.0;ex-gau;extrême gauche;other far-left;1.3;;;;;2083.0;;;;;;;non far-right;2024
IRL;Ireland;parliament;2024-11-29;21.9;48.0;160.0;FF;Fianna Fáil;Fianna Fail;6.0713;;;;;280.0;;;;;;;non far-right;2024
IRL;Ireland;parliament;2024-11-29;19.0;39.0;160.0;SF;Sinn Féin;Sinn Fein;2.7935;;;;;2217.0;;;0.0;2100.0;2100.0;2217.0;non far-right;2024
IRL;Ireland;parliament;2024-11-29;20.8;38.0;160.0;FG;Fine Gael;Fine Gael (Family of the Irish);6.4372;;;;;1393.0;;;;;;;non far-right;2024
IRL;Ireland;parliament;2024-11-29;3.0;1.0;160.0;Green;Green Party  – Comhaontas Glas;Green Party;2.435;;;;;1573.0;;;;;;;non far-right;2024
IRL;Ireland;parliament;2024-11-29;4.7;11.0;160.0;Lab;Labour Party;Labour Party;3.6252;;;;;318.0;;;;;;;non far-right;2024
IRL;Ireland;parliament;2024-11-29;4.8;11.0;160.0;DS;Daonlathaigh Shóisialta;Social Democrats;3.3;;;;;2619.0;;;;;;;non far-right;2024
IRL;Ireland;parliament;2024-11-29;2.8;3.0;160.0;D-PRB;Dlúthphartíocht – Pobal Roimh Bhrabús;Solidarity -- People Before Profit;1.3;;;;;2776.0;;;;;;;non far-right;2024
IRL;Ireland;parliament;2024-11-29;3.9;2.0;160.0;A;Aontú;Aontu;7.4;;;;;2795.0;;;;;;;non far-right;2024
IRL;Ireland;parliament;2024-11-29;3.6;4.0;160.0;II;Éire Neamhspleách;Independent Ireland;;;;;;;;;;;;;non far-right;2024
IRL;Ireland;parliament;2024-11-29;13.2;16.0;160.0;I;Independent;Independent;;;;;;;;;;;;;non far-right;2024
IRL;Ireland;parliament;2024-11-29;2.3;1.0;160.0;OTH;Others;Others;;;;;;;;;;;;;non far-right;2024
LTU;Lithuania;parliament;2024-10-27;19.32;18.0;141.0;LSDP;Lietuvos socialdemokratų partija;Lithuanian Social Democratic Party;3.1972;;;;;1277.0;;;;;;;non far-right;2024
LTU;Lithuania;parliament;2024-10-27;18.0;17.0;141.0;TS-LK;Tėvynės sąjunga;Homeland Union;7.4004;;;;;1045.0;;;;;;;non far-right;2024
LTU;Lithuania;parliament;2024-10-27;14.97;14.0;141.0;PPNA;"Politinė partija ""Nemuno Aušra""";"Political Party ""Dawn of Nemunas""";;;;;;;;;;;;;non far-right;2024
LTU;Lithuania;parliament;2024-10-27;9.22;8.0;141.0;DSVL;"Demokratų sąjunga ""Vardan Lietuvos""";"Union of Democrats ""For Lithuania""";;;;;;;;;;;;;non far-right;2024
LTU;Lithuania;parliament;2024-10-27;7.7;7.0;141.0;LRLS;Lietuvos Respublikos liberalų sąjūdis;Liberals Movement of the Republic of Lithuania;7.7562;;;;;482.0;;;;;;;non far-right;2024
LTU;Lithuania;parliament;2024-10-27;7.02;6.0;141.0;LVLS;Lietuvos valstiečių sąjunga;Lithuanian Peasant Union;3.2687;;;;;191.0;;;;;;;non far-right;2024
LTU;Lithuania;parliament;2024-10-27;4.53;0.0;141.0;LP;Laisvės partija;Freedom Party;6.0;;;;;2805.0;;;;;;;non far-right;2024
LTU;Lithuania;parliament;2024-10-27;3.88;0.0;141.0;LLRA;Lietuvos lenkų rinkimų akcija;Election Action of Lithuania's Poles;3.865;;;;;28.0;;;;;;;non far-right;2024
LTU;Lithuania;parliament;2024-10-27;2.87;0.0;141.0;NS;Nacionalinis Susivienijimas;National Alliance;8.7;;;;;2762.0;;;;;;;non far-right;2024
LTU;Lithuania;parliament;2024-10-27;2.64;0.0;141.0;;Lietuvos liaudies partija;Lithuanian People's Party;;;;;;;;;;;;;non far-right;2024
LTU;Lithuania;parliament;2024-10-27;2.2;0.0;141.0;;;Coalition of Peace;3.3;;;;;2763.0;;;;;;;non far-right;2024
LTU;Lithuania;parliament;2024-10-27;1.89;0.0;141.0;LRP;Lietuvos regionų partija;Lithuanian Regions Party;;;;;;;;;;;;;non far-right;2024
LTU;Lithuania;parliament;2024-10-27;1.69;0.0;141.0;LZP;Lietuvos žalioji partija;Lithuanian Green Party;2.5;;;;;21.0;;;;;;;non far-right;2024
LTU;Lithuania;parliament;2024-10-27;1.38;0.0;141.0;;Tautos ir teisingumo sąjunga;People and Justice Union;6.0;;;;;2634.0;;;1.0;1900.0;2100.0;2634.0;far-right;2024
PRT;Portugal;parliament;2024-03-10;28.02;77.0;230.0;PSD;Partido Social Democrata;Social Democratic Party;6.2949;;;;;1273.0;;;;;;;non far-right;2024
PRT;Portugal;parliament;2024-03-10;28.0;78.0;230.0;PS;Partido Socialista;Socialist Party;4.0492;;;;;725.0;;;;;;;non far-right;2024
PRT;Portugal;parliament;2024-03-10;18.07;50.0;230.0;CH;Chega;Enough;8.7;;;;;2789.0;;;1.0;1900.0;2100.0;2789.0;far-right;2024
PRT;Portugal;parliament;2024-03-10;4.94;8.0;230.0;IL;Iniciativa Liberal;Liberal Initiative;6.0;;;;;2788.0;;;;;;;non far-right;2024
PRT;Portugal;parliament;2024-03-10;4.36;5.0;230.0;BE;Bloco de Esquerda;Bloc of the Left;1.6425;;;;;557.0;;;0.0;2100.0;2100.0;557.0;non far-right;2024
PRT;Portugal;parliament;2024-03-10;3.17;4.0;230.0;PCP;Partido Comunista Português;Portuguese Communist Party;2.1754;;;;;514.0;;;0.0;2100.0;2100.0;514.0;non far-right;2024
PRT;Portugal;parliament;2024-03-10;3.16;4.0;230.0;L;Livre – Liberdade, Esquerda, Europa e Ecologia;Livre;3.3;;;;;2374.0;;;;;;;non far-right;2024
PRT;Portugal;parliament;2024-03-10;1.95;1.0;230.0;PAN;Partido pelos Animais e pela Natureza;Party for Animals and Nature;2.5;;;;;1781.0;;;;;;;non far-right;2024
PRT;Portugal;parliament;2024-03-10;1.58;0.0;230.0;ADN;Alternativa Democrática Nacional;National Democratic Alternative;;;;;;;;;;;;;non far-right;2024
PRT;Portugal;parliament;2024-03-10;0.82;3.0;230.0;CDS-PP;Centro Democrático e Social – Partido Popular;Democratic and Social Centre -- People's Party;8.0222;;;;;251.0;;;;;;;non far-right;2024
ROU;Romania;parliament;2024-12-01;12.4;40.0;330.0;USR|PLUS;Uniunea Salvați România | Partidul Libertate, Unitate și Solidaritate;Save Romania Union | Party of Liberty, Unity and Solidarity;6.0;;;;;2646.0;;;;;;;non far-right;2024
ROU;Romania;parliament;2024-12-01;13.2;49.0;330.0;PNL;Partidul Naţional Liberal;National Liberal Party;6.0543;;;;;1015.0;;;;;;;non far-right;2024
ROU;Romania;parliament;2024-12-01;18.01;63.0;330.0;AUR;Alianța pentru Unirea Românilor;Alliance for the Unity of Romanians;8.7;;;;;2807.0;;;1.0;1900.0;2100.0;2807.0;far-right;2024
ROU;Romania;parliament;2024-12-01;6.33;22.0;330.0;UDMR;Uniunea Democrată Maghiară din România;Democratic Union of Hungarians in Romania;6.016;;;;;948.0;;;;;;;non far-right;2024
ROU;Romania;parliament;2024-12-01;21.96;86.0;330.0;PSD;Partidul Social Democrat;Social Democratic Party;3.2325;;;;;1120.0;;;;;;;non far-right;2024
ROU;Romania;parliament;2024-12-01;7.36;28.0;330.0;SOS;S.O.S. România;S.O.S Romania;;;;;;;;;;;;;far-right;2024
ROU;Romania;parliament;2024-12-01;6.46;24.0;330.0;POT;Partidul Oamenilor Tineri;Party of Young People;;;;;;;;;;;;;far-right;2024
ROU;Romania;parliament;2024-12-01;2.99;0.0;330.0;SENS;Partidul Sănătate, Educație, Natură, Sustenabilitate;Health, Education, Nature, Sustainability Party;;;;;;;;;;;;;non far-right;2024
ROU;Romania;parliament;2024-12-01;2.05;0.0;330.0;FD;Forța Dreptei;Force of the Right;;;;;;;;;;;;;non far-right;2024
ROU;Romania;parliament;2024-12-01;1.92;0.0;330.0;PSDU;Partidul Social Democrat Unit;United Social Democratic Party;;;;;;;;;;;;;non far-right;2024
ROU;Romania;parliament;2024-12-01;1.24;0.0;330.0;REPER;Reînnoim Proiectul European al României;Renewing Romania's European Project;;;;;;;;;;;;;non far-right;2024
ROU;Romania;parliament;2024-12-01;1.16;0.0;330.0;DREPT;Partidul Dreptate și Respect în Europa pentru Toți;Justice and Respect in Europe for All Party;;;;;;;;;;;;;non far-right;2024
GBR;United Kingdom;parliament;2024-07-04;33.7;411.0;650.0;Lab;Labour Party;Labour;4.3562;;;;;1556.0;;;;;;;non far-right;2024
GBR;United Kingdom;parliament;2024-07-04;23.7;121.0;650.0;Con;Conservatives;Conservatives;7.4261;;;;;773.0;;;;;;;non far-right;2024
GBR;United Kingdom;parliament;2024-07-04;12.2;72.0;650.0;Lib;Liberals;Liberals;4.2875;;;;;659.0;;;;;;;non far-right;2024
GBR;United Kingdom;parliament;2024-07-04;2.5;9.0;650.0;SNP;Scottish National Party – Pàrtaidh Nàiseanta na h-Alba;Scottish National Party;3.5871;;;;;1284.0;;;;;;;non far-right;2024
GBR;United Kingdom;parliament;2024-07-04;0.7;7.0;650.0;SF;Sinn Féin;Sinn Fein;1.3;;;;;689.0;;;;;;;non far-right;2024
GBR;United Kingdom;parliament;2024-07-04;14.3;5.0;650.0;RUK;Reform UK;Reform UK;8.7;;;;;2729.0;Brexit Party / Reform;;1.0;1900.0;2100.0;2729.0;far-right;2024
GBR;United Kingdom;parliament;2024-07-04;0.6;5.0;650.0;DUP;Democratic Unionist Party;Democratic Unionist Party;7.4;;;;;319.0;;;0.0;2100.0;2100.0;319.0;non far-right;2024
GBR;United Kingdom;parliament;2024-07-04;6.4;4.0;650.0;GP;Green Party;Green Party;2.57;;;;;467.0;;;;;;;non far-right;2024
GBR;United Kingdom;parliament;2024-07-04;0.7;4.0;650.0;Plaid;Plaid Cymru;Plaid Cymru;3.1183;;;;;311.0;;;;;;;non far-right;2024
GBR;United Kingdom;parliament;2024-07-04;0.3;2.0;650.0;SDLP;Social Democratic and Labour Party;Social Democratic and Labour Party;3.3;;;;;1023.0;;;;;;;non far-right;2024
GBR;United Kingdom;parliament;2024-07-04;0.4;1.0;650.0;APoNI;Alliance Party of Northern Ireland;Alliance Party of Northern Ireland;6.0;;;;;2731.0;;;;;;;non far-right;2024
GBR;United Kingdom;parliament;2024-07-04;0.3;1.0;650.0;UUP;Ulster Unionist Party;Ulster Unionist Party;8.3;;;;;1210.0;;;;;;;non far-right;2024
GBR;United Kingdom;parliament;2024-07-04;0.2;1.0;650.0;TUV;Traditional Unionist Voice;Traditional Unionist Voice;;;;;;;;;;;;;non far-right;2024
CZE;Czech Republic;parliament;2025-10-04;;;;SZ;Strana zelených;Green Party;4.123;;;;;196.0;;;;;;;non far-right;2025
CZE;Czech Republic;parliament;2025-10-04;;;;Tri;Trikolóra;Tricolour Citizens' Movement;8.7;;;;;2832.0;;;;;;;non far-right;2025
CZE;Czech Republic;parliament;2025-10-04;7.8;15.0;;SPD;Svoboda a přímá demokracie;Freedom and Direct Democracy;8.7;;;;;2654.0;;;1.0;1900.0;2100.0;2654.0;far-right;2025
CZE;Czech Republic;parliament;2025-10-04;0.0;0.0;;CSSD;Česká strana sociálně demokratická;Czech Social Democratic Party;3.0463;;;;;789.0;;;;;;;non far-right;2025
CZE;Czech Republic;parliament;2025-10-04;34.51;80.0;;ANO;Akce nespokojených občanů 2011;Action of Dissatisfied Citizens 2011;6.0;;;;;2263.0;;;0.0;2100.0;2100.0;2263.0;non far-right;2025
CZE;Czech Republic;parliament;2025-10-04;23.4;52.0;;SPOLU (ODS, KDU-CSL, TOP 09);;;;;;;;;;;;;;;non far-right;2025
CZE;Czech Republic;parliament;2025-10-04;11.2;22.0;;STAN;Starostové a nezávislí;Mayors and Independents;6.0;;;;;2024.0;;;;;;;non far-right;2025
CZE;Czech Republic;parliament;2025-10-04;1.1;0.0;;P;Přísaha;Oath;;;;;;2831.0;;;0.0;2100.0;2100.0;2831.0;non far-right;2025
CZE;Czech Republic;parliament;2025-10-04;0.0;0.0;;KSCM;Komunistická strana Cech a Moravy;Communist Party of Bohemia and Moravia;0.7498;;;;;1173.0;;;0.0;2100.0;2100.0;1173.0;non far-right;2025
CZE;Czech Republic;parliament;2025-10-04;;;;VB;Volný blok;Free Bloc;8.7;;;;;2854.0;;;1.0;1900.0;2100.0;2854.0;far-right;2025
CZE;Czech Republic;parliament;2025-10-04;9.0;18.0;;Pi;Ceska piratska strana;Czech Pirate Party;;;;;;2261.0;;;;;;;non far-right;2025
CZE;Czech Republic;parliament;2025-10-04;6.77;13.0;;AUTO;Motoriste sobe;Motorists;;;;;;;;;;;;;far-right;2025
DEU;Germany;parliament;2025-02-23;4.98;0.0;630.0;Bündnis Sahra Wagenknecht – Vernunft und Gerechtigkeit;BSW;Sahra Wagenknecht Alliance;;;;;;;;;;;;;non far-right;2025
DEU;Germany;parliament;2025-02-23;;;630.0;dieBasis;Basisdemokratische Partei Deutschland;Grassroots Democratic Party of Germany;;;;;;2821.0;;;;;;;non far-right;2025
DEU;Germany;parliament;2025-02-23;16.4;120.0;630.0;SPD;Sozialdemokratische Partei Deutschlands;Social Democratic Party of Germany;3.6451;;;;;558.0;;;;;;;non far-right;2025
DEU;Germany;parliament;2025-02-23;28.5;208.0;630.0;CDU;Christlich Demokratische Union;Christian Democratic Union;6.2503;;;;;808.0;;;;;;;non far-right;2025
DEU;Germany;parliament;2025-02-23;11.6;85.0;630.0;B90/Gru;Bündnis 90 / Die Grünen;Alliance 90 / Greens;2.9308;;;;;772.0;;;;;;;non far-right;2025
DEU;Germany;parliament;2025-02-23;4.3;0.0;630.0;FDP;Freie Demokratische Partei;Free Democratic Party;5.9233;;;;;543.0;;;;;;;non far-right;2025
DEU;Germany;parliament;2025-02-23;20.8;152.0;630.0;AfD;Alternative für Deutschland;Alternative for Germany;8.7;;;;;2253.0;;;1.0;2015.0;2100.0;2253.0;far-right;2025
DEU;Germany;parliament;2025-02-23;;;630.0;CSU;Christlich Soziale Union;Christian Social Union;7.2871;;;;;1180.0;;;;;;;non far-right;2025
DEU;Germany;parliament;2025-02-23;8.8;64.0;630.0;PDS|Li;PDS | Die Linke;PDS | The Left;1.2152;;;;;791.0;;;0.0;2100.0;2100.0;791.0;non far-right;2025
DEU;Germany;parliament;2025-02-23;0.15;1.0;630.0;SSW;Südschleswigscher Wählerverband;South Schleswig Voter League;;;;;;2850.0;;;;;;;non far-right;2025
DEU;Germany;parliament;2025-02-23;;;630.0;Tier;Tierschutzpartei;Animal Protection Party;;;;;;301.0;;;;;;;non far-right;2025
DEU;Germany;parliament;2025-02-23;;;630.0;FW;Freie Wähler;Free Voters;7.4;;;;;41.0;;;;;;;non far-right;2025
DEU;Germany;parliament;2025-02-23;;;630.0;PARTEI;Die PARTEI;The PARTY;;;;;;2649.0;;;;;;;non far-right;2025
NLD;Netherlands;parliament;2025-10-29;1.9;3.0;150.0;CU;ChristenUnie;ChristianUnion;6.1732;;;;;1206.0;;;;;;;non far-right;2025
NLD;Netherlands;parliament;2025-10-29;;;150.0;PvdA;Partij van de Arbeid;Labour Party;3.6118;;;;;742.0;;;;;;;non far-right;2025
NLD;Netherlands;parliament;2025-10-29;12.8;20.0;150.0;GL;GroenLinks;GreenLeft;2.0454;;;;;756.0;;;;;;;non far-right;2025
NLD;Netherlands;parliament;2025-10-29;4.5;7.0;150.0;FvD;Forum voor Democratie;Forum for Democracy;8.7;;;;;2642.0;;;1.0;1900.0;2100.0;2642.0;far-right;2025
NLD;Netherlands;parliament;2025-10-29;2.1;3.0;150.0;PvdD;Partij voor de Dieren;Party for the Animals;;;;;;990.0;;;;;;;non far-right;2025
NLD;Netherlands;parliament;2025-10-29;1.9;3.0;150.0;SP;Socialistiese Partij;Socialist Party;1.3682;;;;;357.0;;;0.0;2100.0;2100.0;357.0;non far-right;2025
NLD;Netherlands;parliament;2025-10-29;2.4;3.0;150.0;DENK;Beweging DENK;Think;3.3;;;;;2641.0;;;;;;;non far-right;2025
NLD;Netherlands;parliament;2025-10-29;1.1;1.0;150.0;VN;Volt Nederland;Volt Netherlands;;;;;;2735.0;;;;;;;non far-right;2025
NLD;Netherlands;parliament;2025-10-29;6.0;9.0;150.0;JA21;Juiste Antwoord21;Right Answer 2021;8.7;;;;;2823.0;;;1.0;1900.0;2100.0;2823.0;far-right;2025
NLD;Netherlands;parliament;2025-10-29;1.4;2.0;150.0;50+;50PLUS;50PLUS;;;;;;2109.0;;;;;;;non far-right;2025
NLD;Netherlands;parliament;2025-10-29;2.7;4.0;150.0;BBB;BoerBurgerBeweging;Farmer-Citizen Movement;5.3;;;;;2824.0;;;1.0;1900.0;2100.0;2824.0;far-right;2025
NLD;Netherlands;parliament;2025-10-29;;;150.0;one-seat;one seat;one seat;;;;;;2288.0;;;;;;;non far-right;2025
NLD;Netherlands;parliament;2025-10-29;;;150.0;no-seat;no seat;no seat;;;;;;2110.0;;;;;;;non far-right;2025
NLD;Netherlands;parliament;2025-10-29;11.8;18.0;150.0;CDA;Christen Democratisch Appèl;Christian Democratic Appeal;5.9376;;;;;235.0;;;;;;;non far-right;2025
NLD;Netherlands;parliament;2025-10-29;14.2;22.0;150.0;VVD;Volkspartij voor Vrijheid en Democratie;People's Party for Freedom and Democracy;7.3482;;;;;1409.0;;;;;;;non far-right;2025
NLD;Netherlands;parliament;2025-10-29;2.3;3.0;150.0;SGP;Staatkundig Gereformeerde Partij;Political Reformed Party;8.7531;;;;;1251.0;;;;;;;non far-right;2025
NLD;Netherlands;parliament;2025-10-29;16.9;26.0;150.0;D66;Democraten 66;Democrats 66;4.5066;;;;;345.0;;;;;;;non far-right;2025
NLD;Netherlands;parliament;2025-10-29;16.7;26.0;150.0;PVV;Partij voor de Vrijheid;Party for Freedom;8.8;;;;;1501.0;;;1.0;1900.0;2100.0;1501.0;far-right;2025
NOR;Norway;parliament;2025-09-08;28.0;;169.0;DNA;Det norske Arbeiderparti;Norwegian Labour Party;3.3706;;;;;104.0;;;;;;;non far-right;2025
NOR;Norway;parliament;2025-09-08;23.8;;169.0;Fr;Fremskrittspartiet;Progress Party;8.7595;;;;;351.0;;;1.0;1900.0;2100.0;351.0;far-right;2025
NOR;Norway;parliament;2025-09-08;14.6;;169.0;H;Høyre;Conservative Party;7.8994;;;;;1435.0;;;;;;;non far-right;2025
NOR;Norway;parliament;2025-09-08;5.6;;169.0;SV;Sosialistisk Venstreparti;Socialist Left Party;1.5839;;;;;81.0;;;0.0;2100.0;2100.0;81.0;non far-right;2025
NOR;Norway;parliament;2025-09-08;5.6;;169.0;Sp;Senterpartiet;Centre Party;4.6565;;;;;702.0;;;;;;;non far-right;2025
NOR;Norway;parliament;2025-09-08;5.3;;169.0;RV;Rød Valgallianse;Red Electoral Alliance;0.4089;;;;;1638.0;;;0.0;2100.0;2100.0;1638.0;non far-right;2025
NOR;Norway;parliament;2025-09-08;4.7;;169.0;MDG;Miljøpartiet De Grønne;Green Party;2.5;;;;;2254.0;;;;;;;non far-right;2025
NOR;Norway;parliament;2025-09-08;4.2;;169.0;KrF;Kristelig Folkeparti;Christian Democratic Party;5.8516;;;;;1538.0;;;;;;;non far-right;2025
NOR;Norway;parliament;2025-09-08;3.7;;169.0;V;Venstre;Liberal Party of Norway;5.1467;;;;;647.0;;;;;;;non far-right;2025
PRT;Portugal;parliament;2025-05-18;1.99;1.0;230.0;BE;Bloco de Esquerda;Bloc of the Left;1.6425;;;;;557.0;;;0.0;2100.0;2100.0;557.0;non far-right;2025
PRT;Portugal;parliament;2025-05-18;2.91;3.0;230.0;PCP;Partido Comunista Português;Portuguese Communist Party;2.1754;;;;;514.0;;;0.0;2100.0;2100.0;514.0;non far-right;2025
PRT;Portugal;parliament;2025-05-18;4.07;6.0;230.0;L;Livre – Liberdade, Esquerda, Europa e Ecologia;Livre;3.3;;;;;2374.0;;;;;;;non far-right;2025
PRT;Portugal;parliament;2025-05-18;22.83;58.0;230.0;PS;Partido Socialista;Socialist Party;4.0492;;;;;725.0;;;;;;;non far-right;2025
PRT;Portugal;parliament;2025-05-18;1.38;1.0;230.0;PAN;Partido pelos Animais e pela Natureza;Party for Animals and Nature;2.5;;;;;1781.0;;;;;;;non far-right;2025
PRT;Portugal;parliament;2025-05-18;0.33;1.0;230.0;JPP;Juntos pelo Povo;Together for the People;;;;;;;;;;;;;non far-right;2025
PRT;Portugal;parliament;2025-05-18;31.21;88.0;230.0;PSD;Partido Social Democrata;Social Democratic Party;6.2949;;;;;1273.0;;;;;;;non far-right;2025
PRT;Portugal;parliament;2025-05-18;5.36;9.0;230.0;IL;Iniciativa Liberal;Liberal Initiative;6.0;;;;;2788.0;;;;;;;non far-right;2025
PRT;Portugal;parliament;2025-05-18;0.58;3.0;230.0;CDS-PP;Centro Democrático e Social – Partido Popular;Democratic and Social Centre -- People's Party;8.0222;;;;;251.0;;;;;;;non far-right;2025
PRT;Portugal;parliament;2025-05-18;22.76;60.0;230.0;CH;Chega;Enough;8.7;;;;;2789.0;;;1.0;1900.0;2100.0;2789.0;far-right;2025
PRT;Portugal;parliament;2025-05-18;1.29;0.0;230.0;ADN;Alternativa Democrática Nacional;National Democratic Alternative;;;;;;;;;;;;;non far-right;2025
BGR;Bulgaria;parliament;2026-04-19;44.59;131.0;;PB;Progresivna Balgariya;Progressive Bulgaria;;;;;;;;;;;;;non far-right;2026
BGR;Bulgaria;parliament;2026-04-19;13.39;39.0;;GERB-SDS;GERB-SDS;GERB-SDS;;;;;;;;;;;;;non far-right;2026
BGR;Bulgaria;parliament;2026-04-19;12.62;37.0;;PP-DB;Prodŭlzhavame promyanata – Demokratichna Bŭlgariya;We Continue the Change – Democratic Bulgaria;;;;;;;;;;;;;non far-right;2026
BGR;Bulgaria;parliament;2026-04-19;7.12;21.0;;DPS–NN;Dvizhenie za prava i svobodi;Movement for Rights and Freedoms;4.5828;;;;;1286.0;;;;;;;non far-right;2026
BGR;Bulgaria;parliament;2026-04-19;4.26;12.0;;R;Vazrazhdane;Revival;8.7;;;;;2640.0;;;1.0;1900.0;2100.0;2640.0;far-right;2026
BGR;Bulgaria;parliament;2026-04-19;3.23;0.0;;MECh;Moral, Edinstvo, Chest;Morality, Unity, Honour;;;;;;;;;;;;;non far-right;2026
BGR;Bulgaria;parliament;2026-04-19;3.1;0.0;;;Velichie;Greatness;;;;;;;;;;;;;far-right;2026
BGR;Bulgaria;parliament;2026-04-19;3.02;0.0;;BSP;Balgarska Sotsialisticheska Partiya;Bulgarian Socialist Party;3.0064;;;;;982.0;;;1.0;1900.0;2100.0;982.0;far-right;2026
BGR;Bulgaria;parliament;2026-04-19;2.89;0.0;;;Siyanie;Shine;;;;;;;;;;;;;non far-right;2026
BGR;Bulgaria;parliament;2026-04-19;1.57;0.0;;APS;Alians za prava i svobodi;Alliance for Rights and Freedoms;;;;;;;;;;;;;non far-right;2026
DNK;Denmark;parliament;2026-03-24;21.8;;179.0;Sd;Socialdemokraterne;Social Democrats;3.8011;;;;;1629.0;;;;;;;non far-right;2026
DNK;Denmark;parliament;2026-03-24;11.6;;179.0;SF;Socialistisk Folkeparti;Socialist Peoples Party;2.1347;;;;;1644.0;;;0.0;2100.0;2100.0;1644.0;non far-right;2026
DNK;Denmark;parliament;2026-03-24;10.1;;179.0;V;Venstre;Liberal Party;7.292;;;;;1605.0;;;;;;;non far-right;2026
DNK;Denmark;parliament;2026-03-24;9.4;;179.0;NLA;Ny-Liberal Alliance;New-Liberal Alliance;6.0;;;;;376.0;;;;;;;non far-right;2026
DNK;Denmark;parliament;2026-03-24;9.1;;179.0;DF;Dansk Folkeparti;Danish People's Party;8.2269;;;;;1418.0;;;1.0;1900.0;2100.0;1418.0;far-right;2026
DNK;Denmark;parliament;2026-03-24;7.7;;179.0;M;Moderaterne;Moderates;6.0;;;;;2887.0;;;;;;;non far-right;2026
DNK;Denmark;parliament;2026-03-24;7.6;;179.0;KF;Konservative;Conservatives;7.2186;;;;;590.0;;;;;;;non far-right;2026
DNK;Denmark;parliament;2026-03-24;6.3;;179.0;En-O;Enhedslisten – De Rød-Grønne;Red-Green Alliance;0.8912;;;;;306.0;;;0.0;2100.0;2100.0;306.0;non far-right;2026
DNK;Denmark;parliament;2026-03-24;5.8;;179.0;RV;Det Radikale Venstre;Danish Social Liberal Party;4.8736;;;;;211.0;;;;;;;non far-right;2026
DNK;Denmark;parliament;2026-03-24;5.8;;179.0;AE;Danmarksdemokraterne;Denmark Democrats;8.7;;;;;2888.0;;;;;;;non far-right;2026
DNK;Denmark;parliament;2026-03-24;2.6;;179.0;A;Alternativet;The Alternative;2.5;;;;;2567.0;;;;;;;non far-right;2026
DNK;Denmark;parliament;2026-03-24;2.1;;179.0;BP;Borgernes Parti;The Citizens' Party;;;;;;;;;;;;;far-right;2026
HUN;Hungary;parliament;2026-04-12;5.72;6.0;199.0;MHM;Mi Hazánk Mozgalom;Our Homeland Movement;8.7;;;;;2745.0;;;1.0;1900.0;2100.0;2745.0;far-right;2026
HUN;Hungary;parliament;2026-04-12;36.72;52.0;199.0;Fi+KDNP;Fidesz – Magyar Polgári Szövetség / Kereszténydemokrata Néppárt;Fidesz -- Hungarian Civic Party / Christian Democratic People's Party;6.5432;;;;;437.0;;;;;;;far-right;2026
HUN;Hungary;parliament;2026-04-12;55.26;141.0;199.0;TISZA;Tisztelet és Szabadság Párt;Respect and Freedom Party;;;;;;;;;;;;;non far-right;2026
MLT;Malta;parliament;2026-05-30;51.77;42.0;79.0;PL;Partit Laburista;Malta Labour Party;4.2105;;;;;1003.0;;;;;;;non far-right;2026
MLT;Malta;parliament;2026-05-30;1.54;0.0;79.0;Momentum;Partit Momentum;Momentum;;;;;;;;;;;;;non far-right;2026
MLT;Malta;parliament;2026-05-30;44.68;37.0;79.0;PN;Partit Nazzjonalista;Nationalist Party;5.7143;;;;;984.0;;;;;;;non far-right;2026
SVN;Slovenia;parliament;2026-03-22;28.2;28.0;90.0;SDS;Slovenska demokratska stranka;Slovenian Democratic Party;6.9996;60.0;1108.0;1025.0;1668.0;179.0;Slovenska Demokratska Stranka;SDS;1.0;2015.0;2100.0;179.0;far-right;2026
SVN;Slovenia;parliament;2026-03-22;5.6;5.0;90.0;Resni.ca;Resni.ca;Resni.ca;;60.0;1108.0;1025.0;1668.0;2885.0;;;;;;;non far-right;2026
SVN;Slovenia;parliament;2026-03-22;28.6;29.0;90.0;GS;Gibanje Svoboda;Freedom Movement;3.3;60.0;1108.0;1025.0;1668.0;2856.0;;;;;;;non far-right;2026
SVN;Slovenia;parliament;2026-03-22;;1.0;90.0;Mad;Madžarska narodna skupnost;Hungarian national community;;60.0;1108.0;1025.0;1668.0;65.0;;;;;;;non far-right;2026
SVN;Slovenia;parliament;2026-03-22;;1.0;90.0;Ita;Italijanska narodna skupnost;Italian national community;;60.0;1108.0;1025.0;1668.0;199.0;;;;;;;non far-right;2026
SVN;Slovenia;parliament;2026-03-22;5.4;5.0;90.0;L;Levica;The Left;1.3;60.0;1108.0;1025.0;1668.0;2670.0;Levica;Levica;0.0;2100.0;2100.0;2670.0;non far-right;2026
SVN;Slovenia;parliament;2026-03-22;6.7;6.0;90.0;ZL-SD;Združena lista – Socialni demokrati;United List -- Social Democrats;3.0637;60.0;1108.0;1025.0;1668.0;706.0;Združena levica;ZL;0.0;2100.0;2100.0;706.0;non far-right;2026
SVN;Slovenia;parliament;2026-03-22;9.3;9.0;90.0;NSI;Nova Slovenija – Krščanska ljudska stranka;New Slovenia -- Christian People's Party;7.9345;60.0;1108.0;1025.0;1668.0;1047.0;Nova Slovenija – Krščanski Demokrati;N.Si;1.0;1900.0;2100.0;1047.0;far-right;2026
SVN;Slovenia;parliament;2026-03-22;6.7;6.0;90.0;Demokrati.;DEMOKRATI. ANŽETA LOGARJA;Democrats;;;;;;;;;;;;;non far-right;2026
;Austria;;1994-10-09;0.7000000000000028;;;;;Other;;;;;;;;;;;;;other;1994
;Austria;;1995-12-17;0.29999999999999716;;;;;Other;;;;;;;;;;;;;other;1995
;Austria;;1999-10-03;0.8999999999999915;;;;;Other;;;;;;;;;;;;;other;1999
;Austria;;2002-11-24;0.7299999999999898;;;;;Other;;;;;;;;;;;;;other;2002
;Austria;;2006-10-01;0.4000000000000199;;;;;Other;;;;;;;;;;;;;other;2006
;Austria;;2008-09-28;2.239999999999995;;;;;Other;;;;;;;;;;;;;other;2008
;Austria;;2013-09-29;1.0999999999999943;;;;;Other;;;;;;;;;;;;;other;2013
;Austria;;2017-10-15;1.0999999999999943;;;;;Other;;;;;;;;;;;;;other;2017
;Austria;;2019-09-29;1.2000000000000028;;;;;Other;;;;;;;;;;;;;other;2019
;Austria;;2024-09-29;1.9599999999999937;;;;;Other;;;;;;;;;;;;;other;2024
;Belgium;;1995-05-21;3.3699999999999903;;;;;Other;;;;;;;;;;;;;other;1995
;Belgium;;1999-06-13;2.6099999999999994;;;;;Other;;;;;;;;;;;;;other;1999
;Belgium;;2003-05-18;4.429999999999993;;;;;Other;;;;;;;;;;;;;other;2003
;Belgium;;2007-06-10;2.0;;;;;Other;;;;;;;;;;;;;other;2007
;Belgium;;2010-06-13;3.2800000000000153;;;;;Other;;;;;;;;;;;;;other;2010
;Belgium;;2014-05-25;3.0400000000000063;;;;;Other;;;;;;;;;;;;;other;2014
;Belgium;;2019-05-26;2.969999999999999;;;;;Other;;;;;;;;;;;;;other;2019
;Belgium;;2024-06-09;4.269999999999982;;;;;Other;;;;;;;;;;;;;other;2024
;Bulgaria;;1994-12-18;5.959999999999994;;;;;Other;;;;;;;;;;;;;other;1994
;Bulgaria;;1997-04-19;7.550000000000011;;;;;Other;;;;;;;;;;;;;other;1997
;Bulgaria;;2001-06-18;5.710000000000008;;;;;Other;;;;;;;;;;;;;other;2001
;Bulgaria;;2005-06-25;3.4099999999999966;;;;;Other;;;;;;;;;;;;;other;2005
;Bulgaria;;2009-07-05;1.6000000000000085;;;;;Other;;;;;;;;;;;;;other;2009
;Bulgaria;;2013-05-12;4.7409999999999854;;;;;Other;;;;;;;;;;;;;other;2013
;Bulgaria;;2014-10-05;4.230000000000004;;;;;Other;;;;;;;;;;;;;other;2014
;Bulgaria;;2017-03-26;1.4399999999999835;;;;;Other;;;;;;;;;;;;;other;2017
;Bulgaria;;2021-04-04;3.760000000000005;;;;;Other;;;;;;;;;;;;;other;2021
;Bulgaria;;2021-07-11;2.7299999999999756;;;;;Other;;;;;;;;;;;;;other;2021
;Bulgaria;;2021-11-14;4.3500000000000085;;;;;Other;;;;;;;;;;;;;other;2021
;Bulgaria;;2022-10-02;4.319999999999993;;;;;Other;;;;;;;;;;;;;other;2022
;Bulgaria;;2023-04-02;6.740000000000009;;;;;Other;;;;;;;;;;;;;other;2023
;Bulgaria;;2024-06-09;5.240000000000009;;;;;Other;;;;;;;;;;;;;other;2024
;Bulgaria;;2024-10-27;3.010000000000005;;;;;Other;;;;;;;;;;;;;other;2024
;Bulgaria;;2026-04-19;4.210000000000008;;;;;Other;;;;;;;;;;;;;other;2026
;Croatia;;2000-01-03;7.400000000000006;;;;;Other;;;;;;;;;;;;;other;2000
;Croatia;;2003-11-23;8.599999999999994;;;;;Other;;;;;;;;;;;;;other;2003
;Croatia;;2007-11-25;7.999999999999986;;;;;Other;;;;;;;;;;;;;other;2007
;Croatia;;2011-12-04;16.939999999999998;;;;;Other;;;;;;;;;;;;;other;2011
;Croatia;;2015-11-08;4.0;;;;;Other;;;;;;;;;;;;;other;2015
;Croatia;;2016-09-11;7.909999999999997;;;;;Other;;;;;;;;;;;;;other;2016
;Croatia;;2020-07-05;2.5;;;;;Other;;;;;;;;;;;;;other;2020
;Croatia;;2024-04-17;4.6200000000000045;;;;;Other;;;;;;;;;;;;;other;2024
;Cyprus;;1996-05-26;0.19999999999998863;;;;;Other;;;;;;;;;;;;;other;1996
;Cyprus;;2001-05-27;0.19999999999998863;;;;;Other;;;;;;;;;;;;;other;2001
;Cyprus;;2006-05-21;1.2199999999999989;;;;;Other;;;;;;;;;;;;;other;2006
;Cyprus;;2011-05-22;1.1899999999999977;;;;;Other;;;;;;;;;;;;;other;2011
;Cyprus;;2016-05-22;2.0400000000000063;;;;;Other;;;;;;;;;;;;;other;2016
;Cyprus;;2021-05-30;1.0;;;;;Other;;;;;;;;;;;;;other;2021
;Cyprus;;2026-05-24;5.299999999999997;;;;;Other;;;;;;;;;;;;;other;2026
;Czech Republic;;1996-06-01;1.819999999999979;;;;;Other;;;;;;;;;;;;;other;1996
;Czech Republic;;1998-06-20;1.7900000000000063;;;;;Other;;;;;;;;;;;;;other;1998
;Czech Republic;;2002-06-15;7.409999999999997;;;;;Other;;;;;;;;;;;;;other;2002
;Czech Republic;;2006-06-03;3.8999999999999915;;;;;Other;;;;;;;;;;;;;other;2006
;Czech Republic;;2010-05-29;2.8800000000000097;;;;;Other;;;;;;;;;;;;;other;2010
;Czech Republic;;2013-10-25;2.799999999999997;;;;;Other;;;;;;;;;;;;;other;2013
;Czech Republic;;2017-10-21;3.269999999999982;;;;;Other;;;;;;;;;;;;;other;2017
;Czech Republic;;2021-10-09;1.8700000000000045;;;;;Other;;;;;;;;;;;;;other;2021
;Czech Republic;;2025-10-04;6.220000000000013;;;;;Other;;;;;;;;;;;;;other;2025
;Denmark;;1994-09-21;0.10000000000000853;;;;;Other;;;;;;;;;;;;;other;1994
;Denmark;;1998-03-11;0.09999999999999432;;;;;Other;;;;;;;;;;;;;other;1998
;Denmark;;2005-02-08;0.29999999999998295;;;;;Other;;;;;;;;;;;;;other;2005
;Denmark;;2011-09-15;0.12000000000000455;;;;;Other;;;;;;;;;;;;;other;2011
;Denmark;;2019-06-05;1.0;;;;;Other;;;;;;;;;;;;;other;2019
;Denmark;;2022-11-01;0.7000000000000028;;;;;Other;;;;;;;;;;;;;other;2022
;Denmark;;2026-03-24;0.10000000000002274;;;;;Other;;;;;;;;;;;;;other;2026
;Estonia;;1995-03-05;2.730000000000018;;;;;Other;;;;;;;;;;;;;other;1995
;Estonia;;1999-03-07;2.3299999999999983;;;;;Other;;;;;;;;;;;;;other;1999
;Estonia;;2003-03-02;1.7000000000000028;;;;;Other;;;;;;;;;;;;;other;2003
;Estonia;;2007-03-04;0.6999999999999886;;;;;Other;;;;;;;;;;;;;other;2007
;Estonia;;2011-03-06;4.6000000000000085;;;;;Other;;;;;;;;;;;;;other;2011
;Estonia;;2015-03-01;0.8599999999999994;;;;;Other;;;;;;;;;;;;;other;2015
;Estonia;;2019-03-03;0.4000000000000057;;;;;Other;;;;;;;;;;;;;other;2019
;Estonia;;2023-03-05;0.8999999999999915;;;;;Other;;;;;;;;;;;;;other;2023
;Finland;;1995-03-19;2.3900000000000006;;;;;Other;;;;;;;;;;;;;other;1995
;Finland;;1999-03-21;2.6999999999999886;;;;;Other;;;;;;;;;;;;;other;1999
;Finland;;2003-03-16;1.6000000000000227;;;;;Other;;;;;;;;;;;;;other;2003
;Finland;;2007-03-18;1.200000000000017;;;;;Other;;;;;;;;;;;;;other;2007
;Finland;;2011-04-17;1.1999999999999886;;;;;Other;;;;;;;;;;;;;other;2011
;Finland;;2015-04-19;1.0500000000000114;;;;;Other;;;;;;;;;;;;;other;2015
;Finland;;2019-04-14;2.299999999999997;;;;;Other;;;;;;;;;;;;;other;2019
;Finland;;2023-04-02;2.030000000000001;;;;;Other;;;;;;;;;;;;;other;2023
;France;;1997-06-01;0.10000000000000853;;;;;Other;;;;;;;;;;;;;other;1997
;France;;2002-06-16;1.6200000000000045;;;;;Other;;;;;;;;;;;;;other;2002
;France;;2007-06-17;3.029999999999987;;;;;Other;;;;;;;;;;;;;other;2007
;France;;2012-06-17;1.480000000000004;;;;;Other;;;;;;;;;;;;;other;2012
;France;;2017-06-18;3.1099999999999994;;;;;Other;;;;;;;;;;;;;other;2017
;France;;2022-06-19;0.7900000000000063;;;;;Other;;;;;;;;;;;;;other;2022
;France;;2024-07-07;3.2299999999999898;;;;;Other;;;;;;;;;;;;;other;2024
;Germany;;1994-10-16;1.5999999999999943;;;;;Other;;;;;;;;;;;;;other;1994
;Germany;;1998-09-27;3.0;;;;;Other;;;;;;;;;;;;;other;1998
;Germany;;2002-09-22;2.4000000000000057;;;;;Other;;;;;;;;;;;;;other;2002
;Germany;;2005-09-18;2.4000000000000057;;;;;Other;;;;;;;;;;;;;other;2005
;Germany;;2009-09-27;2.5;;;;;Other;;;;;;;;;;;;;other;2009
;Germany;;2013-09-22;2.8000000000000114;;;;;Other;;;;;;;;;;;;;other;2013
;Germany;;2017-09-24;3.1000000000000085;;;;;Other;;;;;;;;;;;;;other;2017
;Germany;;2021-09-26;2.3999999999999915;;;;;Other;;;;;;;;;;;;;other;2021
;Germany;;2025-02-23;4.469999999999999;;;;;Other;;;;;;;;;;;;;other;2025
;Greece;;1996-09-22;2.2900000000000063;;;;;Other;;;;;;;;;;;;;other;1996
;Greece;;2000-04-09;2.0600000000000023;;;;;Other;;;;;;;;;;;;;other;2000
;Greece;;2004-03-07;0.9500000000000028;;;;;Other;;;;;;;;;;;;;other;2004
;Greece;;2007-09-16;2.019999999999996;;;;;Other;;;;;;;;;;;;;other;2007
;Greece;;2009-10-04;2.3100000000000023;;;;;Other;;;;;;;;;;;;;other;2009
;Greece;;2012-05-06;5.490000000000009;;;;;Other;;;;;;;;;;;;;other;2012
;Greece;;2012-06-17;2.8100000000000023;;;;;Other;;;;;;;;;;;;;other;2012
;Greece;;2015-01-25;1.5700000000000074;;;;;Other;;;;;;;;;;;;;other;2015
;Greece;;2015-09-20;3.549999999999997;;;;;Other;;;;;;;;;;;;;other;2015
;Greece;;2019-07-07;2.450000000000003;;;;;Other;;;;;;;;;;;;;other;2019
;Greece;;2023-05-21;6.9199999999999875;;;;;Other;;;;;;;;;;;;;other;2023
;Greece;;2023-06-25;3.589999999999989;;;;;Other;;;;;;;;;;;;;other;2023
;Hungary;;1994-05-29;2.75;;;;;Other;;;;;;;;;;;;;other;1994
;Hungary;;2002-04-21;0.8799999999999955;;;;;Other;;;;;;;;;;;;;other;2002
;Hungary;;2006-04-09;1.0999999999999943;;;;;Other;;;;;;;;;;;;;other;2006
;Hungary;;2010-04-25;1.6400000000000006;;;;;Other;;;;;;;;;;;;;other;2010
;Hungary;;2014-04-06;3.4399999999999977;;;;;Other;;;;;;;;;;;;;other;2014
;Hungary;;2018-04-08;1.4099999999999966;;;;;Other;;;;;;;;;;;;;other;2018
;Hungary;;2026-04-12;2.3000000000000114;;;;;Other;;;;;;;;;;;;;other;2026
;Ireland;;1997-06-06;8.049999999999997;;;;;Other;;;;;;;;;;;;;other;1997
;Ireland;;2002-05-17;9.429999999999993;;;;;Other;;;;;;;;;;;;;other;2002
;Ireland;;2007-05-24;5.990000000000009;;;;;Other;;;;;;;;;;;;;other;2007
;Ireland;;2011-02-25;0.36000000000001364;;;;;Other;;;;;;;;;;;;;other;2011
;Ireland;;2016-02-26;0.6400000000000006;;;;;Other;;;;;;;;;;;;;other;2016
;Ireland;;2020-02-08;0.6499999999999915;;;;;Other;;;;;;;;;;;;;other;2020
;Italy;;1994-03-27;2.700000000000017;;;;;Other;;;;;;;;;;;;;other;1994
;Italy;;1996-04-21;2.1200000000000045;;;;;Other;;;;;;;;;;;;;other;1996
;Italy;;2001-05-13;1.2600000000000051;;;;;Other;;;;;;;;;;;;;other;2001
;Italy;;2006-04-09;3.730000000000004;;;;;Other;;;;;;;;;;;;;other;2006
;Italy;;2008-04-13;1.6500000000000057;;;;;Other;;;;;;;;;;;;;other;2008
;Italy;;2013-02-25;0.9500000000000028;;;;;Other;;;;;;;;;;;;;other;2013
;Italy;;2018-03-04;1.480000000000004;;;;;Other;;;;;;;;;;;;;other;2018
;Italy;;2022-09-25;1.7099999999999937;;;;;Other;;;;;;;;;;;;;other;2022
;Latvia;;1995-10-01;1.5699999999999932;;;;;Other;;;;;;;;;;;;;other;1995
;Latvia;;1998-10-03;3.779999999999987;;;;;Other;;;;;;;;;;;;;other;1998
;Latvia;;2002-10-05;2.9000000000000057;;;;;Other;;;;;;;;;;;;;other;2002
;Latvia;;2006-10-07;3.0500000000000114;;;;;Other;;;;;;;;;;;;;other;2006
;Latvia;;2010-10-02;4.250000000000014;;;;;Other;;;;;;;;;;;;;other;2010
;Latvia;;2011-09-17;3.469999999999999;;;;;Other;;;;;;;;;;;;;other;2011
;Latvia;;2014-10-04;2.719999999999999;;;;;Other;;;;;;;;;;;;;other;2014
;Latvia;;2018-10-06;2.2299999999999898;;;;;Other;;;;;;;;;;;;;other;2018
;Latvia;;2022-10-01;1.789999999999992;;;;;Other;;;;;;;;;;;;;other;2022
;Lithuania;;1996-10-20;3.8299999999999983;;;;;Other;;;;;;;;;;;;;other;1996
;Lithuania;;2000-10-08;1.3599999999999994;;;;;Other;;;;;;;;;;;;;other;2000
;Lithuania;;2004-10-24;1.8900000000000006;;;;;Other;;;;;;;;;;;;;other;2004
;Lithuania;;2008-10-12;2.470000000000013;;;;;Other;;;;;;;;;;;;;other;2008
;Lithuania;;2012-10-14;6.920000000000002;;;;;Other;;;;;;;;;;;;;other;2012
;Lithuania;;2016-10-09;0.8500000000000227;;;;;Other;;;;;;;;;;;;;other;2016
;Lithuania;;2020-10-11;2.5600000000000023;;;;;Other;;;;;;;;;;;;;other;2020
;Lithuania;;2024-10-27;2.6899999999999977;;;;;Other;;;;;;;;;;;;;other;2024
;Luxembourg;;1994-06-12;2.240000000000009;;;;;Other;;;;;;;;;;;;;other;1994
;Luxembourg;;1999-06-13;0.6400000000000006;;;;;Other;;;;;;;;;;;;;other;1999
;Luxembourg;;2004-06-13;0.0799999999999983;;;;;Other;;;;;;;;;;;;;other;2004
;Luxembourg;;2009-06-07;0.819999999999979;;;;;Other;;;;;;;;;;;;;other;2009
;Luxembourg;;2018-10-14;6.689999999999998;;;;;Other;;;;;;;;;;;;;other;2018
;Luxembourg;;2023-10-08;1.0699999999999932;;;;;Other;;;;;;;;;;;;;other;2023
;Malta;;1996-10-26;0.04000000000000625;;;;;Other;;;;;;;;;;;;;other;1996
;Malta;;1998-09-05;0.009999999999990905;;;;;Other;;;;;;;;;;;;;other;1998
;Malta;;2003-04-12;0.01999999999999602;;;;;Other;;;;;;;;;;;;;other;2003
;Malta;;2008-03-08;0.5600000000000023;;;;;Other;;;;;;;;;;;;;other;2008
;Malta;;2013-03-09;0.030000000000001137;;;;;Other;;;;;;;;;;;;;other;2013
;Malta;;2017-06-03;0.45000000000000284;;;;;Other;;;;;;;;;;;;;other;2017
;Malta;;2022-03-26;1.539999999999992;;;;;Other;;;;;;;;;;;;;other;2022
;Malta;;2026-05-30;2.009999999999991;;;;;Other;;;;;;;;;;;;;other;2026
;Netherlands;;1994-05-03;1.4100000000000108;;;;;Other;;;;;;;;;;;;;other;1994
;Netherlands;;1998-05-06;2.489999999999995;;;;;Other;;;;;;;;;;;;;other;1998
;Netherlands;;2002-05-15;0.28999999999999204;;;;;Other;;;;;;;;;;;;;other;2002
;Netherlands;;2003-01-22;0.8099999999999881;;;;;Other;;;;;;;;;;;;;other;2003
;Netherlands;;2006-11-22;0.6000000000000085;;;;;Other;;;;;;;;;;;;;other;2006
;Netherlands;;2010-06-09;0.5400000000000063;;;;;Other;;;;;;;;;;;;;other;2010
;Netherlands;;2012-09-12;0.6300000000000097;;;;;Other;;;;;;;;;;;;;other;2012
;Netherlands;;2017-03-15;0.9999999999999858;;;;;Other;;;;;;;;;;;;;other;2017
;Netherlands;;2021-03-17;1.5800000000000125;;;;;Other;;;;;;;;;;;;;other;2021
;Netherlands;;2025-10-29;1.2999999999999972;;;;;Other;;;;;;;;;;;;;other;2025
;Norway;;1997-09-16;1.2000000000000028;;;;;Other;;;;;;;;;;;;;other;1997
;Norway;;2001-09-10;2.3999999999999915;;;;;Other;;;;;;;;;;;;;other;2001
;Norway;;2005-09-12;1.8999999999999915;;;;;Other;;;;;;;;;;;;;other;2005
;Norway;;2009-09-14;1.3000000000000114;;;;;Other;;;;;;;;;;;;;other;2009
;Norway;;2013-09-09;2.8000000000000114;;;;;Other;;;;;;;;;;;;;other;2013
;Norway;;2017-09-11;1.4999999999999858;;;;;Other;;;;;;;;;;;;;other;2017
;Norway;;2021-09-13;2.3000000000000114;;;;;Other;;;;;;;;;;;;;other;2021
;Norway;;2025-09-08;4.5;;;;;Other;;;;;;;;;;;;;other;2025
;Poland;;1997-09-21;0.45700000000002206;;;;;Other;;;;;;;;;;;;;other;1997
;Poland;;2001-09-23;0.5599999999999881;;;;;Other;;;;;;;;;;;;;other;2001
;Poland;;2005-09-25;1.9500000000000028;;;;;Other;;;;;;;;;;;;;other;2005
;Poland;;2007-10-19;1.289999999999992;;;;;Other;;;;;;;;;;;;;other;2007
;Poland;;2011-10-09;0.8699999999999903;;;;;Other;;;;;;;;;;;;;other;2011
;Poland;;2015-10-25;0.6800000000000068;;;;;Other;;;;;;;;;;;;;other;2015
;Poland;;2019-10-13;0.18999999999999773;;;;;Other;;;;;;;;;;;;;other;2019
;Poland;;2023-10-15;0.1599999999999966;;;;;Other;;;;;;;;;;;;;other;2023
;Portugal;;1995-10-01;1.9300000000000068;;;;;Other;;;;;;;;;;;;;other;1995
;Portugal;;1999-10-10;1.1300000000000097;;;;;Other;;;;;;;;;;;;;other;1999
;Portugal;;2002-03-17;1.0;;;;;Other;;;;;;;;;;;;;other;2002
;Portugal;;2005-02-20;1.3300000000000125;;;;;Other;;;;;;;;;;;;;other;2005
;Portugal;;2009-09-27;2.2700000000000102;;;;;Other;;;;;;;;;;;;;other;2009
;Portugal;;2011-06-05;2.3700000000000045;;;;;Other;;;;;;;;;;;;;other;2011
;Portugal;;2015-10-04;3.6700000000000017;;;;;Other;;;;;;;;;;;;;other;2015
;Portugal;;2019-10-06;3.3499999999999943;;;;;Other;;;;;;;;;;;;;other;2019
;Portugal;;2022-01-30;2.200000000000003;;;;;Other;;;;;;;;;;;;;other;2022
;Portugal;;2024-03-10;5.930000000000007;;;;;Other;;;;;;;;;;;;;other;2024
;Portugal;;2025-05-18;5.289999999999992;;;;;Other;;;;;;;;;;;;;other;2025
;Romania;;1996-11-03;10.489999999999995;;;;;Other;;;;;;;;;;;;;other;1996
;Romania;;2000-11-26;11.299999999999997;;;;;Other;;;;;;;;;;;;;other;2000
;Romania;;2004-11-28;8.900000000000006;;;;;Other;;;;;;;;;;;;;other;2004
;Romania;;2008-11-30;4.389999999999986;;;;;Other;;;;;;;;;;;;;other;2008
;Romania;;2012-12-09;4.489999999999995;;;;;Other;;;;;;;;;;;;;other;2012
;Romania;;2016-12-11;4.6200000000000045;;;;;Other;;;;;;;;;;;;;other;2016
;Romania;;2020-12-06;4.680000000000007;;;;;Other;;;;;;;;;;;;;other;2020
;Romania;;2024-12-01;4.920000000000002;;;;;Other;;;;;;;;;;;;;other;2024
;Slovakia;;1994-10-01;1.1099999999999994;;;;;Other;;;;;;;;;;;;;other;1994
;Slovakia;;1998-09-26;1.7199999999999989;;;;;Other;;;;;;;;;;;;;other;1998
;Slovakia;;2002-09-21;4.810000000000002;;;;;Other;;;;;;;;;;;;;other;2002
;Slovakia;;2006-06-17;3.2299999999999898;;;;;Other;;;;;;;;;;;;;other;2006
;Slovakia;;2010-06-12;3.5500000000000114;;;;;Other;;;;;;;;;;;;;other;2010
;Slovakia;;2012-03-10;4.859999999999999;;;;;Other;;;;;;;;;;;;;other;2012
;Slovakia;;2016-03-06;4.180000000000007;;;;;Other;;;;;;;;;;;;;other;2016
;Slovakia;;2020-02-29;1.779999999999987;;;;;Other;;;;;;;;;;;;;other;2020
;Slovakia;;2023-09-30;2.440000000000012;;;;;Other;;;;;;;;;;;;;other;2023
;Slovenia;;1996-11-10;4.639999999999986;;;;;Other;;;;;;;;;;;;;other;1996
;Slovenia;;2000-10-15;2.8500000000000085;;;;;Other;;;;;;;;;;;;;other;2000
;Slovenia;;2004-10-03;3.0600000000000023;;;;;Other;;;;;;;;;;;;;other;2004
;Slovenia;;2008-09-21;2.4399999999999977;;;;;Other;;;;;;;;;;;;;other;2008
;Slovenia;;2011-12-04;3.230000000000004;;;;;Other;;;;;;;;;;;;;other;2011
;Slovenia;;2014-07-13;2.239999999999995;;;;;Other;;;;;;;;;;;;;other;2014
;Slovenia;;2018-06-03;4.719999999999985;;;;;Other;;;;;;;;;;;;;other;2018
;Slovenia;;2022-04-22;1.7199999999999989;;;;;Other;;;;;;;;;;;;;other;2022
;Slovenia;;2026-03-22;9.5;;;;;Other;;;;;;;;;;;;;other;2026
;Spain;;1996-03-03;1.6899999999999835;;;;;Other;;;;;;;;;;;;;other;1996
;Spain;;2000-03-12;2.9199999999999875;;;;;Other;;;;;;;;;;;;;other;2000
;Spain;;2004-03-14;2.510000000000005;;;;;Other;;;;;;;;;;;;;other;2004
;Spain;;2008-03-09;3.049999999999997;;;;;Other;;;;;;;;;;;;;other;2008
;Spain;;2011-11-20;6.670000000000002;;;;;Other;;;;;;;;;;;;;other;2011
;Spain;;2015-12-20;3.0999999999999943;;;;;Other;;;;;;;;;;;;;other;2015
;Spain;;2016-06-26;2.030000000000001;;;;;Other;;;;;;;;;;;;;other;2016
;Spain;;2019-04-28;2.8300000000000125;;;;;Other;;;;;;;;;;;;;other;2019
;Spain;;2019-11-10;2.0100000000000193;;;;;Other;;;;;;;;;;;;;other;2019
;Spain;;2023-07-23;3.279999999999987;;;;;Other;;;;;;;;;;;;;other;2023
;Sweden;;1994-09-18;0.9000000000000057;;;;;Other;;;;;;;;;;;;;other;1994
;Sweden;;1998-09-20;1.6500000000000057;;;;;Other;;;;;;;;;;;;;other;1998
;Sweden;;2002-09-15;1.6599999999999966;;;;;Other;;;;;;;;;;;;;other;2002
;Sweden;;2006-09-17;2.799999999999997;;;;;Other;;;;;;;;;;;;;other;2006
;Sweden;;2010-09-19;0.7700000000000102;;;;;Other;;;;;;;;;;;;;other;2010
;Sweden;;2014-09-14;0.9699999999999989;;;;;Other;;;;;;;;;;;;;other;2014
;Sweden;;2018-09-09;1.079999999999984;;;;;Other;;;;;;;;;;;;;other;2018
;Sweden;;2022-09-11;1.1000000000000085;;;;;Other;;;;;;;;;;;;;other;2022
;Sweden;;2026-09-13;0.010000000000005116;;;;;Other;;;;;;;;;;;;;other;2026
;Switzerland;;1995-10-22;2.4000000000000057;;;;;Other;;;;;;;;;;;;;other;1995
;Switzerland;;1999-10-24;2.3499999999999943;;;;;Other;;;;;;;;;;;;;other;1999
;Switzerland;;2003-10-19;1.3999999999999915;;;;;Other;;;;;;;;;;;;;other;2003
;Switzerland;;2007-10-21;2.5;;;;;Other;;;;;;;;;;;;;other;2007
;Switzerland;;2011-10-23;3.5800000000000125;;;;;Other;;;;;;;;;;;;;other;2011
;Switzerland;;2015-10-18;2.4599999999999937;;;;;Other;;;;;;;;;;;;;other;2015
;Switzerland;;2019-10-20;2.4399999999999977;;;;;Other;;;;;;;;;;;;;other;2019
;Switzerland;;2023-10-22;3.9199999999999875;;;;;Other;;;;;;;;;;;;;other;2023
;United Kingdom;;1997-05-01;1.9599999999999937;;;;;Other;;;;;;;;;;;;;other;1997
;United Kingdom;;2001-06-07;2.5;;;;;Other;;;;;;;;;;;;;other;2001
;United Kingdom;;2005-05-05;2.3000000000000114;;;;;Other;;;;;;;;;;;;;other;2005
;United Kingdom;;2010-05-06;1.8599999999999994;;;;;Other;;;;;;;;;;;;;other;2010
;United Kingdom;;2015-05-07;0.37999999999998124;;;;;Other;;;;;;;;;;;;;other;2015
;United Kingdom;;2017-06-08;1.079999999999984;;;;;Other;;;;;;;;;;;;;other;2017
;United Kingdom;;2019-12-12;1.470000000000013;;;;;Other;;;;;;;;;;;;;other;2019
;United Kingdom;;2024-07-04;3.999999999999986;;;;;Other;;;;;;;;;;;;;other;2024
